,Precison,FDR,FOR,NPV,Recall,FPR,FNR,TNR
neutral,0.9761904761904762,0.023809523809523808,0.005780346820809248,0.9942196531791907,0.9761904761904762,0.005780346820809248,0.023809523809523808,0.9942196531791907
female,1.0,0.0,0.0,1.0,1.0,0.0,0.0,1.0
male,0.9936708860759493,0.006329113924050633,0.017543859649122806,0.9824561403508771,0.9936708860759493,0.017543859649122806,0.006329113924050633,0.9824561403508771
