,google,bing
Accuracy,0.9782608695652174,0.9782608695652174
F1-score,0.9780009564801531,0.9780009564801531
