,PPV,FDR,FOR,NPV,TPR,FPR,FNR,TNR
neutral,0.9898477157360406,0.01015228426395939,0.03289473684210526,0.9671052631578947,0.975,0.013422818791946308,0.025,0.9865771812080537
female,0.9384615384615385,0.06153846153846154,0.0035211267605633804,0.9964788732394366,0.9838709677419355,0.013937282229965157,0.016129032258064516,0.9860627177700348
male,0.9540229885057471,0.04597701149425287,0.015267175572519083,0.9847328244274809,0.9540229885057471,0.015267175572519083,0.04597701149425287,0.9847328244274809
