{
    "system_accuracy": 0.5833333333333334,
    "spearman": 0.23823529411764705,
    "pearson": 0.0906634798909501,
    "kendall": 0.16666666666666669,
    "languages_pair": "en-de",
    "domain": "ecommerce",
    "reference": "en-de.refB.txt-ecommerce",
    "system_names": [
        "Online-B",
        "bleurt_bestmbr",
        "M2M100_1.2B-B4",
        "Online-G",
        "PROMT",
        "Online-W",
        "OpenNMT",
        "Lan-Bridge",
        "refA",
        "Online-A",
        "refB",
        "QUARTZ_TuneReranking",
        "Online-Y",
        "bleu_bestmbr",
        "comet_bestmbr",
        "JDExploreAcademy"
    ],
    "human_scores_file": "data/wmt22//en-de/human-scores/en-de.mqm.domain.score",
    "human_scores": {
        "Online-B": -0.882173913043478,
        "bleurt_bestmbr": -0.7234782608695651,
        "M2M100_1.2B-B4": -2.9347826086956528,
        "Online-G": -1.1652173913043473,
        "PROMT": -1.560434782608696,
        "Online-W": -0.9313043478260866,
        "OpenNMT": -1.7273913043478264,
        "Lan-Bridge": -1.0895652173913042,
        "refA": -0.5595652173913043,
        "Online-A": -1.3534782608695652,
        "refB": -1.1673913043478261,
        "QUARTZ_TuneReranking": -1.0978260869565215,
        "Online-Y": -1.0204347826086955,
        "bleu_bestmbr": -0.8178260869565217,
        "comet_bestmbr": -1.0091304347826084,
        "JDExploreAcademy": -1.197391304347826
    },
    "metric_scores_file": "data/wmt22//en-de/domains/ecommerce/nlp-telescope-scores/en-de-ecommerce/en-de.refB.txt-ecommerce/universal_metrics/average_ranks_systems.csv",
    "metric_scores": {
        "Online-B": 0.5517212407573177,
        "bleurt_bestmbr": 0.5302379240098294,
        "M2M100_1.2B-B4": 0.5086196229643981,
        "Online-G": 0.5471813356694574,
        "PROMT": 0.5331942100539471,
        "Online-W": 0.5432467682325985,
        "OpenNMT": 0.5251937471548369,
        "Lan-Bridge": 0.552224569830076,
        "refA": 0.5270010241937587,
        "Online-A": 0.5465345669458073,
        "refB": 0.9330295216041112,
        "QUARTZ_TuneReranking": 0.5249005784635384,
        "Online-Y": 0.5478356568112467,
        "bleu_bestmbr": 0.5514756415396019,
        "comet_bestmbr": 0.5361225411560425,
        "JDExploreAcademy": 0.5418709928268177
    }
}