{
    "system_accuracy": 0.5583333333333333,
    "spearman": 0.11470588235294117,
    "pearson": 0.1369828297595825,
    "kendall": 0.11666666666666665,
    "languages_pair": "en-de",
    "domain": "ecommerce",
    "reference": "en-de.refB.txt-ecommerce",
    "system_names": [
        "Online-B",
        "bleurt_bestmbr",
        "M2M100_1.2B-B4",
        "Online-G",
        "PROMT",
        "Online-W",
        "OpenNMT",
        "Lan-Bridge",
        "refA",
        "Online-A",
        "refB",
        "QUARTZ_TuneReranking",
        "Online-Y",
        "bleu_bestmbr",
        "comet_bestmbr",
        "JDExploreAcademy"
    ],
    "human_scores_file": "data/wmt22//en-de/human-scores/en-de.mqm.domain.score",
    "human_scores": {
        "Online-B": -0.882173913043478,
        "bleurt_bestmbr": -0.7234782608695651,
        "M2M100_1.2B-B4": -2.9347826086956528,
        "Online-G": -1.1652173913043473,
        "PROMT": -1.560434782608696,
        "Online-W": -0.9313043478260866,
        "OpenNMT": -1.7273913043478264,
        "Lan-Bridge": -1.0895652173913042,
        "refA": -0.5595652173913043,
        "Online-A": -1.3534782608695652,
        "refB": -1.1673913043478261,
        "QUARTZ_TuneReranking": -1.0978260869565215,
        "Online-Y": -1.0204347826086955,
        "bleu_bestmbr": -0.8178260869565217,
        "comet_bestmbr": -1.0091304347826084,
        "JDExploreAcademy": -1.197391304347826
    },
    "metric_scores_file": "data/wmt22//en-de/domains/ecommerce/nlp-telescope-scores/en-de-ecommerce/en-de.refB.txt-ecommerce/results.csv",
    "metric_scores": {
        "Online-B": 0.8962009590751719,
        "bleurt_bestmbr": 0.8785061134482329,
        "M2M100_1.2B-B4": 0.8715276233430179,
        "Online-G": 0.8938158090384501,
        "PROMT": 0.8865764846216958,
        "Online-W": 0.8900784861366704,
        "OpenNMT": 0.8810472487278704,
        "Lan-Bridge": 0.8953489980607663,
        "refA": 0.8800664824134898,
        "Online-A": 0.8922423603399745,
        "refB": 0.9999999980881528,
        "QUARTZ_TuneReranking": 0.879241089550954,
        "Online-Y": 0.893597796503103,
        "bleu_bestmbr": 0.8960539113800481,
        "comet_bestmbr": 0.8830143198652087,
        "JDExploreAcademy": 0.8910118746307661
    }
}