{
    "system_accuracy": 0.55,
    "spearman": 0.07352941176470588,
    "pearson": 0.062126676101223424,
    "kendall": 0.09999999999999999,
    "languages_pair": "en-de",
    "domain": "ecommerce",
    "reference": "en-de.refB.txt-ecommerce",
    "system_names": [
        "Online-B",
        "bleurt_bestmbr",
        "M2M100_1.2B-B4",
        "Online-G",
        "PROMT",
        "Online-W",
        "OpenNMT",
        "Lan-Bridge",
        "refA",
        "Online-A",
        "refB",
        "QUARTZ_TuneReranking",
        "Online-Y",
        "bleu_bestmbr",
        "comet_bestmbr",
        "JDExploreAcademy"
    ],
    "human_scores_file": "data/wmt22//en-de/human-scores/en-de.mqm.domain.score",
    "human_scores": {
        "Online-B": -0.882173913043478,
        "bleurt_bestmbr": -0.7234782608695651,
        "M2M100_1.2B-B4": -2.9347826086956528,
        "Online-G": -1.1652173913043473,
        "PROMT": -1.560434782608696,
        "Online-W": -0.9313043478260866,
        "OpenNMT": -1.7273913043478264,
        "Lan-Bridge": -1.0895652173913042,
        "refA": -0.5595652173913043,
        "Online-A": -1.3534782608695652,
        "refB": -1.1673913043478261,
        "QUARTZ_TuneReranking": -1.0978260869565215,
        "Online-Y": -1.0204347826086955,
        "bleu_bestmbr": -0.8178260869565217,
        "comet_bestmbr": -1.0091304347826084,
        "JDExploreAcademy": -1.197391304347826
    },
    "metric_scores_file": "data/wmt22//en-de/domains/ecommerce/nlp-telescope-scores/en-de-ecommerce/en-de.refB.txt-ecommerce/results.csv",
    "metric_scores": {
        "Online-B": 0.3807442863701621,
        "bleurt_bestmbr": 0.3110461489534115,
        "M2M100_1.2B-B4": 0.3107822642767515,
        "Online-G": 0.3730026304419788,
        "PROMT": 0.350073854695581,
        "Online-W": 0.3570925274159225,
        "OpenNMT": 0.3364938720501915,
        "Lan-Bridge": 0.3788786046615303,
        "refA": 0.3231749535727747,
        "Online-A": 0.3728749683415415,
        "refB": 1.0000000000000004,
        "QUARTZ_TuneReranking": 0.320518399451447,
        "Online-Y": 0.3695245657718884,
        "bleu_bestmbr": 0.3861719804991776,
        "comet_bestmbr": 0.3249207359443596,
        "JDExploreAcademy": 0.3637601145190124
    }
}