{
    "system_accuracy": 0.6166666666666667,
    "spearman": 0.3382352941176471,
    "pearson": 0.14439591082455955,
    "kendall": 0.2333333333333333,
    "languages_pair": "en-de",
    "domain": "ecommerce",
    "reference": "en-de.refB.txt-ecommerce",
    "system_names": [
        "Online-B",
        "bleurt_bestmbr",
        "M2M100_1.2B-B4",
        "Online-G",
        "PROMT",
        "Online-W",
        "OpenNMT",
        "Lan-Bridge",
        "refA",
        "Online-A",
        "refB",
        "QUARTZ_TuneReranking",
        "Online-Y",
        "bleu_bestmbr",
        "comet_bestmbr",
        "JDExploreAcademy"
    ],
    "human_scores_file": "data/wmt22//en-de/human-scores/en-de.mqm.domain.score",
    "human_scores": {
        "Online-B": -0.882173913043478,
        "bleurt_bestmbr": -0.7234782608695651,
        "M2M100_1.2B-B4": -2.9347826086956528,
        "Online-G": -1.1652173913043473,
        "PROMT": -1.560434782608696,
        "Online-W": -0.9313043478260866,
        "OpenNMT": -1.7273913043478264,
        "Lan-Bridge": -1.0895652173913042,
        "refA": -0.5595652173913043,
        "Online-A": -1.3534782608695652,
        "refB": -1.1673913043478261,
        "QUARTZ_TuneReranking": -1.0978260869565215,
        "Online-Y": -1.0204347826086955,
        "bleu_bestmbr": -0.8178260869565217,
        "comet_bestmbr": -1.0091304347826084,
        "JDExploreAcademy": -1.197391304347826
    },
    "metric_scores_file": "data/wmt22//en-de/domains/ecommerce/nlp-telescope-scores/en-de-ecommerce/en-de.refB.txt-ecommerce/results.csv",
    "metric_scores": {
        "Online-B": 0.6786019213216484,
        "bleurt_bestmbr": 0.6209370441304274,
        "M2M100_1.2B-B4": 0.5226793072493923,
        "Online-G": 0.6576580308817046,
        "PROMT": 0.6040005832708458,
        "Online-W": 0.6393159540958773,
        "OpenNMT": 0.5879437468840547,
        "Lan-Bridge": 0.6737836723400386,
        "refA": 0.600139979919735,
        "Online-A": 0.646860838686731,
        "refB": 1.531206653140626,
        "QUARTZ_TuneReranking": 0.5948463879385084,
        "Online-Y": 0.664319262027143,
        "bleu_bestmbr": 0.6735894315542197,
        "comet_bestmbr": 0.6564785453359122,
        "JDExploreAcademy": 0.6378030460819883
    }
}