{
    "system_accuracy": 0.5666666666666667,
    "spearman": 0.1323529411764706,
    "pearson": 0.11627339733939941,
    "kendall": 0.13333333333333333,
    "languages_pair": "en-de",
    "domain": "ecommerce",
    "reference": "en-de.refB.txt-ecommerce",
    "system_names": [
        "Online-B",
        "bleurt_bestmbr",
        "M2M100_1.2B-B4",
        "Online-G",
        "PROMT",
        "Online-W",
        "OpenNMT",
        "Lan-Bridge",
        "refA",
        "Online-A",
        "refB",
        "QUARTZ_TuneReranking",
        "Online-Y",
        "bleu_bestmbr",
        "comet_bestmbr",
        "JDExploreAcademy"
    ],
    "human_scores_file": "data/wmt22//en-de/human-scores/en-de.mqm.domain.score",
    "human_scores": {
        "Online-B": -0.882173913043478,
        "bleurt_bestmbr": -0.7234782608695651,
        "M2M100_1.2B-B4": -2.9347826086956528,
        "Online-G": -1.1652173913043473,
        "PROMT": -1.560434782608696,
        "Online-W": -0.9313043478260866,
        "OpenNMT": -1.7273913043478264,
        "Lan-Bridge": -1.0895652173913042,
        "refA": -0.5595652173913043,
        "Online-A": -1.3534782608695652,
        "refB": -1.1673913043478261,
        "QUARTZ_TuneReranking": -1.0978260869565215,
        "Online-Y": -1.0204347826086955,
        "bleu_bestmbr": -0.8178260869565217,
        "comet_bestmbr": -1.0091304347826084,
        "JDExploreAcademy": -1.197391304347826
    },
    "metric_scores_file": "data/wmt22//en-de/domains/ecommerce/nlp-telescope-scores/en-de-ecommerce/en-de.refB.txt-ecommerce/results.csv",
    "metric_scores": {
        "Online-B": 0.7247296882850753,
        "bleurt_bestmbr": 0.6907770304671279,
        "M2M100_1.2B-B4": 0.6733146919668228,
        "Online-G": 0.7215465626604102,
        "PROMT": 0.7070411953221941,
        "Online-W": 0.7103553945397859,
        "OpenNMT": 0.6910008499157516,
        "Lan-Bridge": 0.724913284442147,
        "refA": 0.6890589367449163,
        "Online-A": 0.7199072903154092,
        "refB": 1.0,
        "QUARTZ_TuneReranking": 0.6880187549015989,
        "Online-Y": 0.723481319993442,
        "bleu_bestmbr": 0.7261782223123854,
        "comet_bestmbr": 0.6985410586350657,
        "JDExploreAcademy": 0.7169714650458323
    }
}