{
    "system_accuracy": 0.575,
    "spearman": 0.13823529411764704,
    "pearson": 0.34004909708489744,
    "kendall": 0.15,
    "languages_pair": "en-de",
    "domain": "ecommerce",
    "reference": "en-de.refB.txt-ecommerce",
    "system_names": [
        "Online-B",
        "bleurt_bestmbr",
        "M2M100_1.2B-B4",
        "Online-G",
        "PROMT",
        "Online-W",
        "OpenNMT",
        "Lan-Bridge",
        "refA",
        "Online-A",
        "refB",
        "QUARTZ_TuneReranking",
        "Online-Y",
        "bleu_bestmbr",
        "comet_bestmbr",
        "JDExploreAcademy"
    ],
    "human_scores_file": "data/wmt22//en-de/human-scores/en-de.mqm.domain.score",
    "human_scores": {
        "Online-B": -0.882173913043478,
        "bleurt_bestmbr": -0.7234782608695651,
        "M2M100_1.2B-B4": -2.9347826086956528,
        "Online-G": -1.1652173913043473,
        "PROMT": -1.560434782608696,
        "Online-W": -0.9313043478260866,
        "OpenNMT": -1.7273913043478264,
        "Lan-Bridge": -1.0895652173913042,
        "refA": -0.5595652173913043,
        "Online-A": -1.3534782608695652,
        "refB": -1.1673913043478261,
        "QUARTZ_TuneReranking": -1.0978260869565215,
        "Online-Y": -1.0204347826086955,
        "bleu_bestmbr": -0.8178260869565217,
        "comet_bestmbr": -1.0091304347826084,
        "JDExploreAcademy": -1.197391304347826
    },
    "metric_scores_file": "data/wmt22//en-de/domains/ecommerce/nlp-telescope-scores/en-de-ecommerce/en-de.refB.txt-ecommerce/universal_metrics/social-choice-theory_ranks_systems.csv",
    "metric_scores": {
        "Online-B": -24.0,
        "bleurt_bestmbr": -98.0,
        "M2M100_1.2B-B4": -110.0,
        "Online-G": -43.0,
        "PROMT": -74.0,
        "Online-W": -67.0,
        "OpenNMT": -88.0,
        "Lan-Bridge": -25.0,
        "refA": -95.0,
        "Online-A": -51.0,
        "refB": -7.0,
        "QUARTZ_TuneReranking": -99.0,
        "Online-Y": -47.0,
        "bleu_bestmbr": -22.0,
        "comet_bestmbr": -80.0,
        "JDExploreAcademy": -64.0
    }
}