{
    "system_accuracy": 0.5333333333333333,
    "spearman": 0.0,
    "pearson": 0.07097766464831465,
    "kendall": 0.06666666666666667,
    "languages_pair": "en-de",
    "domain": "ecommerce",
    "reference": "en-de.refB.txt-ecommerce",
    "system_names": [
        "Online-B",
        "bleurt_bestmbr",
        "M2M100_1.2B-B4",
        "Online-G",
        "PROMT",
        "Online-W",
        "OpenNMT",
        "Lan-Bridge",
        "refA",
        "Online-A",
        "refB",
        "QUARTZ_TuneReranking",
        "Online-Y",
        "bleu_bestmbr",
        "comet_bestmbr",
        "JDExploreAcademy"
    ],
    "human_scores_file": "data/wmt22//en-de/human-scores/en-de.mqm.domain.score",
    "human_scores": {
        "Online-B": -0.882173913043478,
        "bleurt_bestmbr": -0.7234782608695651,
        "M2M100_1.2B-B4": -2.9347826086956528,
        "Online-G": -1.1652173913043473,
        "PROMT": -1.560434782608696,
        "Online-W": -0.9313043478260866,
        "OpenNMT": -1.7273913043478264,
        "Lan-Bridge": -1.0895652173913042,
        "refA": -0.5595652173913043,
        "Online-A": -1.3534782608695652,
        "refB": -1.1673913043478261,
        "QUARTZ_TuneReranking": -1.0978260869565215,
        "Online-Y": -1.0204347826086955,
        "bleu_bestmbr": -0.8178260869565217,
        "comet_bestmbr": -1.0091304347826084,
        "JDExploreAcademy": -1.197391304347826
    },
    "metric_scores_file": "data/wmt22//en-de/domains/ecommerce/nlp-telescope-scores/en-de-ecommerce/en-de.refB.txt-ecommerce/results.csv",
    "metric_scores": {
        "Online-B": -0.4861277206409949,
        "bleurt_bestmbr": -0.5678067447978953,
        "M2M100_1.2B-B4": -0.5644582635733079,
        "Online-G": -0.4942597464721359,
        "PROMT": -0.5214063621143267,
        "Online-W": -0.5275053814876823,
        "OpenNMT": -0.5351590528581679,
        "Lan-Bridge": -0.4889978474049271,
        "refA": -0.5559674718966754,
        "Online-A": -0.5013154747668022,
        "refB": -0.0,
        "QUARTZ_TuneReranking": -0.554771585745037,
        "Online-Y": -0.4997608227696723,
        "bleu_bestmbr": -0.4837359483377182,
        "comet_bestmbr": -0.5418560153073427,
        "JDExploreAcademy": -0.5120784501315475
    }
}