{
    "system_accuracy": 0.7666666666666667,
    "spearman": 0.6735294117647058,
    "pearson": 0.4098156908658709,
    "kendall": 0.5333333333333333,
    "languages_pair": "en-de",
    "domain": "ecommerce",
    "reference": "en-de.refB.txt-ecommerce",
    "system_names": [
        "Online-B",
        "bleurt_bestmbr",
        "M2M100_1.2B-B4",
        "Online-G",
        "PROMT",
        "Online-W",
        "OpenNMT",
        "Lan-Bridge",
        "refA",
        "Online-A",
        "refB",
        "QUARTZ_TuneReranking",
        "Online-Y",
        "bleu_bestmbr",
        "comet_bestmbr",
        "JDExploreAcademy"
    ],
    "human_scores_file": "data/wmt22//en-de/human-scores/en-de.mqm.domain.score",
    "human_scores": {
        "Online-B": -0.882173913043478,
        "bleurt_bestmbr": -0.7234782608695651,
        "M2M100_1.2B-B4": -2.9347826086956528,
        "Online-G": -1.1652173913043473,
        "PROMT": -1.560434782608696,
        "Online-W": -0.9313043478260866,
        "OpenNMT": -1.7273913043478264,
        "Lan-Bridge": -1.0895652173913042,
        "refA": -0.5595652173913043,
        "Online-A": -1.3534782608695652,
        "refB": -1.1673913043478261,
        "QUARTZ_TuneReranking": -1.0978260869565215,
        "Online-Y": -1.0204347826086955,
        "bleu_bestmbr": -0.8178260869565217,
        "comet_bestmbr": -1.0091304347826084,
        "JDExploreAcademy": -1.197391304347826
    },
    "metric_scores_file": "data/wmt22//en-de/domains/ecommerce/nlp-telescope-scores/en-de-ecommerce/en-de.refB.txt-ecommerce/universal_metrics/weighted_mean/weighted-mean-seed-12_-1_1_ranks_systems.csv",
    "metric_scores": {
        "Online-B": 0.2623300481632458,
        "bleurt_bestmbr": 0.2642782701519545,
        "M2M100_1.2B-B4": 0.2510472541797203,
        "Online-G": 0.2603859675925291,
        "PROMT": 0.2567569120706022,
        "Online-W": 0.2620461074872261,
        "OpenNMT": 0.2561913611304641,
        "Lan-Bridge": 0.2616628637138604,
        "refA": 0.2609851782636208,
        "Online-A": 0.2596858591282194,
        "refB": 0.2879528742232465,
        "QUARTZ_TuneReranking": 0.2597104442415646,
        "Online-Y": 0.2621188895429549,
        "bleu_bestmbr": 0.2613981699298166,
        "comet_bestmbr": 0.2663483906119874,
        "JDExploreAcademy": 0.2603522967632319
    }
}