{
    "system_accuracy": 0.7916666666666666,
    "spearman": 0.7235294117647059,
    "pearson": 0.1483382041592365,
    "kendall": 0.5833333333333334,
    "languages_pair": "en-de",
    "domain": "ecommerce",
    "reference": "en-de.refB.txt-ecommerce",
    "system_names": [
        "Online-B",
        "bleurt_bestmbr",
        "M2M100_1.2B-B4",
        "Online-G",
        "PROMT",
        "Online-W",
        "OpenNMT",
        "Lan-Bridge",
        "refA",
        "Online-A",
        "refB",
        "QUARTZ_TuneReranking",
        "Online-Y",
        "bleu_bestmbr",
        "comet_bestmbr",
        "JDExploreAcademy"
    ],
    "human_scores_file": "data/wmt22//en-de/human-scores/en-de.mqm.domain.score",
    "human_scores": {
        "Online-B": -0.882173913043478,
        "bleurt_bestmbr": -0.7234782608695651,
        "M2M100_1.2B-B4": -2.9347826086956528,
        "Online-G": -1.1652173913043473,
        "PROMT": -1.560434782608696,
        "Online-W": -0.9313043478260866,
        "OpenNMT": -1.7273913043478264,
        "Lan-Bridge": -1.0895652173913042,
        "refA": -0.5595652173913043,
        "Online-A": -1.3534782608695652,
        "refB": -1.1673913043478261,
        "QUARTZ_TuneReranking": -1.0978260869565215,
        "Online-Y": -1.0204347826086955,
        "bleu_bestmbr": -0.8178260869565217,
        "comet_bestmbr": -1.0091304347826084,
        "JDExploreAcademy": -1.197391304347826
    },
    "metric_scores_file": "data/wmt22//en-de/domains/ecommerce/nlp-telescope-scores/en-de-ecommerce/en-de.refB.txt-ecommerce/universal_metrics/weighted_mean/weighted-mean-seed-24_-1_1_ranks_systems.csv",
    "metric_scores": {
        "Online-B": 0.173887312817066,
        "bleurt_bestmbr": 0.1767262917771694,
        "M2M100_1.2B-B4": 0.164790051755556,
        "Online-G": 0.1721939832854234,
        "PROMT": 0.1690825077059765,
        "Online-W": 0.1741331049883721,
        "OpenNMT": 0.1688376603287796,
        "Lan-Bridge": 0.1739149830022124,
        "refA": 0.1740347081170966,
        "Online-A": 0.1720962746224643,
        "refB": 0.2529578279916103,
        "QUARTZ_TuneReranking": 0.1723104503464298,
        "Online-Y": 0.1733752578204073,
        "bleu_bestmbr": 0.1728057235179967,
        "comet_bestmbr": 0.1781680909424772,
        "JDExploreAcademy": 0.1716987686454532
    }
}