{
    "system_accuracy": 0.5833333333333334,
    "spearman": 0.23823529411764705,
    "pearson": 0.0968297709785944,
    "kendall": 0.16666666666666669,
    "languages_pair": "en-de",
    "domain": "ecommerce",
    "reference": "en-de.refB.txt-ecommerce",
    "system_names": [
        "Online-B",
        "bleurt_bestmbr",
        "M2M100_1.2B-B4",
        "Online-G",
        "PROMT",
        "Online-W",
        "OpenNMT",
        "Lan-Bridge",
        "refA",
        "Online-A",
        "refB",
        "QUARTZ_TuneReranking",
        "Online-Y",
        "bleu_bestmbr",
        "comet_bestmbr",
        "JDExploreAcademy"
    ],
    "human_scores_file": "data/wmt22//en-de/human-scores/en-de.mqm.domain.score",
    "human_scores": {
        "Online-B": -0.882173913043478,
        "bleurt_bestmbr": -0.7234782608695651,
        "M2M100_1.2B-B4": -2.9347826086956528,
        "Online-G": -1.1652173913043473,
        "PROMT": -1.560434782608696,
        "Online-W": -0.9313043478260866,
        "OpenNMT": -1.7273913043478264,
        "Lan-Bridge": -1.0895652173913042,
        "refA": -0.5595652173913043,
        "Online-A": -1.3534782608695652,
        "refB": -1.1673913043478261,
        "QUARTZ_TuneReranking": -1.0978260869565215,
        "Online-Y": -1.0204347826086955,
        "bleu_bestmbr": -0.8178260869565217,
        "comet_bestmbr": -1.0091304347826084,
        "JDExploreAcademy": -1.197391304347826
    },
    "metric_scores_file": "data/wmt22//en-de/domains/ecommerce/nlp-telescope-scores/en-de-ecommerce/en-de.refB.txt-ecommerce/universal_metrics/weighted_mean/weighted-mean-seed-24_0_1_TER_ranks_systems.csv",
    "metric_scores": {
        "Online-B": 0.3075546671289381,
        "bleurt_bestmbr": 0.289115484924295,
        "M2M100_1.2B-B4": 0.2709350883284281,
        "Online-G": 0.3034605246784019,
        "PROMT": 0.29118642132444,
        "Online-W": 0.298402883862906,
        "OpenNMT": 0.2853345343890506,
        "Lan-Bridge": 0.3076199407924558,
        "refA": 0.2862462085267059,
        "Online-A": 0.3019470714943432,
        "refB": 0.6011993035290796,
        "QUARTZ_TuneReranking": 0.2849090799393273,
        "Online-Y": 0.3038015297954407,
        "bleu_bestmbr": 0.3068614793682953,
        "comet_bestmbr": 0.2958281751752101,
        "JDExploreAcademy": 0.2980007220807969
    }
}