{
    "system_accuracy": 0.5833333333333334,
    "spearman": 0.2029411764705882,
    "pearson": 0.09767315979753868,
    "kendall": 0.16666666666666669,
    "languages_pair": "en-de",
    "domain": "ecommerce",
    "reference": "en-de.refB.txt-ecommerce",
    "system_names": [
        "Online-B",
        "bleurt_bestmbr",
        "M2M100_1.2B-B4",
        "Online-G",
        "PROMT",
        "Online-W",
        "OpenNMT",
        "Lan-Bridge",
        "refA",
        "Online-A",
        "refB",
        "QUARTZ_TuneReranking",
        "Online-Y",
        "bleu_bestmbr",
        "comet_bestmbr",
        "JDExploreAcademy"
    ],
    "human_scores_file": "data/wmt22//en-de/human-scores/en-de.mqm.domain.score",
    "human_scores": {
        "Online-B": -0.882173913043478,
        "bleurt_bestmbr": -0.7234782608695651,
        "M2M100_1.2B-B4": -2.9347826086956528,
        "Online-G": -1.1652173913043473,
        "PROMT": -1.560434782608696,
        "Online-W": -0.9313043478260866,
        "OpenNMT": -1.7273913043478264,
        "Lan-Bridge": -1.0895652173913042,
        "refA": -0.5595652173913043,
        "Online-A": -1.3534782608695652,
        "refB": -1.1673913043478261,
        "QUARTZ_TuneReranking": -1.0978260869565215,
        "Online-Y": -1.0204347826086955,
        "bleu_bestmbr": -0.8178260869565217,
        "comet_bestmbr": -1.0091304347826084,
        "JDExploreAcademy": -1.197391304347826
    },
    "metric_scores_file": "data/wmt22//en-de/domains/ecommerce/nlp-telescope-scores/en-de-ecommerce/en-de.refB.txt-ecommerce/universal_metrics/weighted_mean/weighted-mean-seed-12_0_1_TER_ranks_systems.csv",
    "metric_scores": {
        "Online-B": 0.3378837765425099,
        "bleurt_bestmbr": 0.3061429996348533,
        "M2M100_1.2B-B4": 0.285829680252955,
        "Online-G": 0.3324515842148079,
        "PROMT": 0.3152185253216843,
        "Online-W": 0.3223203148317081,
        "OpenNMT": 0.3059325952297686,
        "Lan-Bridge": 0.337508697703543,
        "refA": 0.3039648693538005,
        "Online-A": 0.329800839778474,
        "refB": 0.7083910512501844,
        "QUARTZ_TuneReranking": 0.3029062885871946,
        "Online-Y": 0.332525246983251,
        "bleu_bestmbr": 0.3376771624798955,
        "comet_bestmbr": 0.3167173525534373,
        "JDExploreAcademy": 0.3245077040309521
    }
}