{
    "system_accuracy": 0.7666666666666667,
    "spearman": 0.6941176470588235,
    "pearson": 0.24099358677456303,
    "kendall": 0.5333333333333333,
    "languages_pair": "en-de",
    "domain": "ecommerce",
    "reference": "en-de.refB.txt-ecommerce",
    "system_names": [
        "Online-B",
        "bleurt_bestmbr",
        "M2M100_1.2B-B4",
        "Online-G",
        "PROMT",
        "Online-W",
        "OpenNMT",
        "Lan-Bridge",
        "refA",
        "Online-A",
        "refB",
        "QUARTZ_TuneReranking",
        "Online-Y",
        "bleu_bestmbr",
        "comet_bestmbr",
        "JDExploreAcademy"
    ],
    "human_scores_file": "data/wmt22//en-de/human-scores/en-de.mqm.domain.score",
    "human_scores": {
        "Online-B": -0.882173913043478,
        "bleurt_bestmbr": -0.7234782608695651,
        "M2M100_1.2B-B4": -2.9347826086956528,
        "Online-G": -1.1652173913043473,
        "PROMT": -1.560434782608696,
        "Online-W": -0.9313043478260866,
        "OpenNMT": -1.7273913043478264,
        "Lan-Bridge": -1.0895652173913042,
        "refA": -0.5595652173913043,
        "Online-A": -1.3534782608695652,
        "refB": -1.1673913043478261,
        "QUARTZ_TuneReranking": -1.0978260869565215,
        "Online-Y": -1.0204347826086955,
        "bleu_bestmbr": -0.8178260869565217,
        "comet_bestmbr": -1.0091304347826084,
        "JDExploreAcademy": -1.197391304347826
    },
    "metric_scores_file": "data/wmt22//en-de/domains/ecommerce/nlp-telescope-scores/en-de-ecommerce/en-de.refB.txt-ecommerce/universal_metrics/weighted_mean/weighted-mean-seed-36_-1_1_ranks_systems.csv",
    "metric_scores": {
        "Online-B": -1.5026752579821208e-05,
        "bleurt_bestmbr": 0.0038248079332809,
        "M2M100_1.2B-B4": -0.0044236210103698,
        "Online-G": -0.0012962653061817,
        "PROMT": -0.0029214641141762,
        "Online-W": 0.000774304098797,
        "OpenNMT": -0.0021939896102326,
        "Lan-Bridge": -0.0003301540793308,
        "refA": 0.0019733035094476,
        "Online-A": -0.0011834958462987,
        "refB": 0.0288434403231963,
        "QUARTZ_TuneReranking": 0.0005959517008751,
        "Online-Y": -0.0001165052859853,
        "bleu_bestmbr": -0.0005212665034936,
        "comet_bestmbr": 0.0047900192961698,
        "JDExploreAcademy": -0.0008519539454082
    }
}