{
    "system_accuracy": 0.5,
    "spearman": 0.007396579192674232,
    "pearson": 0.024900779013854853,
    "kendall": 0.008587567332159077,
    "languages_pair": "en-de",
    "domain": "ecommerce",
    "reference": "en-de.refB.txt-ecommerce",
    "system_names": [
        "Online-B",
        "bleurt_bestmbr",
        "M2M100_1.2B-B4",
        "Online-G",
        "PROMT",
        "Online-W",
        "OpenNMT",
        "Lan-Bridge",
        "refA",
        "Online-A",
        "refB",
        "QUARTZ_TuneReranking",
        "Online-Y",
        "bleu_bestmbr",
        "comet_bestmbr",
        "JDExploreAcademy"
    ],
    "human_scores_file": "data/wmt22//en-de/human-scores/en-de.mqm.domain.score",
    "human_scores": {
        "Online-B": -0.882173913043478,
        "bleurt_bestmbr": -0.7234782608695651,
        "M2M100_1.2B-B4": -2.9347826086956528,
        "Online-G": -1.1652173913043473,
        "PROMT": -1.560434782608696,
        "Online-W": -0.9313043478260866,
        "OpenNMT": -1.7273913043478264,
        "Lan-Bridge": -1.0895652173913042,
        "refA": -0.5595652173913043,
        "Online-A": -1.3534782608695652,
        "refB": -1.1673913043478261,
        "QUARTZ_TuneReranking": -1.0978260869565215,
        "Online-Y": -1.0204347826086955,
        "bleu_bestmbr": -0.8178260869565217,
        "comet_bestmbr": -1.0091304347826084,
        "JDExploreAcademy": -1.197391304347826
    },
    "metric_scores_file": "data/wmt22//en-de/domains/ecommerce/nlp-telescope-scores/en-de-ecommerce/en-de.refB.txt-ecommerce/results.csv",
    "metric_scores": {
        "Online-B": 0.0433962264150943,
        "bleurt_bestmbr": 0.0245283018867924,
        "M2M100_1.2B-B4": 0.0264150943396226,
        "Online-G": 0.0415094339622641,
        "PROMT": 0.0339622641509433,
        "Online-W": 0.0396226415094339,
        "OpenNMT": 0.030188679245283,
        "Lan-Bridge": 0.0509433962264151,
        "refA": 0.0339622641509433,
        "Online-A": 0.0471698113207547,
        "refB": 1.0,
        "QUARTZ_TuneReranking": 0.0264150943396226,
        "Online-Y": 0.0339622641509433,
        "bleu_bestmbr": 0.0415094339622641,
        "comet_bestmbr": 0.0245283018867924,
        "JDExploreAcademy": 0.030188679245283
    }
}