,PPV,FDR,FOR,NPV,TPR,FPR,FNR,TNR
neutral,1.0,0.0,0.0,1.0,1.0,0.0,0.0,1.0
female,1.0,0.0,0.3333333333333333,0.6666666666666666,0.5714285714285714,0.0,0.42857142857142855,1.0
male,0.5714285714285714,0.42857142857142855,0.0,1.0,1.0,0.3333333333333333,0.0,0.6666666666666666
