,PPV,FDR,FOR,NPV,TPR,FPR,FNR,TNR
neutral,1.0,0.0,0.2905027932960894,0.7094972067039106,0.4157303370786517,0.0,0.5842696629213483,1.0
female,0.6363636363636364,0.36363636363636365,0.04316546762589928,0.9568345323741008,0.8909090909090909,0.17391304347826086,0.10909090909090909,0.8260869565217391
male,0.6764705882352942,0.3235294117647059,0.02631578947368421,0.9736842105263158,0.9583333333333334,0.22916666666666666,0.041666666666666664,0.7708333333333334
