,google,bing
Accuracy,0.8712871287128713,0.8712871287128713
F1-score,0.8148137806939985,0.8151402793227042
