,Precison,FDR,FOR,NPV,Recall,FPR,FNR,TNR
neutral,0.0,0.0,0.0,1.0,0.0,0.0,0.0,1.0
female,0.9705882352941176,0.029411764705882353,0.07954545454545454,0.9204545454545454,0.9041095890410958,0.024096385542168676,0.0958904109589041,0.9759036144578314
male,0.9204545454545454,0.07954545454545454,0.029411764705882353,0.9705882352941176,0.9759036144578314,0.0958904109589041,0.024096385542168676,0.9041095890410958
