,bleu_bestmbr,bleurt_bestmbr,chrf_bestmbr,comet_bestmbr,JDExploreAcademy,Lan-Bridge,M2M100_1.2B-B4,Online-A,Online-B,Online-G,Online-W,Online-Y,OpenNMT,PROMT,QUARTZ_TuneReranking,refA,refB
COMET,0.6735894315542197,0.6209370441304274,0.6856301796640146,0.6564785453359122,0.6378030460819883,0.6737836723400386,0.5226793072493923,0.646860838686731,0.6786019213216484,0.6576580308817046,0.6393159540958773,0.664319262027143,0.5879437468840547,0.6040005832708458,0.5948463879385084,0.600139979919735,1.5312066531406259
BLEU,0.3861719804991776,0.3110461489534115,0.37363355844959645,0.32492073594435966,0.36376011451901247,0.3788786046615303,0.31078226427675154,0.37287496834154155,0.3807442863701621,0.37300263044197884,0.3570925274159225,0.36952456577188847,0.33649387205019154,0.350073854695581,0.32051839945144706,0.3231749535727747,1.0000000000000004
chrF,0.6530905627313999,0.618064084384918,0.6615790231024968,0.6235188111176159,0.6412833201332937,0.6527061856747072,0.5911601160018719,0.645371224849438,0.6522478831930762,0.6484771362292573,0.6387569924428174,0.6502035664625346,0.6145227804025395,0.6292987262020427,0.6104927373176012,0.6066370806577768,1.0
ZeroEdit,0.04150943396226415,0.024528301886792454,0.04150943396226415,0.024528301886792454,0.03018867924528302,0.0509433962264151,0.026415094339622643,0.04716981132075472,0.04339622641509434,0.04150943396226415,0.03962264150943396,0.033962264150943396,0.03018867924528302,0.033962264150943396,0.026415094339622643,0.033962264150943396,1.0
TER,0.48373594833771827,0.5678067447978953,0.4996412341545085,0.5418560153073427,0.5120784501315475,0.4889978474049271,0.5644582635733079,0.5013154747668022,0.48612772064099496,0.4942597464721359,0.5275053814876823,0.4997608227696723,0.5351590528581679,0.5214063621143267,0.554771585745037,0.5559674718966754,0.0
GLEU,0.7261782223123854,0.6907770304671279,0.7245015667538927,0.6985410586350657,0.7169714650458323,0.724913284442147,0.6733146919668228,0.7199072903154092,0.7247296882850753,0.7215465626604102,0.7103553945397859,0.723481319993442,0.6910008499157516,0.7070411953221941,0.6880187549015989,0.6890589367449163,1.0
BERTScore,0.8960539113800481,0.8785061134482329,0.895256707353412,0.8830143198652087,0.8910118746307661,0.8953489980607663,0.8715276233430179,0.8922423603399745,0.8962009590751719,0.8938158090384501,0.8900784861366704,0.893597796503103,0.8810472487278704,0.8865764846216958,0.879241089550954,0.8800664824134898,0.9999999980881529
