,google,bing
GLEU,0.9089113568131031,0.8436887462607379
