{
    "system_accuracy": 0.8666666666666667,
    "spearman": 0.85,
    "pearson": 0.6448947364815609,
    "kendall": 0.7333333333333334,
    "languages_pair": "zh-en",
    "domain": "ecommerce",
    "reference": "zh-en.refA.txt-ecommerce",
    "system_names": [
        "Lan-Bridge",
        "JDExploreAcademy",
        "M2M100_1.2B-B4",
        "Online-Y",
        "AISP-SJTU",
        "comet_bestmbr",
        "refA",
        "Online-W",
        "LanguageX",
        "HuaweiTSC",
        "Online-B",
        "bleu_bestmbr",
        "Online-A",
        "bleurt_bestmbr",
        "Online-G",
        "refB"
    ],
    "human_scores_file": "data/wmt22//zh-en/human-scores/zh-en.mqm.domain.score",
    "human_scores": {
        "Lan-Bridge": -3.677992277992277,
        "JDExploreAcademy": -3.783976833976833,
        "M2M100_1.2B-B4": -9.366602316602318,
        "Online-Y": -4.159652509652508,
        "AISP-SJTU": -5.029536679536675,
        "comet_bestmbr": -3.809845559845557,
        "refA": -1.4237451737451747,
        "Online-W": -5.760231660231653,
        "LanguageX": -4.295752895752894,
        "HuaweiTSC": -5.204054054054052,
        "Online-B": -3.9812741312741298,
        "bleu_bestmbr": -4.215830115830115,
        "Online-A": -5.389768339768335,
        "bleurt_bestmbr": -3.547876447876448,
        "Online-G": -3.7276061776061775,
        "refB": -1.6876447876447882
    },
    "metric_scores_file": "data/wmt22//zh-en/domains/ecommerce/nlp-telescope-scores/zh-en-ecommerce/zh-en.refA.txt-ecommerce/universal_metrics/average_ranks_systems.csv",
    "metric_scores": {
        "Lan-Bridge": 0.4527683345602498,
        "JDExploreAcademy": 0.4530983919027523,
        "M2M100_1.2B-B4": 0.3960288546888561,
        "Online-Y": 0.44948533350682,
        "AISP-SJTU": 0.4479476661837426,
        "comet_bestmbr": 0.4482168521139768,
        "refA": 0.9049672009829192,
        "Online-W": 0.4263741219017736,
        "LanguageX": 0.4570062023582763,
        "HuaweiTSC": 0.4470915953844218,
        "Online-B": 0.4572431352345548,
        "bleu_bestmbr": 0.4626536538597564,
        "Online-A": 0.4372614709735742,
        "bleurt_bestmbr": 0.4638842978268616,
        "Online-G": 0.4616863421105125,
        "refB": 0.5955011533213871
    }
}