{
    "system_accuracy": 0.8666666666666667,
    "spearman": 0.8764705882352942,
    "pearson": 0.757981163799679,
    "kendall": 0.7333333333333334,
    "languages_pair": "zh-en",
    "domain": "ecommerce",
    "reference": "zh-en.refA.txt-ecommerce",
    "system_names": [
        "Lan-Bridge",
        "JDExploreAcademy",
        "M2M100_1.2B-B4",
        "Online-Y",
        "AISP-SJTU",
        "comet_bestmbr",
        "refA",
        "Online-W",
        "LanguageX",
        "HuaweiTSC",
        "Online-B",
        "bleu_bestmbr",
        "Online-A",
        "bleurt_bestmbr",
        "Online-G",
        "refB"
    ],
    "human_scores_file": "data/wmt22//zh-en/human-scores/zh-en.mqm.domain.score",
    "human_scores": {
        "Lan-Bridge": -3.677992277992277,
        "JDExploreAcademy": -3.783976833976833,
        "M2M100_1.2B-B4": -9.366602316602318,
        "Online-Y": -4.159652509652508,
        "AISP-SJTU": -5.029536679536675,
        "comet_bestmbr": -3.809845559845557,
        "refA": -1.4237451737451747,
        "Online-W": -5.760231660231653,
        "LanguageX": -4.295752895752894,
        "HuaweiTSC": -5.204054054054052,
        "Online-B": -3.9812741312741298,
        "bleu_bestmbr": -4.215830115830115,
        "Online-A": -5.389768339768335,
        "bleurt_bestmbr": -3.547876447876448,
        "Online-G": -3.7276061776061775,
        "refB": -1.6876447876447882
    },
    "metric_scores_file": "data/wmt22//zh-en/domains/ecommerce/nlp-telescope-scores/zh-en-ecommerce/zh-en.refA.txt-ecommerce/results.csv",
    "metric_scores": {
        "Lan-Bridge": 0.925169635693539,
        "JDExploreAcademy": 0.925640701787352,
        "M2M100_1.2B-B4": 0.9049975999764034,
        "Online-Y": 0.9234207522224736,
        "AISP-SJTU": 0.9217590390485226,
        "comet_bestmbr": 0.925208929883007,
        "refA": 0.999999997008261,
        "Online-W": 0.9151961873627076,
        "LanguageX": 0.9248133547978052,
        "HuaweiTSC": 0.9220875880202732,
        "Online-B": 0.9266204068789612,
        "bleu_bestmbr": 0.9282299735831476,
        "Online-A": 0.9174665196521862,
        "bleurt_bestmbr": 0.9287091905546004,
        "Online-G": 0.925022368265395,
        "refB": 0.9581625171609828
    }
}