{
    "system_accuracy": 0.6833333333333333,
    "spearman": 0.5,
    "pearson": 0.6323085216135901,
    "kendall": 0.3666666666666667,
    "languages_pair": "zh-en",
    "domain": "ecommerce",
    "reference": "zh-en.refA.txt-ecommerce",
    "system_names": [
        "Lan-Bridge",
        "JDExploreAcademy",
        "M2M100_1.2B-B4",
        "Online-Y",
        "AISP-SJTU",
        "comet_bestmbr",
        "refA",
        "Online-W",
        "LanguageX",
        "HuaweiTSC",
        "Online-B",
        "bleu_bestmbr",
        "Online-A",
        "bleurt_bestmbr",
        "Online-G",
        "refB"
    ],
    "human_scores_file": "data/wmt22//zh-en/human-scores/zh-en.mqm.domain.score",
    "human_scores": {
        "Lan-Bridge": -3.677992277992277,
        "JDExploreAcademy": -3.783976833976833,
        "M2M100_1.2B-B4": -9.366602316602318,
        "Online-Y": -4.159652509652508,
        "AISP-SJTU": -5.029536679536675,
        "comet_bestmbr": -3.809845559845557,
        "refA": -1.4237451737451747,
        "Online-W": -5.760231660231653,
        "LanguageX": -4.295752895752894,
        "HuaweiTSC": -5.204054054054052,
        "Online-B": -3.9812741312741298,
        "bleu_bestmbr": -4.215830115830115,
        "Online-A": -5.389768339768335,
        "bleurt_bestmbr": -3.547876447876448,
        "Online-G": -3.7276061776061775,
        "refB": -1.6876447876447882
    },
    "metric_scores_file": "data/wmt22//zh-en/domains/ecommerce/nlp-telescope-scores/zh-en-ecommerce/zh-en.refA.txt-ecommerce/results.csv",
    "metric_scores": {
        "Lan-Bridge": 0.2047567897236401,
        "JDExploreAcademy": 0.2217493433963473,
        "M2M100_1.2B-B4": 0.1382331063343917,
        "Online-Y": 0.2051641152029045,
        "AISP-SJTU": 0.2089364561531365,
        "comet_bestmbr": 0.17828559337556,
        "refA": 1.0000000000000004,
        "Online-W": 0.1818387187295879,
        "LanguageX": 0.2269250916074284,
        "HuaweiTSC": 0.208011488102504,
        "Online-B": 0.2218560332648059,
        "bleu_bestmbr": 0.2317812635998127,
        "Online-A": 0.1875460474056302,
        "bleurt_bestmbr": 0.2043454448574976,
        "Online-G": 0.2126938212949654,
        "refB": 0.5476811395497206
    }
}