{
    "system_accuracy": 0.7916666666666666,
    "spearman": 0.7000000000000001,
    "pearson": 0.6763602360294968,
    "kendall": 0.5833333333333334,
    "languages_pair": "zh-en",
    "domain": "ecommerce",
    "reference": "zh-en.refA.txt-ecommerce",
    "system_names": [
        "Lan-Bridge",
        "JDExploreAcademy",
        "M2M100_1.2B-B4",
        "Online-Y",
        "AISP-SJTU",
        "comet_bestmbr",
        "refA",
        "Online-W",
        "LanguageX",
        "HuaweiTSC",
        "Online-B",
        "bleu_bestmbr",
        "Online-A",
        "bleurt_bestmbr",
        "Online-G",
        "refB"
    ],
    "human_scores_file": "data/wmt22//zh-en/human-scores/zh-en.mqm.domain.score",
    "human_scores": {
        "Lan-Bridge": -3.677992277992277,
        "JDExploreAcademy": -3.783976833976833,
        "M2M100_1.2B-B4": -9.366602316602318,
        "Online-Y": -4.159652509652508,
        "AISP-SJTU": -5.029536679536675,
        "comet_bestmbr": -3.809845559845557,
        "refA": -1.4237451737451747,
        "Online-W": -5.760231660231653,
        "LanguageX": -4.295752895752894,
        "HuaweiTSC": -5.204054054054052,
        "Online-B": -3.9812741312741298,
        "bleu_bestmbr": -4.215830115830115,
        "Online-A": -5.389768339768335,
        "bleurt_bestmbr": -3.547876447876448,
        "Online-G": -3.7276061776061775,
        "refB": -1.6876447876447882
    },
    "metric_scores_file": "data/wmt22//zh-en/domains/ecommerce/nlp-telescope-scores/zh-en-ecommerce/zh-en.refA.txt-ecommerce/results.csv",
    "metric_scores": {
        "Lan-Bridge": 0.5166384085752407,
        "JDExploreAcademy": 0.5223537093472495,
        "M2M100_1.2B-B4": 0.4391850796270158,
        "Online-Y": 0.5112365602464276,
        "AISP-SJTU": 0.5150910263210877,
        "comet_bestmbr": 0.4762721921473261,
        "refA": 1.0,
        "Online-W": 0.4908277505558673,
        "LanguageX": 0.5289489120442898,
        "HuaweiTSC": 0.5117722478539632,
        "Online-B": 0.5222491926079735,
        "bleu_bestmbr": 0.5310363503792815,
        "Online-A": 0.5044957707190881,
        "bleurt_bestmbr": 0.5260849494507791,
        "Online-G": 0.5292243919520198,
        "refB": 0.7273810337408597
    }
}