{
    "system_accuracy": 0.8916666666666667,
    "spearman": 0.8911764705882352,
    "pearson": 0.7123601075076815,
    "kendall": 0.7833333333333333,
    "languages_pair": "zh-en",
    "domain": "ecommerce",
    "reference": "zh-en.refA.txt-ecommerce",
    "system_names": [
        "Lan-Bridge",
        "JDExploreAcademy",
        "M2M100_1.2B-B4",
        "Online-Y",
        "AISP-SJTU",
        "comet_bestmbr",
        "refA",
        "Online-W",
        "LanguageX",
        "HuaweiTSC",
        "Online-B",
        "bleu_bestmbr",
        "Online-A",
        "bleurt_bestmbr",
        "Online-G",
        "refB"
    ],
    "human_scores_file": "data/wmt22//zh-en/human-scores/zh-en.mqm.domain.score",
    "human_scores": {
        "Lan-Bridge": -3.677992277992277,
        "JDExploreAcademy": -3.783976833976833,
        "M2M100_1.2B-B4": -9.366602316602318,
        "Online-Y": -4.159652509652508,
        "AISP-SJTU": -5.029536679536675,
        "comet_bestmbr": -3.809845559845557,
        "refA": -1.4237451737451747,
        "Online-W": -5.760231660231653,
        "LanguageX": -4.295752895752894,
        "HuaweiTSC": -5.204054054054052,
        "Online-B": -3.9812741312741298,
        "bleu_bestmbr": -4.215830115830115,
        "Online-A": -5.389768339768335,
        "bleurt_bestmbr": -3.547876447876448,
        "Online-G": -3.7276061776061775,
        "refB": -1.6876447876447882
    },
    "metric_scores_file": "data/wmt22//zh-en/domains/ecommerce/nlp-telescope-scores/zh-en-ecommerce/zh-en.refA.txt-ecommerce/results.csv",
    "metric_scores": {
        "Lan-Bridge": 0.22380222797908,
        "JDExploreAcademy": 0.2123183936804792,
        "M2M100_1.2B-B4": -0.0037250604955155,
        "Online-Y": 0.2006691457770232,
        "AISP-SJTU": 0.1942217090979765,
        "comet_bestmbr": 0.2452068082003002,
        "refA": 1.3347704098721729,
        "Online-W": 0.0732190641655468,
        "LanguageX": 0.2210294330658024,
        "HuaweiTSC": 0.1845035572360093,
        "Online-B": 0.2211194518229,
        "bleu_bestmbr": 0.2503299884881076,
        "Online-A": 0.1348704182026857,
        "bleurt_bestmbr": 0.2660891881282711,
        "Online-G": 0.2429106574780649,
        "refB": 0.6245692515993871
    }
}