{
    "system_accuracy": 0.7083333333333334,
    "spearman": 0.5411764705882353,
    "pearson": 0.6348907939307623,
    "kendall": 0.41666666666666663,
    "languages_pair": "zh-en",
    "domain": "ecommerce",
    "reference": "zh-en.refA.txt-ecommerce",
    "system_names": [
        "Lan-Bridge",
        "JDExploreAcademy",
        "M2M100_1.2B-B4",
        "Online-Y",
        "AISP-SJTU",
        "comet_bestmbr",
        "refA",
        "Online-W",
        "LanguageX",
        "HuaweiTSC",
        "Online-B",
        "bleu_bestmbr",
        "Online-A",
        "bleurt_bestmbr",
        "Online-G",
        "refB"
    ],
    "human_scores_file": "data/wmt22//zh-en/human-scores/zh-en.mqm.domain.score",
    "human_scores": {
        "Lan-Bridge": -3.677992277992277,
        "JDExploreAcademy": -3.783976833976833,
        "M2M100_1.2B-B4": -9.366602316602318,
        "Online-Y": -4.159652509652508,
        "AISP-SJTU": -5.029536679536675,
        "comet_bestmbr": -3.809845559845557,
        "refA": -1.4237451737451747,
        "Online-W": -5.760231660231653,
        "LanguageX": -4.295752895752894,
        "HuaweiTSC": -5.204054054054052,
        "Online-B": -3.9812741312741298,
        "bleu_bestmbr": -4.215830115830115,
        "Online-A": -5.389768339768335,
        "bleurt_bestmbr": -3.547876447876448,
        "Online-G": -3.7276061776061775,
        "refB": -1.6876447876447882
    },
    "metric_scores_file": "data/wmt22//zh-en/domains/ecommerce/nlp-telescope-scores/zh-en-ecommerce/zh-en.refA.txt-ecommerce/results.csv",
    "metric_scores": {
        "Lan-Bridge": -0.6858760826115923,
        "JDExploreAcademy": -0.6797968021319121,
        "M2M100_1.2B-B4": -0.7605762824783477,
        "Online-Y": -0.7016988674217188,
        "AISP-SJTU": -0.6902065289806797,
        "comet_bestmbr": -0.7236842105263157,
        "refA": -0.0,
        "Online-W": -0.7298467688207861,
        "LanguageX": -0.679713524317122,
        "HuaweiTSC": -0.6997834776815456,
        "Online-B": -0.6922051965356429,
        "bleu_bestmbr": -0.6679713524317122,
        "Online-A": -0.7153564290473018,
        "bleurt_bestmbr": -0.7060293137908061,
        "Online-G": -0.7036142571618921,
        "refB": -0.3996502331778814
    }
}