{
    "system_accuracy": 0.825,
    "spearman": 0.7794117647058825,
    "pearson": 0.6574136714658901,
    "kendall": 0.65,
    "languages_pair": "zh-en",
    "domain": "ecommerce",
    "reference": "zh-en.refA.txt-ecommerce",
    "system_names": [
        "Lan-Bridge",
        "JDExploreAcademy",
        "M2M100_1.2B-B4",
        "Online-Y",
        "AISP-SJTU",
        "comet_bestmbr",
        "refA",
        "Online-W",
        "LanguageX",
        "HuaweiTSC",
        "Online-B",
        "bleu_bestmbr",
        "Online-A",
        "bleurt_bestmbr",
        "Online-G",
        "refB"
    ],
    "human_scores_file": "data/wmt22//zh-en/human-scores/zh-en.mqm.domain.score",
    "human_scores": {
        "Lan-Bridge": -3.677992277992277,
        "JDExploreAcademy": -3.783976833976833,
        "M2M100_1.2B-B4": -9.366602316602318,
        "Online-Y": -4.159652509652508,
        "AISP-SJTU": -5.029536679536675,
        "comet_bestmbr": -3.809845559845557,
        "refA": -1.4237451737451747,
        "Online-W": -5.760231660231653,
        "LanguageX": -4.295752895752894,
        "HuaweiTSC": -5.204054054054052,
        "Online-B": -3.9812741312741298,
        "bleu_bestmbr": -4.215830115830115,
        "Online-A": -5.389768339768335,
        "bleurt_bestmbr": -3.547876447876448,
        "Online-G": -3.7276061776061775,
        "refB": -1.6876447876447882
    },
    "metric_scores_file": "data/wmt22//zh-en/domains/ecommerce/nlp-telescope-scores/zh-en-ecommerce/zh-en.refA.txt-ecommerce/universal_metrics/weighted_mean/weighted-mean-seed-12_0_1_TER_ranks_systems.csv",
    "metric_scores": {
        "Lan-Bridge": 0.2115516764825385,
        "JDExploreAcademy": 0.2116802967982041,
        "M2M100_1.2B-B4": 0.1459650414325241,
        "Online-Y": 0.2045991736249517,
        "AISP-SJTU": 0.2056668593924294,
        "comet_bestmbr": 0.201256718199583,
        "refA": 0.6803656377656552,
        "Online-W": 0.1776870033359953,
        "LanguageX": 0.2148354470123255,
        "HuaweiTSC": 0.2025954382010234,
        "Online-B": 0.2123901969046891,
        "bleu_bestmbr": 0.2227204844941727,
        "Online-A": 0.1913586174275281,
        "bleurt_bestmbr": 0.2177492044788265,
        "Online-G": 0.2150485144012357,
        "refB": 0.3747969678091207
    }
}