{
    "system_accuracy": 0.8666666666666667,
    "spearman": 0.8676470588235294,
    "pearson": 0.8897885381193369,
    "kendall": 0.7333333333333334,
    "languages_pair": "zh-en",
    "domain": "ecommerce",
    "reference": "zh-en.refA.txt-ecommerce",
    "system_names": [
        "Lan-Bridge",
        "JDExploreAcademy",
        "M2M100_1.2B-B4",
        "Online-Y",
        "AISP-SJTU",
        "comet_bestmbr",
        "refA",
        "Online-W",
        "LanguageX",
        "HuaweiTSC",
        "Online-B",
        "bleu_bestmbr",
        "Online-A",
        "bleurt_bestmbr",
        "Online-G",
        "refB"
    ],
    "human_scores_file": "data/wmt22//zh-en/human-scores/zh-en.mqm.domain.score",
    "human_scores": {
        "Lan-Bridge": -3.677992277992277,
        "JDExploreAcademy": -3.783976833976833,
        "M2M100_1.2B-B4": -9.366602316602318,
        "Online-Y": -4.159652509652508,
        "AISP-SJTU": -5.029536679536675,
        "comet_bestmbr": -3.809845559845557,
        "refA": -1.4237451737451747,
        "Online-W": -5.760231660231653,
        "LanguageX": -4.295752895752894,
        "HuaweiTSC": -5.204054054054052,
        "Online-B": -3.9812741312741298,
        "bleu_bestmbr": -4.215830115830115,
        "Online-A": -5.389768339768335,
        "bleurt_bestmbr": -3.547876447876448,
        "Online-G": -3.7276061776061775,
        "refB": -1.6876447876447882
    },
    "metric_scores_file": "data/wmt22//zh-en/domains/ecommerce/nlp-telescope-scores/zh-en-ecommerce/zh-en.refA.txt-ecommerce/universal_metrics/weighted_mean/weighted-mean-seed-12_-1_1_ranks_systems.csv",
    "metric_scores": {
        "Lan-Bridge": 0.2368677510067177,
        "JDExploreAcademy": 0.2345770162849659,
        "M2M100_1.2B-B4": 0.2163175030701519,
        "Online-Y": 0.2360963421238175,
        "AISP-SJTU": 0.2333066191804732,
        "comet_bestmbr": 0.247905692014811,
        "refA": 0.2609324283669503,
        "Online-W": 0.2224481407514193,
        "LanguageX": 0.2352914243256247,
        "HuaweiTSC": 0.2336846039888049,
        "Online-B": 0.2376570496127669,
        "bleu_bestmbr": 0.2387304531744042,
        "Online-A": 0.2283788845680296,
        "bleurt_bestmbr": 0.2457196730721468,
        "Online-G": 0.2412433356151302,
        "refB": 0.2456240009029053
    }
}