{
    "system_accuracy": 0.8666666666666667,
    "spearman": 0.85,
    "pearson": 0.7767777008779487,
    "kendall": 0.7333333333333334,
    "languages_pair": "zh-en",
    "domain": "ecommerce",
    "reference": "zh-en.refA.txt-ecommerce",
    "system_names": [
        "Lan-Bridge",
        "JDExploreAcademy",
        "M2M100_1.2B-B4",
        "Online-Y",
        "AISP-SJTU",
        "comet_bestmbr",
        "refA",
        "Online-W",
        "LanguageX",
        "HuaweiTSC",
        "Online-B",
        "bleu_bestmbr",
        "Online-A",
        "bleurt_bestmbr",
        "Online-G",
        "refB"
    ],
    "human_scores_file": "data/wmt22//zh-en/human-scores/zh-en.mqm.domain.score",
    "human_scores": {
        "Lan-Bridge": -3.677992277992277,
        "JDExploreAcademy": -3.783976833976833,
        "M2M100_1.2B-B4": -9.366602316602318,
        "Online-Y": -4.159652509652508,
        "AISP-SJTU": -5.029536679536675,
        "comet_bestmbr": -3.809845559845557,
        "refA": -1.4237451737451747,
        "Online-W": -5.760231660231653,
        "LanguageX": -4.295752895752894,
        "HuaweiTSC": -5.204054054054052,
        "Online-B": -3.9812741312741298,
        "bleu_bestmbr": -4.215830115830115,
        "Online-A": -5.389768339768335,
        "bleurt_bestmbr": -3.547876447876448,
        "Online-G": -3.7276061776061775,
        "refB": -1.6876447876447882
    },
    "metric_scores_file": "data/wmt22//zh-en/domains/ecommerce/nlp-telescope-scores/zh-en-ecommerce/zh-en.refA.txt-ecommerce/universal_metrics/weighted_mean/weighted-mean-seed-36_-1_1_ranks_systems.csv",
    "metric_scores": {
        "Lan-Bridge": -0.0322814649268487,
        "JDExploreAcademy": -0.0337523985848465,
        "M2M100_1.2B-B4": -0.0447770433088008,
        "Online-Y": -0.0321544998142425,
        "AISP-SJTU": -0.0341680235915846,
        "comet_bestmbr": -0.0224460843931145,
        "refA": 0.0061461236370666,
        "Online-W": -0.0417033449193457,
        "LanguageX": -0.0328573558297911,
        "HuaweiTSC": -0.0337415256211986,
        "Online-B": -0.0311499960846679,
        "bleu_bestmbr": -0.0306022598326187,
        "Online-A": -0.0377149032689771,
        "bleurt_bestmbr": -0.0259962113420567,
        "Online-G": -0.028481225820143,
        "refB": -0.0223784090110515
    }
}