{
    "system_accuracy": 0.8833333333333333,
    "spearman": 0.8852941176470588,
    "pearson": 0.6833352387251096,
    "kendall": 0.7666666666666667,
    "languages_pair": "zh-en",
    "domain": "ecommerce",
    "reference": "zh-en.refA.txt-ecommerce",
    "system_names": [
        "Lan-Bridge",
        "JDExploreAcademy",
        "M2M100_1.2B-B4",
        "Online-Y",
        "AISP-SJTU",
        "comet_bestmbr",
        "refA",
        "Online-W",
        "LanguageX",
        "HuaweiTSC",
        "Online-B",
        "bleu_bestmbr",
        "Online-A",
        "bleurt_bestmbr",
        "Online-G",
        "refB"
    ],
    "human_scores_file": "data/wmt22//zh-en/human-scores/zh-en.mqm.domain.score",
    "human_scores": {
        "Lan-Bridge": -3.677992277992277,
        "JDExploreAcademy": -3.783976833976833,
        "M2M100_1.2B-B4": -9.366602316602318,
        "Online-Y": -4.159652509652508,
        "AISP-SJTU": -5.029536679536675,
        "comet_bestmbr": -3.809845559845557,
        "refA": -1.4237451737451747,
        "Online-W": -5.760231660231653,
        "LanguageX": -4.295752895752894,
        "HuaweiTSC": -5.204054054054052,
        "Online-B": -3.9812741312741298,
        "bleu_bestmbr": -4.215830115830115,
        "Online-A": -5.389768339768335,
        "bleurt_bestmbr": -3.547876447876448,
        "Online-G": -3.7276061776061775,
        "refB": -1.6876447876447882
    },
    "metric_scores_file": "data/wmt22//zh-en/domains/ecommerce/nlp-telescope-scores/zh-en-ecommerce/zh-en.refA.txt-ecommerce/universal_metrics/weighted_mean/weighted-mean-seed-24_-1_1_ranks_systems.csv",
    "metric_scores": {
        "Lan-Bridge": 0.1463132903330491,
        "JDExploreAcademy": 0.1432802038963278,
        "M2M100_1.2B-B4": 0.1282786393962648,
        "Online-Y": 0.1453021502104012,
        "AISP-SJTU": 0.1425910916497189,
        "comet_bestmbr": 0.1569068163416969,
        "refA": 0.2270639331701995,
        "Online-W": 0.1333192514296133,
        "LanguageX": 0.1441446745048763,
        "HuaweiTSC": 0.1428258657915248,
        "Online-B": 0.1464827591867973,
        "bleu_bestmbr": 0.1472154210136122,
        "Online-A": 0.138704924601861,
        "bleurt_bestmbr": 0.153992780207109,
        "Online-G": 0.1501609515196349,
        "refB": 0.1573809466723736
    }
}