{
    "system_accuracy": 0.875,
    "spearman": 0.8529411764705882,
    "pearson": 0.650412866153097,
    "kendall": 0.75,
    "languages_pair": "zh-en",
    "domain": "ecommerce",
    "reference": "zh-en.refA.txt-ecommerce",
    "system_names": [
        "Lan-Bridge",
        "JDExploreAcademy",
        "M2M100_1.2B-B4",
        "Online-Y",
        "AISP-SJTU",
        "comet_bestmbr",
        "refA",
        "Online-W",
        "LanguageX",
        "HuaweiTSC",
        "Online-B",
        "bleu_bestmbr",
        "Online-A",
        "bleurt_bestmbr",
        "Online-G",
        "refB"
    ],
    "human_scores_file": "data/wmt22//zh-en/human-scores/zh-en.mqm.domain.score",
    "human_scores": {
        "Lan-Bridge": -3.677992277992277,
        "JDExploreAcademy": -3.783976833976833,
        "M2M100_1.2B-B4": -9.366602316602318,
        "Online-Y": -4.159652509652508,
        "AISP-SJTU": -5.029536679536675,
        "comet_bestmbr": -3.809845559845557,
        "refA": -1.4237451737451747,
        "Online-W": -5.760231660231653,
        "LanguageX": -4.295752895752894,
        "HuaweiTSC": -5.204054054054052,
        "Online-B": -3.9812741312741298,
        "bleu_bestmbr": -4.215830115830115,
        "Online-A": -5.389768339768335,
        "bleurt_bestmbr": -3.547876447876448,
        "Online-G": -3.7276061776061775,
        "refB": -1.6876447876447882
    },
    "metric_scores_file": "data/wmt22//zh-en/domains/ecommerce/nlp-telescope-scores/zh-en-ecommerce/zh-en.refA.txt-ecommerce/universal_metrics/weighted_mean/weighted-mean-seed-24_0_1_TER_ranks_systems.csv",
    "metric_scores": {
        "Lan-Bridge": 0.2197496114429845,
        "JDExploreAcademy": 0.2183899895041701,
        "M2M100_1.2B-B4": 0.1715889412816283,
        "Online-Y": 0.2149158304137502,
        "AISP-SJTU": 0.2142482555689805,
        "comet_bestmbr": 0.2166184396394254,
        "refA": 0.5733779741989864,
        "Online-W": 0.1929754375025411,
        "LanguageX": 0.2208006328427589,
        "HuaweiTSC": 0.212330323634512,
        "Online-B": 0.2202859009931599,
        "bleu_bestmbr": 0.2262383399562459,
        "Online-A": 0.2038544833685483,
        "bleurt_bestmbr": 0.2267947238227292,
        "Online-G": 0.2238800447302671,
        "refB": 0.3295245379397759
    }
}