{
    "system_accuracy": 0.9,
    "spearman": 0.8970588235294116,
    "pearson": 0.630547529785898,
    "kendall": 0.7999999999999999,
    "languages_pair": "zh-en",
    "domain": "ecommerce",
    "reference": "zh-en.refA.txt-ecommerce",
    "system_names": [
        "Lan-Bridge",
        "JDExploreAcademy",
        "M2M100_1.2B-B4",
        "Online-Y",
        "AISP-SJTU",
        "comet_bestmbr",
        "refA",
        "Online-W",
        "LanguageX",
        "HuaweiTSC",
        "Online-B",
        "bleu_bestmbr",
        "Online-A",
        "bleurt_bestmbr",
        "Online-G",
        "refB"
    ],
    "human_scores_file": "data/wmt22//zh-en/human-scores/zh-en.mqm.domain.score",
    "human_scores": {
        "Lan-Bridge": -3.677992277992277,
        "JDExploreAcademy": -3.783976833976833,
        "M2M100_1.2B-B4": -9.366602316602318,
        "Online-Y": -4.159652509652508,
        "AISP-SJTU": -5.029536679536675,
        "comet_bestmbr": -3.809845559845557,
        "refA": -1.4237451737451747,
        "Online-W": -5.760231660231653,
        "LanguageX": -4.295752895752894,
        "HuaweiTSC": -5.204054054054052,
        "Online-B": -3.9812741312741298,
        "bleu_bestmbr": -4.215830115830115,
        "Online-A": -5.389768339768335,
        "bleurt_bestmbr": -3.547876447876448,
        "Online-G": -3.7276061776061775,
        "refB": -1.6876447876447882
    },
    "metric_scores_file": "data/wmt22//zh-en/domains/ecommerce/nlp-telescope-scores/zh-en-ecommerce/zh-en.refA.txt-ecommerce/universal_metrics/weighted_mean/weighted-mean-seed-36_0_1_TER_ranks_systems.csv",
    "metric_scores": {
        "Lan-Bridge": 0.1972478842146627,
        "JDExploreAcademy": 0.1951898792644304,
        "M2M100_1.2B-B4": 0.1578992677560239,
        "Online-Y": 0.1929214727909897,
        "AISP-SJTU": 0.1918207451022202,
        "comet_bestmbr": 0.1976933067522182,
        "refA": 0.527339947578521,
        "Online-W": 0.173967617202725,
        "LanguageX": 0.1969111360538803,
        "HuaweiTSC": 0.1902732555904952,
        "Online-B": 0.1971773869607853,
        "bleu_bestmbr": 0.201982854934325,
        "Online-A": 0.1829831105966664,
        "bleurt_bestmbr": 0.202836936953147,
        "Online-G": 0.1998376313166174,
        "refB": 0.2877179270555777
    }
}