,Precison,FDR,FOR,NPV,Recall,FPR,FNR,TNR
neutral,1.0,0.0,0.1686046511627907,0.8313953488372093,0.19444444444444445,0.0,0.8055555555555556,1.0
female,0.7662337662337663,0.23376623376623376,0.0392156862745098,0.9607843137254902,0.9365079365079365,0.15517241379310345,0.06349206349206349,0.8448275862068966
male,0.8210526315789474,0.17894736842105263,0.023809523809523808,0.9761904761904762,0.975,0.1717171717171717,0.025,0.8282828282828283
