,PPV,FDR,FOR,NPV,TPR,FPR,FNR,TNR
neutral,1.0,0.0,0.08333333333333333,0.9166666666666666,0.625,0.0,0.375,1.0
female,0.8611111111111112,0.1388888888888889,0.0,1.0,1.0,0.09803921568627451,0.0,0.9019607843137255
male,0.9722222222222222,0.027777777777777776,0.0,1.0,1.0,0.02127659574468085,0.0,0.9787234042553191
