,OnlineA,OnlineB
Demographic-Parity,0.023809523809523836,0.023809523809523836
Accuracy,0.9906976744186047,0.9906976744186047
Precision,0.9899537874221419,0.9899537874221419
Recall,0.9899537874221419,0.9899537874221419
F1-score,0.9899537874221419,0.9899537874221419
