,Precison,FDR,FOR,NPV,Recall,FPR,FNR,TNR
neutral,0.9893617021276596,0.010638297872340425,0.04081632653061224,0.9591836734693877,0.9587628865979382,0.010526315789473684,0.041237113402061855,0.9894736842105263
female,0.9285714285714286,0.07142857142857142,0.0,1.0,1.0,0.0196078431372549,0.0,0.9803921568627451
male,0.9464285714285714,0.05357142857142857,0.022058823529411766,0.9779411764705882,0.9464285714285714,0.022058823529411766,0.05357142857142857,0.9779411764705882
