,Precison,FDR,FOR,NPV,Recall,FPR,FNR,TNR
neutral,0.0,0.0,0.0,1.0,0.0,0.0,0.0,1.0
female,0.9743589743589743,0.02564102564102564,0.0379746835443038,0.9620253164556962,0.926829268292683,0.012987012987012988,0.07317073170731707,0.987012987012987
male,0.9620253164556962,0.0379746835443038,0.02564102564102564,0.9743589743589743,0.987012987012987,0.07317073170731707,0.012987012987012988,0.926829268292683
