,bleu_bestmbr,bleurt_bestmbr,chrf_bestmbr,comet_bestmbr,JDExploreAcademy,Lan-Bridge,M2M100_1.2B-B4,Online-A,Online-B,Online-G,Online-W,Online-Y,OpenNMT,PROMT,QUARTZ_TuneReranking,refA,refB
COMET,0.4359105783287305,0.3890285105817384,0.4443565974761441,0.4201534928934052,0.4176127635728335,0.4107700932645457,0.2911464012695433,0.41752320466457604,0.4360179814584626,0.39891856847316376,0.45808288100397476,0.440726956443541,0.35847651166341166,0.3846768537914613,0.364119072912672,0.3763545117981266,1.4662446049042046
BERTScore,0.8813258406007662,0.8640168476849794,0.8802665626863018,0.8672442607348785,0.8795352861052379,0.8766037560999393,0.8615347377490252,0.8784232616890222,0.8811548495432362,0.8765281578525901,0.8788079885998741,0.8818336254917085,0.8700443583074957,0.8774703522212803,0.8655193659942597,0.8694598795846105,1.0000000013969839
TER,0.5011233150274588,0.5881178232651023,0.5163504742885672,0.5680229655516725,0.510234648027958,0.5111083374937594,0.5627808287568647,0.5154767848227658,0.5067398901647528,0.5229655516724913,0.5309535696455318,0.5083624563155267,0.540564153769346,0.5254618072890664,0.5609086370444334,0.5797553669495756,0.0
BLEU,0.36403416106045555,0.29186861114445867,0.3599097982804688,0.29342583265587974,0.37110547610763506,0.35646144305609395,0.30932204758558596,0.36433297045448293,0.36943038247602217,0.3541575151550671,0.3443125483972157,0.3650225891555071,0.3404368452065668,0.35817280921835093,0.31408707001635844,0.30457703932001223,1.0000000000000004
chrF,0.5998903464189845,0.5610069118383822,0.6080182674249152,0.5615694446685572,0.5989330029959805,0.5967852334861855,0.550692705817144,0.5978585992691446,0.6023696738789485,0.5916802771701104,0.5922744032841594,0.6001231264309022,0.5760157586322285,0.5911403457161675,0.5611397608562103,0.5517657559069983,1.0
ZeroEdit,0.044921875,0.03515625,0.0390625,0.03125,0.03515625,0.041015625,0.0234375,0.037109375,0.044921875,0.0390625,0.041015625,0.048828125,0.025390625,0.03515625,0.02734375,0.041015625,1.0
GLEU,0.6795310883078108,0.6434610756979336,0.6793821105781238,0.6515149668756843,0.675645631624198,0.6727089758631131,0.6331238064117013,0.6761578340614289,0.6794667784744617,0.6724850917314039,0.6773943748694078,0.6805871040425117,0.649229715455336,0.6721203044496431,0.6439155384424976,0.6500401797638694,1.0
