,bing,google
Demographic-Parity,0.6678743961352657,0.6956521739130435
Accuracy,0.8396946564885496,0.8473282442748091
Precision,0.8772131304431046,0.8804535147392291
Recall,0.7310789049919485,0.7495974235104669
F1-score,0.7390474614599708,0.7462985194077633
