,bing,google
Accuracy,0.8695652173913043,0.855072463768116
F1-score,0.8294998924289542,0.8189682066989988
