,PPV,FDR,FOR,NPV,TPR,FPR,FNR,TNR
neutral,0.0,0.0,0.0,1.0,0.0,0.0,0.0,1.0
female,0.975609756097561,0.024390243902439025,0.05,0.95,0.9523809523809523,0.02564102564102564,0.047619047619047616,0.9743589743589743
male,0.95,0.05,0.024390243902439025,0.975609756097561,0.9743589743589743,0.047619047619047616,0.02564102564102564,0.9523809523809523
