,Precison,FDR,FOR,NPV,Recall,FPR,FNR,TNR
neutral,0.0,0.0,0.0,1.0,0.0,0.0,0.0,1.0
female,0.9692307692307692,0.03076923076923077,0.11392405063291139,0.8860759493670886,0.875,0.027777777777777776,0.125,0.9722222222222222
male,0.8860759493670886,0.11392405063291139,0.03076923076923077,0.9692307692307692,0.9722222222222222,0.125,0.027777777777777776,0.875
