,Precison,FDR,FOR,NPV,Recall,FPR,FNR,TNR
neutral,1.0,0.0,0.20121951219512196,0.7987804878048781,0.175,0.0,0.825,1.0
female,0.8026315789473685,0.19736842105263158,0.031578947368421054,0.968421052631579,0.953125,0.14018691588785046,0.046875,0.8598130841121495
male,0.7386363636363636,0.26136363636363635,0.024096385542168676,0.9759036144578314,0.9701492537313433,0.22115384615384615,0.029850746268656716,0.7788461538461539
