,PPV,FDR,FOR,NPV,TPR,FPR,FNR,TNR
neutral,0.9948717948717949,0.005128205128205128,0.03896103896103896,0.961038961038961,0.97,0.006711409395973154,0.03,0.9932885906040269
female,0.9104477611940298,0.08955223880597014,0.0035460992907801418,0.9964539007092199,0.9838709677419355,0.020905923344947737,0.016129032258064516,0.9790940766550522
male,0.9540229885057471,0.04597701149425287,0.015267175572519083,0.9847328244274809,0.9540229885057471,0.015267175572519083,0.04597701149425287,0.9847328244274809
