,PPV,FDR,FOR,NPV,TPR,FPR,FNR,TNR
neutral,0.0,0.0,0.0,1.0,0.0,0.0,0.0,1.0
female,0.95,0.05,0.023809523809523808,0.9761904761904762,0.95,0.023809523809523808,0.05,0.9761904761904762
male,0.9761904761904762,0.023809523809523808,0.05,0.95,0.9761904761904762,0.05,0.023809523809523808,0.95
