,Precison,FDR,FOR,NPV,Recall,FPR,FNR,TNR
neutral,0.0,0.0,0.0,1.0,0.0,0.0,0.0,1.0
female,1.0,0.0,0.014492753623188406,0.9855072463768116,0.9824561403508771,0.0,0.017543859649122806,1.0
male,0.9855072463768116,0.014492753623188406,0.0,1.0,1.0,0.017543859649122806,0.0,0.9824561403508771
