,bing,google
Demographic-Parity,0.5426029962546817,0.5564918851435705
Accuracy,0.7175925925925926,0.7222222222222222
Precision,0.7709447415329769,0.7794296644061903
Recall,0.7549909204403585,0.7596205500699882
F1-score,0.7076097593338972,0.7142857142857143
