,bing,google
GLEU,0.7954703983473724,0.9358582071677748
