,bing,google
Accuracy,0.9753086419753086,0.9629629629629629
F1-score,0.9753048780487805,0.9629403690712216
