,PPV,FDR,FOR,NPV,TPR,FPR,FNR,TNR
neutral,0.0,0.0,0.0,1.0,0.0,0.0,0.0,1.0
female,1.0,0.0,0.04878048780487805,0.9512195121951219,0.9523809523809523,0.0,0.047619047619047616,1.0
male,0.9512195121951219,0.04878048780487805,0.0,1.0,1.0,0.047619047619047616,0.0,0.9523809523809523
