,Precison,FDR,FOR,NPV,Recall,FPR,FNR,TNR
neutral,1.0,0.0,0.0038461538461538464,0.9961538461538462,0.9949238578680203,0.0,0.005076142131979695,1.0
female,0.9622641509433962,0.03773584905660377,0.0,1.0,1.0,0.0049382716049382715,0.0,0.9950617283950617
male,0.9951690821256038,0.004830917874396135,0.008032128514056224,0.9919678714859438,0.9903846153846154,0.004032258064516129,0.009615384615384616,0.9959677419354839
