,bing,google
Demographic-Parity,0.7951492537313434,0.780223880597015
Accuracy,0.7777777777777778,0.7485380116959064
Precision,0.8470893141945774,0.8291062801932366
Recall,0.699424751243781,0.6736162935323383
F1-score,0.6693368630911527,0.6470463603613531
