,Sys 1,Sys 2,Sys 3,Sys 4,Sys 5
BERTScore,0.9312696600342817,0.9367510998312802,0.9359104384712994,0.9268327935494204,0.9339915781735099
COMET,0.3030154586241725,0.36868818391134395,0.36409407119978876,0.23373524887228314,0.3219269823636561
BLEU,0.2584106066835321,0.2753532614447221,0.2786812887486208,0.2310017277735428,0.2655495880375171
chrF,0.5505867256169257,0.5695383392587988,0.5738259671569654,0.5294451785158146,0.5545646418715234
ZeroEdit,0.0,0.0,0.0,0.0,0.0
TER,0.6481438782568596,0.620705556836523,0.6292367996310814,0.6857274613788333,0.6407655061102144
GLEU,0.6441151855689995,0.661049574568098,0.6594247490393995,0.630805443002373,0.6461950720411059
