{
    "system_accuracy": 0.7583333333333333,
    "spearman": 0.611764705882353,
    "pearson": 0.34024136401051974,
    "kendall": 0.5166666666666667,
    "languages_pair": "en-ru",
    "domain": "ecommerce",
    "reference": "en-ru.refA.txt-ecommerce",
    "system_names": [
        "HuaweiTSC",
        "JDExploreAcademy",
        "Lan-Bridge",
        "M2M100_1.2B-B4",
        "Online-A",
        "Online-B",
        "Online-G",
        "Online-W",
        "Online-Y",
        "PROMT",
        "QUARTZ_TuneReranking",
        "SRPOL",
        "bleu_bestmbr",
        "comet_bestmbr",
        "eTranslation",
        "refA"
    ],
    "human_scores_file": "data/wmt22//en-ru/human-scores/en-ru.mqm.domain.score",
    "human_scores": {
        "HuaweiTSC": -3.0200000000000022,
        "JDExploreAcademy": -2.2252173913043483,
        "Lan-Bridge": -1.4873913043478262,
        "M2M100_1.2B-B4": -4.42217391304348,
        "Online-A": -2.6226086956521746,
        "Online-B": -1.371304347826087,
        "Online-G": -1.8756521739130438,
        "Online-W": -0.9034782608695647,
        "Online-Y": -1.6617391304347824,
        "PROMT": -2.5469565217391317,
        "QUARTZ_TuneReranking": -5.025652173913045,
        "SRPOL": -3.5295652173913066,
        "bleu_bestmbr": -1.3904347826086954,
        "comet_bestmbr": -1.2556521739130435,
        "eTranslation": -3.4878260869565234,
        "refA": -1.952608695652174
    },
    "metric_scores_file": "data/wmt22//en-ru/domains/ecommerce/nlp-telescope-scores/en-ru-ecommerce/en-ru.refA.txt-ecommerce/results.csv",
    "metric_scores": {
        "HuaweiTSC": 0.8817815588330323,
        "JDExploreAcademy": 0.8863828516793701,
        "Lan-Bridge": 0.8888097910386211,
        "M2M100_1.2B-B4": 0.8706668053595525,
        "Online-A": 0.8862080247897022,
        "Online-B": 0.8905943956015245,
        "Online-G": 0.8880349204225361,
        "Online-W": 0.8867280162730307,
        "Online-Y": 0.8905351517335424,
        "PROMT": 0.875735387937078,
        "QUARTZ_TuneReranking": 0.8550363902775746,
        "SRPOL": 0.8790997376981772,
        "bleu_bestmbr": 0.8911631721370625,
        "comet_bestmbr": 0.8752934127483728,
        "eTranslation": 0.8795840825112361,
        "refA": 0.9999999957264596
    }
}