{
    "system_accuracy": 0.7166666666666667,
    "spearman": 0.5058823529411764,
    "pearson": 0.22796024635104473,
    "kendall": 0.43333333333333335,
    "languages_pair": "en-ru",
    "domain": "ecommerce",
    "reference": "en-ru.refA.txt-ecommerce",
    "system_names": [
        "HuaweiTSC",
        "JDExploreAcademy",
        "Lan-Bridge",
        "M2M100_1.2B-B4",
        "Online-A",
        "Online-B",
        "Online-G",
        "Online-W",
        "Online-Y",
        "PROMT",
        "QUARTZ_TuneReranking",
        "SRPOL",
        "bleu_bestmbr",
        "comet_bestmbr",
        "eTranslation",
        "refA"
    ],
    "human_scores_file": "data/wmt22//en-ru/human-scores/en-ru.mqm.domain.score",
    "human_scores": {
        "HuaweiTSC": -3.0200000000000022,
        "JDExploreAcademy": -2.2252173913043483,
        "Lan-Bridge": -1.4873913043478262,
        "M2M100_1.2B-B4": -4.42217391304348,
        "Online-A": -2.6226086956521746,
        "Online-B": -1.371304347826087,
        "Online-G": -1.8756521739130438,
        "Online-W": -0.9034782608695647,
        "Online-Y": -1.6617391304347824,
        "PROMT": -2.5469565217391317,
        "QUARTZ_TuneReranking": -5.025652173913045,
        "SRPOL": -3.5295652173913066,
        "bleu_bestmbr": -1.3904347826086954,
        "comet_bestmbr": -1.2556521739130435,
        "eTranslation": -3.4878260869565234,
        "refA": -1.952608695652174
    },
    "metric_scores_file": "data/wmt22//en-ru/domains/ecommerce/nlp-telescope-scores/en-ru-ecommerce/en-ru.refA.txt-ecommerce/results.csv",
    "metric_scores": {
        "HuaweiTSC": 0.3260265682726457,
        "JDExploreAcademy": 0.3538504375868211,
        "Lan-Bridge": 0.3623996155720907,
        "M2M100_1.2B-B4": 0.3069190445264986,
        "Online-A": 0.3500911730533296,
        "Online-B": 0.3665266210209751,
        "Online-G": 0.3501316387161952,
        "Online-W": 0.3395086108716122,
        "Online-Y": 0.3529361475435005,
        "PROMT": 0.3125247200130914,
        "QUARTZ_TuneReranking": 0.25161707679102,
        "SRPOL": 0.3239982252365408,
        "bleu_bestmbr": 0.3699415033340875,
        "comet_bestmbr": 0.2997117377661487,
        "eTranslation": 0.3330958245581499,
        "refA": 1.0000000000000004
    }
}