{
    "system_accuracy": 0.7833333333333333,
    "spearman": 0.7647058823529411,
    "pearson": 0.30924773956851126,
    "kendall": 0.5666666666666667,
    "languages_pair": "en-ru",
    "domain": "ecommerce",
    "reference": "en-ru.refA.txt-ecommerce",
    "system_names": [
        "HuaweiTSC",
        "JDExploreAcademy",
        "Lan-Bridge",
        "M2M100_1.2B-B4",
        "Online-A",
        "Online-B",
        "Online-G",
        "Online-W",
        "Online-Y",
        "PROMT",
        "QUARTZ_TuneReranking",
        "SRPOL",
        "bleu_bestmbr",
        "comet_bestmbr",
        "eTranslation",
        "refA"
    ],
    "human_scores_file": "data/wmt22//en-ru/human-scores/en-ru.mqm.domain.score",
    "human_scores": {
        "HuaweiTSC": -3.0200000000000022,
        "JDExploreAcademy": -2.2252173913043483,
        "Lan-Bridge": -1.4873913043478262,
        "M2M100_1.2B-B4": -4.42217391304348,
        "Online-A": -2.6226086956521746,
        "Online-B": -1.371304347826087,
        "Online-G": -1.8756521739130438,
        "Online-W": -0.9034782608695647,
        "Online-Y": -1.6617391304347824,
        "PROMT": -2.5469565217391317,
        "QUARTZ_TuneReranking": -5.025652173913045,
        "SRPOL": -3.5295652173913066,
        "bleu_bestmbr": -1.3904347826086954,
        "comet_bestmbr": -1.2556521739130435,
        "eTranslation": -3.4878260869565234,
        "refA": -1.952608695652174
    },
    "metric_scores_file": "data/wmt22//en-ru/domains/ecommerce/nlp-telescope-scores/en-ru-ecommerce/en-ru.refA.txt-ecommerce/results.csv",
    "metric_scores": {
        "HuaweiTSC": 0.6685196405610526,
        "JDExploreAcademy": 0.7095512493803464,
        "Lan-Bridge": 0.7346218603601644,
        "M2M100_1.2B-B4": 0.6108498111182719,
        "Online-A": 0.7139040835746476,
        "Online-B": 0.7445308718487691,
        "Online-G": 0.7468853503483225,
        "Online-W": 0.7392275072792369,
        "Online-Y": 0.7475795465231574,
        "PROMT": 0.626000580810151,
        "QUARTZ_TuneReranking": 0.5917050366562282,
        "SRPOL": 0.6237717121101494,
        "bleu_bestmbr": 0.744622778758969,
        "comet_bestmbr": 0.7387947540879601,
        "eTranslation": 0.6543341740016948,
        "refA": 1.648640021850478
    }
}