{
    "system_accuracy": 0.7333333333333333,
    "spearman": 0.5911764705882353,
    "pearson": 0.31032059826364866,
    "kendall": 0.4666666666666666,
    "languages_pair": "en-ru",
    "domain": "ecommerce",
    "reference": "en-ru.refA.txt-ecommerce",
    "system_names": [
        "HuaweiTSC",
        "JDExploreAcademy",
        "Lan-Bridge",
        "M2M100_1.2B-B4",
        "Online-A",
        "Online-B",
        "Online-G",
        "Online-W",
        "Online-Y",
        "PROMT",
        "QUARTZ_TuneReranking",
        "SRPOL",
        "bleu_bestmbr",
        "comet_bestmbr",
        "eTranslation",
        "refA"
    ],
    "human_scores_file": "data/wmt22//en-ru/human-scores/en-ru.mqm.domain.score",
    "human_scores": {
        "HuaweiTSC": -3.0200000000000022,
        "JDExploreAcademy": -2.2252173913043483,
        "Lan-Bridge": -1.4873913043478262,
        "M2M100_1.2B-B4": -4.42217391304348,
        "Online-A": -2.6226086956521746,
        "Online-B": -1.371304347826087,
        "Online-G": -1.8756521739130438,
        "Online-W": -0.9034782608695647,
        "Online-Y": -1.6617391304347824,
        "PROMT": -2.5469565217391317,
        "QUARTZ_TuneReranking": -5.025652173913045,
        "SRPOL": -3.5295652173913066,
        "bleu_bestmbr": -1.3904347826086954,
        "comet_bestmbr": -1.2556521739130435,
        "eTranslation": -3.4878260869565234,
        "refA": -1.952608695652174
    },
    "metric_scores_file": "data/wmt22//en-ru/domains/ecommerce/nlp-telescope-scores/en-ru-ecommerce/en-ru.refA.txt-ecommerce/results.csv",
    "metric_scores": {
        "HuaweiTSC": 0.6695382113082864,
        "JDExploreAcademy": 0.6860564796238748,
        "Lan-Bridge": 0.6915593894451216,
        "M2M100_1.2B-B4": 0.648328686240199,
        "Online-A": 0.6843177615824071,
        "Online-B": 0.692460325387657,
        "Online-G": 0.6925602445345233,
        "Online-W": 0.6854987185058077,
        "Online-Y": 0.6908480781229429,
        "PROMT": 0.6573751581493015,
        "QUARTZ_TuneReranking": 0.6102644134105235,
        "SRPOL": 0.6669874892978717,
        "bleu_bestmbr": 0.695546684446497,
        "comet_bestmbr": 0.6611968291571759,
        "eTranslation": 0.6712298829501793,
        "refA": 1.0
    }
}