{
    "system_accuracy": 0.6666666666666666,
    "spearman": 0.4676470588235294,
    "pearson": 0.20903633185245368,
    "kendall": 0.33333333333333337,
    "languages_pair": "en-ru",
    "domain": "ecommerce",
    "reference": "en-ru.refA.txt-ecommerce",
    "system_names": [
        "HuaweiTSC",
        "JDExploreAcademy",
        "Lan-Bridge",
        "M2M100_1.2B-B4",
        "Online-A",
        "Online-B",
        "Online-G",
        "Online-W",
        "Online-Y",
        "PROMT",
        "QUARTZ_TuneReranking",
        "SRPOL",
        "bleu_bestmbr",
        "comet_bestmbr",
        "eTranslation",
        "refA"
    ],
    "human_scores_file": "data/wmt22//en-ru/human-scores/en-ru.mqm.domain.score",
    "human_scores": {
        "HuaweiTSC": -3.0200000000000022,
        "JDExploreAcademy": -2.2252173913043483,
        "Lan-Bridge": -1.4873913043478262,
        "M2M100_1.2B-B4": -4.42217391304348,
        "Online-A": -2.6226086956521746,
        "Online-B": -1.371304347826087,
        "Online-G": -1.8756521739130438,
        "Online-W": -0.9034782608695647,
        "Online-Y": -1.6617391304347824,
        "PROMT": -2.5469565217391317,
        "QUARTZ_TuneReranking": -5.025652173913045,
        "SRPOL": -3.5295652173913066,
        "bleu_bestmbr": -1.3904347826086954,
        "comet_bestmbr": -1.2556521739130435,
        "eTranslation": -3.4878260869565234,
        "refA": -1.952608695652174
    },
    "metric_scores_file": "data/wmt22//en-ru/domains/ecommerce/nlp-telescope-scores/en-ru-ecommerce/en-ru.refA.txt-ecommerce/universal_metrics/median_ranks_systems.csv",
    "metric_scores": {
        "HuaweiTSC": 0.5905239623177149,
        "JDExploreAcademy": 0.6155089735387376,
        "Lan-Bridge": 0.6208168919609949,
        "M2M100_1.2B-B4": 0.5680562531391261,
        "Online-A": 0.6137030265944818,
        "Online-B": 0.6209782592845159,
        "Online-G": 0.6251812688235452,
        "Online-W": 0.6076700993614953,
        "Online-Y": 0.6167300658400197,
        "PROMT": 0.5822776242353673,
        "QUARTZ_TuneReranking": 0.5917050366562282,
        "SRPOL": 0.5914514835185808,
        "bleu_bestmbr": 0.6206668605062535,
        "comet_bestmbr": 0.5826217980914113,
        "eTranslation": 0.5952138269050099,
        "refA": 1.0
    }
}