{
    "system_accuracy": 0.725,
    "spearman": 0.5117647058823529,
    "pearson": 0.27832609410313147,
    "kendall": 0.45,
    "languages_pair": "en-ru",
    "domain": "ecommerce",
    "reference": "en-ru.refA.txt-ecommerce",
    "system_names": [
        "HuaweiTSC",
        "JDExploreAcademy",
        "Lan-Bridge",
        "M2M100_1.2B-B4",
        "Online-A",
        "Online-B",
        "Online-G",
        "Online-W",
        "Online-Y",
        "PROMT",
        "QUARTZ_TuneReranking",
        "SRPOL",
        "bleu_bestmbr",
        "comet_bestmbr",
        "eTranslation",
        "refA"
    ],
    "human_scores_file": "data/wmt22//en-ru/human-scores/en-ru.mqm.domain.score",
    "human_scores": {
        "HuaweiTSC": -3.0200000000000022,
        "JDExploreAcademy": -2.2252173913043483,
        "Lan-Bridge": -1.4873913043478262,
        "M2M100_1.2B-B4": -4.42217391304348,
        "Online-A": -2.6226086956521746,
        "Online-B": -1.371304347826087,
        "Online-G": -1.8756521739130438,
        "Online-W": -0.9034782608695647,
        "Online-Y": -1.6617391304347824,
        "PROMT": -2.5469565217391317,
        "QUARTZ_TuneReranking": -5.025652173913045,
        "SRPOL": -3.5295652173913066,
        "bleu_bestmbr": -1.3904347826086954,
        "comet_bestmbr": -1.2556521739130435,
        "eTranslation": -3.4878260869565234,
        "refA": -1.952608695652174
    },
    "metric_scores_file": "data/wmt22//en-ru/domains/ecommerce/nlp-telescope-scores/en-ru-ecommerce/en-ru.refA.txt-ecommerce/results.csv",
    "metric_scores": {
        "HuaweiTSC": -0.548216976393772,
        "JDExploreAcademy": -0.5212204922149674,
        "Lan-Bridge": -0.5052737317930688,
        "M2M100_1.2B-B4": -0.5680562531391261,
        "Online-A": -0.5261175288799598,
        "Online-B": -0.5059015570065294,
        "Online-G": -0.5244851833249623,
        "Online-W": -0.5379206428930186,
        "Online-Y": -0.5115519839276745,
        "PROMT": -0.562405826217981,
        "QUARTZ_TuneReranking": -0.6421396283274735,
        "SRPOL": -0.5497237569060773,
        "bleu_bestmbr": -0.4993721747865394,
        "comet_bestmbr": -0.5826217980914113,
        "eTranslation": -0.5492214967353088,
        "refA": -0.0
    }
}