{
    "system_accuracy": 0.7083333333333334,
    "spearman": 0.5205882352941177,
    "pearson": 0.26607865887430043,
    "kendall": 0.41666666666666663,
    "languages_pair": "en-ru",
    "domain": "ecommerce",
    "reference": "en-ru.refA.txt-ecommerce",
    "system_names": [
        "HuaweiTSC",
        "JDExploreAcademy",
        "Lan-Bridge",
        "M2M100_1.2B-B4",
        "Online-A",
        "Online-B",
        "Online-G",
        "Online-W",
        "Online-Y",
        "PROMT",
        "QUARTZ_TuneReranking",
        "SRPOL",
        "bleu_bestmbr",
        "comet_bestmbr",
        "eTranslation",
        "refA"
    ],
    "human_scores_file": "data/wmt22//en-ru/human-scores/en-ru.mqm.domain.score",
    "human_scores": {
        "HuaweiTSC": -3.0200000000000022,
        "JDExploreAcademy": -2.2252173913043483,
        "Lan-Bridge": -1.4873913043478262,
        "M2M100_1.2B-B4": -4.42217391304348,
        "Online-A": -2.6226086956521746,
        "Online-B": -1.371304347826087,
        "Online-G": -1.8756521739130438,
        "Online-W": -0.9034782608695647,
        "Online-Y": -1.6617391304347824,
        "PROMT": -2.5469565217391317,
        "QUARTZ_TuneReranking": -5.025652173913045,
        "SRPOL": -3.5295652173913066,
        "bleu_bestmbr": -1.3904347826086954,
        "comet_bestmbr": -1.2556521739130435,
        "eTranslation": -3.4878260869565234,
        "refA": -1.952608695652174
    },
    "metric_scores_file": "data/wmt22//en-ru/domains/ecommerce/nlp-telescope-scores/en-ru-ecommerce/en-ru.refA.txt-ecommerce/universal_metrics/weighted_mean/weighted-mean-seed-36_-1_1_ranks_systems.csv",
    "metric_scores": {
        "HuaweiTSC": 0.0099346831601984,
        "JDExploreAcademy": 0.010093083797675,
        "Lan-Bridge": 0.0108943240761724,
        "M2M100_1.2B-B4": 0.0077502543490278,
        "Online-A": 0.0111758324014445,
        "Online-B": 0.012188886049525,
        "Online-G": 0.0134401293931738,
        "Online-W": 0.0156729466097043,
        "Online-Y": 0.0128545707427077,
        "PROMT": 0.0070856942670453,
        "QUARTZ_TuneReranking": 0.0167414644079226,
        "SRPOL": 0.0049305223094205,
        "bleu_bestmbr": 0.0117848791575721,
        "comet_bestmbr": 0.0223749300778502,
        "eTranslation": 0.0086135490082018,
        "refA": 0.0424123336865915
    }
}