{
    "system_accuracy": 0.7666666666666667,
    "spearman": 0.711764705882353,
    "pearson": 0.25066671274472535,
    "kendall": 0.5333333333333333,
    "languages_pair": "en-ru",
    "domain": "ecommerce",
    "reference": "en-ru.refA.txt-ecommerce",
    "system_names": [
        "HuaweiTSC",
        "JDExploreAcademy",
        "Lan-Bridge",
        "M2M100_1.2B-B4",
        "Online-A",
        "Online-B",
        "Online-G",
        "Online-W",
        "Online-Y",
        "PROMT",
        "QUARTZ_TuneReranking",
        "SRPOL",
        "bleu_bestmbr",
        "comet_bestmbr",
        "eTranslation",
        "refA"
    ],
    "human_scores_file": "data/wmt22//en-ru/human-scores/en-ru.mqm.domain.score",
    "human_scores": {
        "HuaweiTSC": -3.0200000000000022,
        "JDExploreAcademy": -2.2252173913043483,
        "Lan-Bridge": -1.4873913043478262,
        "M2M100_1.2B-B4": -4.42217391304348,
        "Online-A": -2.6226086956521746,
        "Online-B": -1.371304347826087,
        "Online-G": -1.8756521739130438,
        "Online-W": -0.9034782608695647,
        "Online-Y": -1.6617391304347824,
        "PROMT": -2.5469565217391317,
        "QUARTZ_TuneReranking": -5.025652173913045,
        "SRPOL": -3.5295652173913066,
        "bleu_bestmbr": -1.3904347826086954,
        "comet_bestmbr": -1.2556521739130435,
        "eTranslation": -3.4878260869565234,
        "refA": -1.952608695652174
    },
    "metric_scores_file": "data/wmt22//en-ru/domains/ecommerce/nlp-telescope-scores/en-ru-ecommerce/en-ru.refA.txt-ecommerce/universal_metrics/weighted_mean/weighted-mean-seed-24_0_1_TER_ranks_systems.csv",
    "metric_scores": {
        "HuaweiTSC": 0.2924369342130963,
        "JDExploreAcademy": 0.303810276951238,
        "Lan-Bridge": 0.3083947974323127,
        "M2M100_1.2B-B4": 0.2785292299753287,
        "Online-A": 0.3030617684143163,
        "Online-B": 0.3101050173320723,
        "Online-G": 0.3101687363439975,
        "Online-W": 0.306402041069277,
        "Online-Y": 0.3094254564071138,
        "PROMT": 0.2834618189500034,
        "QUARTZ_TuneReranking": 0.2657954567399355,
        "SRPOL": 0.2849314367121254,
        "bleu_bestmbr": 0.3103658616254317,
        "comet_bestmbr": 0.2991739267259556,
        "eTranslation": 0.2912553206598666,
        "refA": 0.6178314295928491
    }
}