{
    "system_accuracy": 0.7833333333333333,
    "spearman": 0.7264705882352941,
    "pearson": 0.23172650664562977,
    "kendall": 0.5666666666666667,
    "languages_pair": "en-ru",
    "domain": "ecommerce",
    "reference": "en-ru.refA.txt-ecommerce",
    "system_names": [
        "HuaweiTSC",
        "JDExploreAcademy",
        "Lan-Bridge",
        "M2M100_1.2B-B4",
        "Online-A",
        "Online-B",
        "Online-G",
        "Online-W",
        "Online-Y",
        "PROMT",
        "QUARTZ_TuneReranking",
        "SRPOL",
        "bleu_bestmbr",
        "comet_bestmbr",
        "eTranslation",
        "refA"
    ],
    "human_scores_file": "data/wmt22//en-ru/human-scores/en-ru.mqm.domain.score",
    "human_scores": {
        "HuaweiTSC": -3.0200000000000022,
        "JDExploreAcademy": -2.2252173913043483,
        "Lan-Bridge": -1.4873913043478262,
        "M2M100_1.2B-B4": -4.42217391304348,
        "Online-A": -2.6226086956521746,
        "Online-B": -1.371304347826087,
        "Online-G": -1.8756521739130438,
        "Online-W": -0.9034782608695647,
        "Online-Y": -1.6617391304347824,
        "PROMT": -2.5469565217391317,
        "QUARTZ_TuneReranking": -5.025652173913045,
        "SRPOL": -3.5295652173913066,
        "bleu_bestmbr": -1.3904347826086954,
        "comet_bestmbr": -1.2556521739130435,
        "eTranslation": -3.4878260869565234,
        "refA": -1.952608695652174
    },
    "metric_scores_file": "data/wmt22//en-ru/domains/ecommerce/nlp-telescope-scores/en-ru-ecommerce/en-ru.refA.txt-ecommerce/universal_metrics/weighted_mean/weighted-mean-seed-36_0_1_TER_ranks_systems.csv",
    "metric_scores": {
        "HuaweiTSC": 0.2574298726257125,
        "JDExploreAcademy": 0.2664651600691308,
        "Lan-Bridge": 0.2702988158109872,
        "M2M100_1.2B-B4": 0.2456801475472105,
        "Online-A": 0.2655378813409991,
        "Online-B": 0.2719521446984515,
        "Online-G": 0.2714547677321506,
        "Online-W": 0.269382299693963,
        "Online-Y": 0.2715450470848292,
        "PROMT": 0.2492926555038634,
        "QUARTZ_TuneReranking": 0.236597247060849,
        "SRPOL": 0.2499292389034151,
        "bleu_bestmbr": 0.2722620072854118,
        "comet_bestmbr": 0.2641472833602253,
        "eTranslation": 0.2559758269749102,
        "refA": 0.5687682183659083
    }
}