{
    "system_accuracy": 0.7833333333333333,
    "spearman": 0.7735294117647058,
    "pearson": 0.4749306478236184,
    "kendall": 0.5666666666666667,
    "languages_pair": "en-ru",
    "domain": "ecommerce",
    "reference": "en-ru.refA.txt-ecommerce",
    "system_names": [
        "HuaweiTSC",
        "JDExploreAcademy",
        "Lan-Bridge",
        "M2M100_1.2B-B4",
        "Online-A",
        "Online-B",
        "Online-G",
        "Online-W",
        "Online-Y",
        "PROMT",
        "QUARTZ_TuneReranking",
        "SRPOL",
        "bleu_bestmbr",
        "comet_bestmbr",
        "eTranslation",
        "refA"
    ],
    "human_scores_file": "data/wmt22//en-ru/human-scores/en-ru.mqm.domain.score",
    "human_scores": {
        "HuaweiTSC": -3.0200000000000022,
        "JDExploreAcademy": -2.2252173913043483,
        "Lan-Bridge": -1.4873913043478262,
        "M2M100_1.2B-B4": -4.42217391304348,
        "Online-A": -2.6226086956521746,
        "Online-B": -1.371304347826087,
        "Online-G": -1.8756521739130438,
        "Online-W": -0.9034782608695647,
        "Online-Y": -1.6617391304347824,
        "PROMT": -2.5469565217391317,
        "QUARTZ_TuneReranking": -5.025652173913045,
        "SRPOL": -3.5295652173913066,
        "bleu_bestmbr": -1.3904347826086954,
        "comet_bestmbr": -1.2556521739130435,
        "eTranslation": -3.4878260869565234,
        "refA": -1.952608695652174
    },
    "metric_scores_file": "data/wmt22//en-ru/domains/ecommerce/nlp-telescope-scores/en-ru-ecommerce/en-ru.refA.txt-ecommerce/universal_metrics/weighted_mean/weighted-mean-seed-12_-1_1_ranks_systems.csv",
    "metric_scores": {
        "HuaweiTSC": 0.2704435071304071,
        "JDExploreAcademy": 0.2714331797431957,
        "Lan-Bridge": 0.2729937147537982,
        "M2M100_1.2B-B4": 0.2647316078269773,
        "Online-A": 0.2729800554749808,
        "Online-B": 0.2747675109309497,
        "Online-G": 0.2766846251023943,
        "Online-W": 0.2786019182103084,
        "Online-Y": 0.2762623802688694,
        "PROMT": 0.2658230659598016,
        "QUARTZ_TuneReranking": 0.2718416144613025,
        "SRPOL": 0.264060019511933,
        "bleu_bestmbr": 0.2742279390911865,
        "comet_bestmbr": 0.2843089924344043,
        "eTranslation": 0.2678834417571294,
        "refA": 0.3041062166201652
    }
}