{
    "system_accuracy": 0.7583333333333333,
    "spearman": 0.6911764705882353,
    "pearson": 0.24481166511121613,
    "kendall": 0.5166666666666667,
    "languages_pair": "en-ru",
    "domain": "ecommerce",
    "reference": "en-ru.refA.txt-ecommerce",
    "system_names": [
        "HuaweiTSC",
        "JDExploreAcademy",
        "Lan-Bridge",
        "M2M100_1.2B-B4",
        "Online-A",
        "Online-B",
        "Online-G",
        "Online-W",
        "Online-Y",
        "PROMT",
        "QUARTZ_TuneReranking",
        "SRPOL",
        "bleu_bestmbr",
        "comet_bestmbr",
        "eTranslation",
        "refA"
    ],
    "human_scores_file": "data/wmt22//en-ru/human-scores/en-ru.mqm.domain.score",
    "human_scores": {
        "HuaweiTSC": -3.0200000000000022,
        "JDExploreAcademy": -2.2252173913043483,
        "Lan-Bridge": -1.4873913043478262,
        "M2M100_1.2B-B4": -4.42217391304348,
        "Online-A": -2.6226086956521746,
        "Online-B": -1.371304347826087,
        "Online-G": -1.8756521739130438,
        "Online-W": -0.9034782608695647,
        "Online-Y": -1.6617391304347824,
        "PROMT": -2.5469565217391317,
        "QUARTZ_TuneReranking": -5.025652173913045,
        "SRPOL": -3.5295652173913066,
        "bleu_bestmbr": -1.3904347826086954,
        "comet_bestmbr": -1.2556521739130435,
        "eTranslation": -3.4878260869565234,
        "refA": -1.952608695652174
    },
    "metric_scores_file": "data/wmt22//en-ru/domains/ecommerce/nlp-telescope-scores/en-ru-ecommerce/en-ru.refA.txt-ecommerce/universal_metrics/weighted_mean/weighted-mean-seed-24_-1_1_ranks_systems.csv",
    "metric_scores": {
        "HuaweiTSC": 0.1820395769376626,
        "JDExploreAcademy": 0.183056019691272,
        "Lan-Bridge": 0.1841023492241531,
        "M2M100_1.2B-B4": 0.1771543177659009,
        "Online-A": 0.1838926383059143,
        "Online-B": 0.1855968344437563,
        "Online-G": 0.1877242430494348,
        "Online-W": 0.189736083980935,
        "Online-Y": 0.1869538370361359,
        "PROMT": 0.1778160253645277,
        "QUARTZ_TuneReranking": 0.1852746934685075,
        "SRPOL": 0.1755830296278258,
        "bleu_bestmbr": 0.1850272556229206,
        "comet_bestmbr": 0.1958346125351505,
        "eTranslation": 0.179956251354138,
        "refA": 0.2684376967776606
    }
}