{
    "system_accuracy": 0.7916666666666666,
    "spearman": 0.7323529411764707,
    "pearson": 0.2656719830341249,
    "kendall": 0.5833333333333334,
    "languages_pair": "en-ru",
    "domain": "ecommerce",
    "reference": "en-ru.refA.txt-ecommerce",
    "system_names": [
        "HuaweiTSC",
        "JDExploreAcademy",
        "Lan-Bridge",
        "M2M100_1.2B-B4",
        "Online-A",
        "Online-B",
        "Online-G",
        "Online-W",
        "Online-Y",
        "PROMT",
        "QUARTZ_TuneReranking",
        "SRPOL",
        "bleu_bestmbr",
        "comet_bestmbr",
        "eTranslation",
        "refA"
    ],
    "human_scores_file": "data/wmt22//en-ru/human-scores/en-ru.mqm.domain.score",
    "human_scores": {
        "HuaweiTSC": -3.0200000000000022,
        "JDExploreAcademy": -2.2252173913043483,
        "Lan-Bridge": -1.4873913043478262,
        "M2M100_1.2B-B4": -4.42217391304348,
        "Online-A": -2.6226086956521746,
        "Online-B": -1.371304347826087,
        "Online-G": -1.8756521739130438,
        "Online-W": -0.9034782608695647,
        "Online-Y": -1.6617391304347824,
        "PROMT": -2.5469565217391317,
        "QUARTZ_TuneReranking": -5.025652173913045,
        "SRPOL": -3.5295652173913066,
        "bleu_bestmbr": -1.3904347826086954,
        "comet_bestmbr": -1.2556521739130435,
        "eTranslation": -3.4878260869565234,
        "refA": -1.952608695652174
    },
    "metric_scores_file": "data/wmt22//en-ru/domains/ecommerce/nlp-telescope-scores/en-ru-ecommerce/en-ru.refA.txt-ecommerce/universal_metrics/weighted_mean/weighted-mean-seed-12_0_1_TER_ranks_systems.csv",
    "metric_scores": {
        "HuaweiTSC": 0.3090481310571049,
        "JDExploreAcademy": 0.3256841647774914,
        "Lan-Bridge": 0.3328064825441467,
        "M2M100_1.2B-B4": 0.2903320486275025,
        "Online-A": 0.3243304158711488,
        "Online-B": 0.3345648349890391,
        "Online-G": 0.3326341869738797,
        "Online-W": 0.3261544823277394,
        "Online-Y": 0.3329586513128748,
        "PROMT": 0.2971465407167141,
        "QUARTZ_TuneReranking": 0.264451043698118,
        "SRPOL": 0.3012634807158296,
        "bleu_bestmbr": 0.3358353741100055,
        "comet_bestmbr": 0.3109049320884398,
        "eTranslation": 0.3080236897249646,
        "refA": 0.7251451827595298
    }
}