{
    "system_accuracy": 0.7,
    "spearman": 0.5853736880739306,
    "pearson": 0.12933568036699408,
    "kendall": 0.42749098003548086,
    "languages_pair": "en-ru",
    "domain": "ecommerce",
    "reference": "en-ru.refA.txt-ecommerce",
    "system_names": [
        "HuaweiTSC",
        "JDExploreAcademy",
        "Lan-Bridge",
        "M2M100_1.2B-B4",
        "Online-A",
        "Online-B",
        "Online-G",
        "Online-W",
        "Online-Y",
        "PROMT",
        "QUARTZ_TuneReranking",
        "SRPOL",
        "bleu_bestmbr",
        "comet_bestmbr",
        "eTranslation",
        "refA"
    ],
    "human_scores_file": "data/wmt22//en-ru/human-scores/en-ru.mqm.domain.score",
    "human_scores": {
        "HuaweiTSC": -3.0200000000000022,
        "JDExploreAcademy": -2.2252173913043483,
        "Lan-Bridge": -1.4873913043478262,
        "M2M100_1.2B-B4": -4.42217391304348,
        "Online-A": -2.6226086956521746,
        "Online-B": -1.371304347826087,
        "Online-G": -1.8756521739130438,
        "Online-W": -0.9034782608695647,
        "Online-Y": -1.6617391304347824,
        "PROMT": -2.5469565217391317,
        "QUARTZ_TuneReranking": -5.025652173913045,
        "SRPOL": -3.5295652173913066,
        "bleu_bestmbr": -1.3904347826086954,
        "comet_bestmbr": -1.2556521739130435,
        "eTranslation": -3.4878260869565234,
        "refA": -1.952608695652174
    },
    "metric_scores_file": "data/wmt22//en-ru/domains/ecommerce/nlp-telescope-scores/en-ru-ecommerce/en-ru.refA.txt-ecommerce/results.csv",
    "metric_scores": {
        "HuaweiTSC": 0.0245283018867924,
        "JDExploreAcademy": 0.0358490566037735,
        "Lan-Bridge": 0.0339622641509433,
        "M2M100_1.2B-B4": 0.0169811320754716,
        "Online-A": 0.0264150943396226,
        "Online-B": 0.0339622641509433,
        "Online-G": 0.0320754716981132,
        "Online-W": 0.030188679245283,
        "Online-Y": 0.030188679245283,
        "PROMT": 0.0188679245283018,
        "QUARTZ_TuneReranking": 0.0075471698113207,
        "SRPOL": 0.0169811320754716,
        "bleu_bestmbr": 0.0339622641509433,
        "comet_bestmbr": 0.0188679245283018,
        "eTranslation": 0.0283018867924528,
        "refA": 1.0
    }
}