,Precison,FDR,FOR,NPV,Recall,FPR,FNR,TNR
neutral,0.9869565217391304,0.013043478260869565,0.0077777777777777776,0.9922222222222222,0.9700854700854701,0.0033482142857142855,0.029914529914529916,0.9966517857142857
female,0.9338842975206612,0.06611570247933884,0.003964321110009911,0.9960356788899901,0.9658119658119658,0.007897334649555774,0.03418803418803419,0.9921026653504442
male,0.9910141206675225,0.008985879332477536,0.019943019943019943,0.98005698005698,0.9910141206675225,0.019943019943019943,0.008985879332477536,0.98005698005698
