,OnlineA,OnlineB
Demographic-Parity,0.09090909090909094,0.0714285714285714
Accuracy,0.92,0.96
Precision,0.926747311827957,0.9660894660894662
Recall,0.945887445887446,0.9660894660894662
F1-score,0.9347222222222222,0.9660894660894662
