,Precison,FDR,FOR,NPV,Recall,FPR,FNR,TNR
neutral,1.0,0.0,0.2905027932960894,0.7094972067039106,0.4157303370786517,0.0,0.5842696629213483,1.0
female,0.6901408450704225,0.30985915492957744,0.041379310344827586,0.9586206896551724,0.8909090909090909,0.13664596273291926,0.10909090909090909,0.8633540372670807
male,0.6481481481481481,0.35185185185185186,0.018518518518518517,0.9814814814814815,0.9722222222222222,0.2638888888888889,0.027777777777777776,0.7361111111111112
