,ALMAnaCH-Inria,refC,CUNI-DocTransformer,CUNI-Transformer,JDExploreAcademy,Lan-Bridge,Online-A,Online-B,Online-G,Online-W,Online-Y
Demographic-Parity,0.06827908828506024,0.019230769230769273,0.009615384615384581,0.010152284263959421,0.014423076923076872,0.009615384615384581,0.019230769230769273,0.009615384615384581,0.005076142131979711,0.009615384615384581,0.019230769230769273
Accuracy,0.9736842105263158,0.9868421052631579,0.993421052631579,0.9912280701754386,0.993421052631579,0.993421052631579,0.9890350877192983,0.993421052631579,0.9956140350877193,0.993421052631579,0.9890350877192983
Precision,0.9606448270365057,0.9723734810029226,0.9858110776896667,0.9798711755233495,0.9902396598376498,0.9858110776896667,0.9741315594974131,0.9858110776896667,0.9919871794871794,0.9858110776896667,0.9741315594974131
Recall,0.9608567297802889,0.9902056488350904,0.9951028244175452,0.9934107770402187,0.9951923076923078,0.9951028244175452,0.991897696212417,0.9951028244175452,0.9967053885201094,0.9951028244175452,0.991897696212417
F1-score,0.9607148726942997,0.9808010429384529,0.9903319286148312,0.9863658716498648,0.9926589448557525,0.9903319286148312,0.9825376947170144,0.9903319286148312,0.9943130135220478,0.9903319286148312,0.9825376947170144
