,bing,google
Demographic-Parity,0.6159420289855073,0.6376811594202898
Accuracy,0.7329545454545454,0.7386363636363636
Precision,0.7921052631578948,0.793885949441505
Recall,0.7692642749663419,0.7729468599033816
F1-score,0.7123434717075741,0.7165635042832195
