,PPV,FDR,FOR,NPV,TPR,FPR,FNR,TNR
neutral,0.0,0.0,0.0,1.0,0.0,0.0,0.0,1.0
female,0.975609756097561,0.024390243902439025,0.0196078431372549,0.9803921568627451,0.975609756097561,0.0196078431372549,0.024390243902439025,0.9803921568627451
male,0.9803921568627451,0.0196078431372549,0.024390243902439025,0.975609756097561,0.9803921568627451,0.024390243902439025,0.0196078431372549,0.975609756097561
