,hyp_m2m100_12B.bin,hyp_mbart50.bin
Demographic-Parity,0.02089097952407304,0.0023865522966242114
Accuracy,0.9515852613538989,0.9434447300771208
Precision,0.9519080840422497,0.9432044907495589
Recall,0.951092971776425,0.9435009684560044
F1-score,0.9514369125644575,0.9433386269610867
