,PPV,FDR,FOR,NPV,TPR,FPR,FNR,TNR
neutral,1.0,0.0,0.0004203446826397646,0.9995796553173603,0.9957264957264957,0.0,0.004273504273504274,1.0
female,0.9969635627530364,0.003036437246963563,0.003694581280788177,0.9963054187192119,0.9939455095862765,0.001850709438618137,0.006054490413723511,0.9981492905613819
male,0.99568655643422,0.004313443565780014,0.001638001638001638,0.9983619983619983,0.9985580389329488,0.004897959183673469,0.0014419610670511895,0.9951020408163266
