,PPV,FDR,FOR,NPV,TPR,FPR,FNR,TNR
neutral,0.963855421686747,0.03614457831325301,0.0038335158817086527,0.9961664841182913,0.97165991902834,0.004923413566739606,0.02834008097165992,0.9950765864332604
female,0.9182960893854749,0.08170391061452514,0.05555555555555555,0.9444444444444444,0.8969986357435198,0.043591654247391955,0.10300136425648022,0.956408345752608
male,0.936036036036036,0.06396396396396396,0.058031088082901555,0.9419689119170984,0.9488584474885845,0.07244897959183673,0.05114155251141553,0.9275510204081633
