,COMET,BLEU,chrF,ZeroEdit,TER,GLEU,BERTScore,Average,Median,Social Choice Theory,Weighted Mean 1000,Weighted Mean 3000,Weighted Mean 5000,Weighted Sum 1000,Weighted Sum 3000,Weighted Sum 5000
Average of AccuracyRank,0.7605000000000001,0.6519999999999999,0.672875,0.6593749999999999,0.6488749999999999,0.7085,0.702125,0.6906250000000002,0.672875,0.704125,0.6968749999999999,0.707375,0.726125,0.7615000000000002,0.5625,0.68325
