,COMET,BERTScore,TER,BLEU,chrF,ZeroEdit,GLEU,Average,Median,Social Choice Theory,Weighted Mean 1000,Weighted Mean 3000,Weighted Mean 5000,Weighted Sum 1000,Weighted Sum 3000,Weighted Sum 5000
Average of AccuracyRank,0.8187500000000001,0.8125,0.7707499999999999,0.7605000000000001,0.7835,0.76225,0.802,0.8125,0.7835,0.80825,0.81875,0.8125000000000001,0.83125,0.8,0.6105,0.7729999999999999
