,COMET,BERTScore,TER,BLEU,chrF,ZeroEdit,GLEU,Average,Median,Social Choice Theory,Weighted Mean 1000,Weighted Mean 3000,Weighted Mean 5000,Weighted Sum 1000,Weighted Sum 3000,Weighted Sum 5000
Average of System Accuracy,0.7541249999999999,0.7522500000000001,0.7042499999999999,0.69475,0.7052499999999999,0.6665,0.690625,0.716625,0.7052499999999999,0.7082499999999999,0.7248749999999999,0.7292500000000001,0.7396250000000001,0.72925,0.599,0.726125
