,Sys 1,Sys 2,Sys 3,Sys 4,Sys 5
BERTScore,0.920068777181248,0.925321189477482,0.9248121339369585,0.9186254006656096,0.9213883510247909
COMET,0.17342488492595,0.23315926067242249,0.2419752860516509,0.1465874519647363,0.20484989505749254
BLEU,0.1804941695139984,0.19681179238231855,0.19968919915475666,0.1690447566406625,0.18342812545579737
chrF,0.4850113857373232,0.5002263490396264,0.5049607442676736,0.4743376515855312,0.485743923158649
ZeroEdit,0.0,0.0,0.0,0.0,0.0
TER,0.7532284573843626,0.728105189011505,0.7421930030523598,0.7588635830007044,0.7525240666823197
GLEU,0.589578715741334,0.6026199759442714,0.6005947168153134,0.5825135044845903,0.5889631761358051
