,Precison,FDR,FOR,NPV,Recall,FPR,FNR,TNR
neutral,0.9893617021276596,0.010638297872340425,0.04081632653061224,0.9591836734693877,0.9587628865979382,0.010526315789473684,0.041237113402061855,0.9894736842105263
female,0.95,0.05,0.006578947368421052,0.993421052631579,0.9743589743589743,0.013071895424836602,0.02564102564102564,0.9869281045751634
male,0.9310344827586207,0.06896551724137931,0.014925373134328358,0.9850746268656716,0.9642857142857143,0.029411764705882353,0.03571428571428571,0.9705882352941176
