,Precison,FDR,FOR,NPV,Recall,FPR,FNR,TNR
neutral,0.0,0.0,0.0,1.0,0.0,0.0,0.0,1.0
female,0.9569990850869168,0.043000914913083256,0.0531829170024174,0.9468170829975826,0.9406474820143885,0.038461538461538464,0.05935251798561151,0.9615384615384616
male,0.9468170829975826,0.0531829170024174,0.043000914913083256,0.9569990850869168,0.9615384615384616,0.05935251798561151,0.038461538461538464,0.9406474820143885
