,Precison,FDR,FOR,NPV,Recall,FPR,FNR,TNR
neutral,0.9956709956709957,0.004329004329004329,0.004449388209121246,0.9955506117908788,0.9829059829059829,0.0011160714285714285,0.017094017094017096,0.9988839285714286
female,0.9583333333333334,0.041666666666666664,0.0019801980198019802,0.998019801980198,0.9829059829059829,0.004935834155972359,0.017094017094017096,0.9950641658440277
male,0.9961489088575096,0.0038510911424903724,0.008547008547008548,0.9914529914529915,0.9961489088575096,0.008547008547008548,0.0038510911424903724,0.9914529914529915
