,PPV,FDR,FOR,NPV,TPR,FPR,FNR,TNR
neutral,1.0,0.0,0.11956521739130435,0.8804347826086957,0.45,0.0,0.55,1.0
female,0.8333333333333334,0.16666666666666666,0.01694915254237288,0.9830508474576272,0.9722222222222222,0.1076923076923077,0.027777777777777776,0.8923076923076924
male,0.88,0.12,0.0196078431372549,0.9803921568627451,0.9777777777777777,0.10714285714285714,0.022222222222222223,0.8928571428571429
