{
    "system_accuracy": 0.7,
    "spearman": 0.5235294117647059,
    "pearson": 0.4406849584221271,
    "kendall": 0.39999999999999997,
    "languages_pair": "zh-en",
    "domain": "news",
    "reference": "zh-en.refA.txt-news",
    "system_names": [
        "Lan-Bridge",
        "JDExploreAcademy",
        "M2M100_1.2B-B4",
        "Online-Y",
        "AISP-SJTU",
        "comet_bestmbr",
        "refA",
        "Online-W",
        "LanguageX",
        "HuaweiTSC",
        "Online-B",
        "bleu_bestmbr",
        "Online-A",
        "bleurt_bestmbr",
        "Online-G",
        "refB"
    ],
    "human_scores_file": "data/wmt22//zh-en/human-scores/zh-en.mqm.domain.score",
    "human_scores": {
        "Lan-Bridge": -2.4475247524752466,
        "JDExploreAcademy": -2.735049504950494,
        "M2M100_1.2B-B4": -7.4738613861386085,
        "Online-Y": -3.486336633663364,
        "AISP-SJTU": -2.8780198019801952,
        "comet_bestmbr": -2.943564356435641,
        "refA": -1.4233663366336649,
        "Online-W": -3.9601980198019766,
        "LanguageX": -2.1819801980198035,
        "HuaweiTSC": -2.5221782178217818,
        "Online-B": -2.836831683168315,
        "bleu_bestmbr": -2.9035643564356413,
        "Online-A": -3.2693069306930655,
        "bleurt_bestmbr": -2.6580198019801946,
        "Online-G": -3.0792079207920775,
        "refB": -2.9550495049504923
    },
    "metric_scores_file": "data/wmt22//zh-en/domains/news/nlp-telescope-scores/zh-en-news/zh-en.refA.txt-news/universal_metrics/average_ranks_systems.csv",
    "metric_scores": {
        "Lan-Bridge": 0.4823654103587128,
        "JDExploreAcademy": 0.5006033258561988,
        "M2M100_1.2B-B4": 0.452871303743156,
        "Online-Y": 0.4892584670751025,
        "AISP-SJTU": 0.494810049300253,
        "comet_bestmbr": 0.4621148788252227,
        "refA": 0.8817983263705711,
        "Online-W": 0.4712774345906162,
        "LanguageX": 0.5005907977847168,
        "HuaweiTSC": 0.4942566833211464,
        "Online-B": 0.4880095214595991,
        "bleu_bestmbr": 0.4899858834893952,
        "Online-A": 0.4878835465429266,
        "bleurt_bestmbr": 0.490670001717246,
        "Online-G": 0.4982276532604229,
        "refB": 0.5716471288917979
    }
}