{
    "system_accuracy": 0.6916666666666667,
    "spearman": 0.4941176470588235,
    "pearson": 0.4302256020574148,
    "kendall": 0.38333333333333336,
    "languages_pair": "zh-en",
    "domain": "news",
    "reference": "zh-en.refA.txt-news",
    "system_names": [
        "Lan-Bridge",
        "JDExploreAcademy",
        "M2M100_1.2B-B4",
        "Online-Y",
        "AISP-SJTU",
        "comet_bestmbr",
        "refA",
        "Online-W",
        "LanguageX",
        "HuaweiTSC",
        "Online-B",
        "bleu_bestmbr",
        "Online-A",
        "bleurt_bestmbr",
        "Online-G",
        "refB"
    ],
    "human_scores_file": "data/wmt22//zh-en/human-scores/zh-en.mqm.domain.score",
    "human_scores": {
        "Lan-Bridge": -2.4475247524752466,
        "JDExploreAcademy": -2.735049504950494,
        "M2M100_1.2B-B4": -7.4738613861386085,
        "Online-Y": -3.486336633663364,
        "AISP-SJTU": -2.8780198019801952,
        "comet_bestmbr": -2.943564356435641,
        "refA": -1.4233663366336649,
        "Online-W": -3.9601980198019766,
        "LanguageX": -2.1819801980198035,
        "HuaweiTSC": -2.5221782178217818,
        "Online-B": -2.836831683168315,
        "bleu_bestmbr": -2.9035643564356413,
        "Online-A": -3.2693069306930655,
        "bleurt_bestmbr": -2.6580198019801946,
        "Online-G": -3.0792079207920775,
        "refB": -2.9550495049504923
    },
    "metric_scores_file": "data/wmt22//zh-en/domains/news/nlp-telescope-scores/zh-en-news/zh-en.refA.txt-news/results.csv",
    "metric_scores": {
        "Lan-Bridge": 0.2797927950982614,
        "JDExploreAcademy": 0.3128353319567951,
        "M2M100_1.2B-B4": 0.2126934052096135,
        "Online-Y": 0.2706510541328049,
        "AISP-SJTU": 0.291939525288967,
        "comet_bestmbr": 0.2001874548057399,
        "refA": 1.0000000000000004,
        "Online-W": 0.2390693628632872,
        "LanguageX": 0.3091767227327322,
        "HuaweiTSC": 0.2959680102668978,
        "Online-B": 0.2778615049097564,
        "bleu_bestmbr": 0.2815560388039735,
        "Online-A": 0.2827219749475379,
        "bleurt_bestmbr": 0.2563815587097277,
        "Online-G": 0.2972246798469724,
        "refB": 0.5648806349601917
    }
}