{
    "system_accuracy": 0.675,
    "spearman": 0.4441176470588235,
    "pearson": 0.4725483068374698,
    "kendall": 0.35,
    "languages_pair": "zh-en",
    "domain": "news",
    "reference": "zh-en.refA.txt-news",
    "system_names": [
        "Lan-Bridge",
        "JDExploreAcademy",
        "M2M100_1.2B-B4",
        "Online-Y",
        "AISP-SJTU",
        "comet_bestmbr",
        "refA",
        "Online-W",
        "LanguageX",
        "HuaweiTSC",
        "Online-B",
        "bleu_bestmbr",
        "Online-A",
        "bleurt_bestmbr",
        "Online-G",
        "refB"
    ],
    "human_scores_file": "data/wmt22//zh-en/human-scores/zh-en.mqm.domain.score",
    "human_scores": {
        "Lan-Bridge": -2.4475247524752466,
        "JDExploreAcademy": -2.735049504950494,
        "M2M100_1.2B-B4": -7.4738613861386085,
        "Online-Y": -3.486336633663364,
        "AISP-SJTU": -2.8780198019801952,
        "comet_bestmbr": -2.943564356435641,
        "refA": -1.4233663366336649,
        "Online-W": -3.9601980198019766,
        "LanguageX": -2.1819801980198035,
        "HuaweiTSC": -2.5221782178217818,
        "Online-B": -2.836831683168315,
        "bleu_bestmbr": -2.9035643564356413,
        "Online-A": -3.2693069306930655,
        "bleurt_bestmbr": -2.6580198019801946,
        "Online-G": -3.0792079207920775,
        "refB": -2.9550495049504923
    },
    "metric_scores_file": "data/wmt22//zh-en/domains/news/nlp-telescope-scores/zh-en-news/zh-en.refA.txt-news/results.csv",
    "metric_scores": {
        "Lan-Bridge": 0.5976375123226977,
        "JDExploreAcademy": 0.6221419878198277,
        "M2M100_1.2B-B4": 0.5351663980709159,
        "Online-Y": 0.5981810367316869,
        "AISP-SJTU": 0.6132539513311311,
        "comet_bestmbr": 0.5134005519987448,
        "refA": 1.0,
        "Online-W": 0.5644605882751352,
        "LanguageX": 0.6222376659446279,
        "HuaweiTSC": 0.6052658208281293,
        "Online-B": 0.5961443860190484,
        "bleu_bestmbr": 0.5967948725790917,
        "Online-A": 0.5984589552849282,
        "bleurt_bestmbr": 0.5852126272600948,
        "Online-G": 0.6160381269683142,
        "refB": 0.7556127128239205
    }
}