{
    "system_accuracy": 0.725,
    "spearman": 0.5764705882352941,
    "pearson": 0.49698765251969496,
    "kendall": 0.45,
    "languages_pair": "zh-en",
    "domain": "news",
    "reference": "zh-en.refA.txt-news",
    "system_names": [
        "Lan-Bridge",
        "JDExploreAcademy",
        "M2M100_1.2B-B4",
        "Online-Y",
        "AISP-SJTU",
        "comet_bestmbr",
        "refA",
        "Online-W",
        "LanguageX",
        "HuaweiTSC",
        "Online-B",
        "bleu_bestmbr",
        "Online-A",
        "bleurt_bestmbr",
        "Online-G",
        "refB"
    ],
    "human_scores_file": "data/wmt22//zh-en/human-scores/zh-en.mqm.domain.score",
    "human_scores": {
        "Lan-Bridge": -2.4475247524752466,
        "JDExploreAcademy": -2.735049504950494,
        "M2M100_1.2B-B4": -7.4738613861386085,
        "Online-Y": -3.486336633663364,
        "AISP-SJTU": -2.8780198019801952,
        "comet_bestmbr": -2.943564356435641,
        "refA": -1.4233663366336649,
        "Online-W": -3.9601980198019766,
        "LanguageX": -2.1819801980198035,
        "HuaweiTSC": -2.5221782178217818,
        "Online-B": -2.836831683168315,
        "bleu_bestmbr": -2.9035643564356413,
        "Online-A": -3.2693069306930655,
        "bleurt_bestmbr": -2.6580198019801946,
        "Online-G": -3.0792079207920775,
        "refB": -2.9550495049504923
    },
    "metric_scores_file": "data/wmt22//zh-en/domains/news/nlp-telescope-scores/zh-en-news/zh-en.refA.txt-news/results.csv",
    "metric_scores": {
        "Lan-Bridge": 0.3205674730803781,
        "JDExploreAcademy": 0.3842831474443031,
        "M2M100_1.2B-B4": 0.2207952246881357,
        "Online-Y": 0.3498556634872266,
        "AISP-SJTU": 0.3628214328826433,
        "comet_bestmbr": 0.3067506024355788,
        "refA": 1.172588291793767,
        "Online-W": 0.2768218305773369,
        "LanguageX": 0.3784345982734593,
        "HuaweiTSC": 0.3632191778621682,
        "Online-B": 0.3344616191544671,
        "bleu_bestmbr": 0.3554259465223565,
        "Online-A": 0.331194098872861,
        "bleurt_bestmbr": 0.376375170619144,
        "Online-G": 0.3648507609889649,
        "refB": 0.5519122491526132
    }
}