{
    "system_accuracy": 0.575,
    "spearman": 0.19999999999999998,
    "pearson": 0.400587067694273,
    "kendall": 0.15,
    "languages_pair": "zh-en",
    "domain": "news",
    "reference": "zh-en.refA.txt-news",
    "system_names": [
        "Lan-Bridge",
        "JDExploreAcademy",
        "M2M100_1.2B-B4",
        "Online-Y",
        "AISP-SJTU",
        "comet_bestmbr",
        "refA",
        "Online-W",
        "LanguageX",
        "HuaweiTSC",
        "Online-B",
        "bleu_bestmbr",
        "Online-A",
        "bleurt_bestmbr",
        "Online-G",
        "refB"
    ],
    "human_scores_file": "data/wmt22//zh-en/human-scores/zh-en.mqm.domain.score",
    "human_scores": {
        "Lan-Bridge": -2.4475247524752466,
        "JDExploreAcademy": -2.735049504950494,
        "M2M100_1.2B-B4": -7.4738613861386085,
        "Online-Y": -3.486336633663364,
        "AISP-SJTU": -2.8780198019801952,
        "comet_bestmbr": -2.943564356435641,
        "refA": -1.4233663366336649,
        "Online-W": -3.9601980198019766,
        "LanguageX": -2.1819801980198035,
        "HuaweiTSC": -2.5221782178217818,
        "Online-B": -2.836831683168315,
        "bleu_bestmbr": -2.9035643564356413,
        "Online-A": -3.2693069306930655,
        "bleurt_bestmbr": -2.6580198019801946,
        "Online-G": -3.0792079207920775,
        "refB": -2.9550495049504923
    },
    "metric_scores_file": "data/wmt22//zh-en/domains/news/nlp-telescope-scores/zh-en-news/zh-en.refA.txt-news/universal_metrics/median_ranks_systems.csv",
    "metric_scores": {
        "Lan-Bridge": 0.5746371437652293,
        "JDExploreAcademy": 0.5441254370166331,
        "M2M100_1.2B-B4": 0.5351663980709159,
        "Online-Y": 0.592382667655472,
        "AISP-SJTU": 0.5676978493484479,
        "comet_bestmbr": 0.5134005519987448,
        "refA": 1.0,
        "Online-W": 0.5644605882751352,
        "LanguageX": 0.5566797330225659,
        "HuaweiTSC": 0.5708231804216548,
        "Online-B": 0.5936010170568916,
        "bleu_bestmbr": 0.5782921919694883,
        "Online-A": 0.5932831867782604,
        "bleurt_bestmbr": 0.5852126272600948,
        "Online-G": 0.5778154465515415,
        "refB": 0.5648806349601917
    }
}