{
    "system_accuracy": 0.6833333333333333,
    "spearman": 0.4617647058823529,
    "pearson": 0.6288302187491639,
    "kendall": 0.3666666666666667,
    "languages_pair": "zh-en",
    "domain": "news",
    "reference": "zh-en.refA.txt-news",
    "system_names": [
        "Lan-Bridge",
        "JDExploreAcademy",
        "M2M100_1.2B-B4",
        "Online-Y",
        "AISP-SJTU",
        "comet_bestmbr",
        "refA",
        "Online-W",
        "LanguageX",
        "HuaweiTSC",
        "Online-B",
        "bleu_bestmbr",
        "Online-A",
        "bleurt_bestmbr",
        "Online-G",
        "refB"
    ],
    "human_scores_file": "data/wmt22//zh-en/human-scores/zh-en.mqm.domain.score",
    "human_scores": {
        "Lan-Bridge": -2.4475247524752466,
        "JDExploreAcademy": -2.735049504950494,
        "M2M100_1.2B-B4": -7.4738613861386085,
        "Online-Y": -3.486336633663364,
        "AISP-SJTU": -2.8780198019801952,
        "comet_bestmbr": -2.943564356435641,
        "refA": -1.4233663366336649,
        "Online-W": -3.9601980198019766,
        "LanguageX": -2.1819801980198035,
        "HuaweiTSC": -2.5221782178217818,
        "Online-B": -2.836831683168315,
        "bleu_bestmbr": -2.9035643564356413,
        "Online-A": -3.2693069306930655,
        "bleurt_bestmbr": -2.6580198019801946,
        "Online-G": -3.0792079207920775,
        "refB": -2.9550495049504923
    },
    "metric_scores_file": "data/wmt22//zh-en/domains/news/nlp-telescope-scores/zh-en-news/zh-en.refA.txt-news/universal_metrics/social-choice-theory_ranks_systems.csv",
    "metric_scores": {
        "Lan-Bridge": -73.0,
        "JDExploreAcademy": -23.0,
        "M2M100_1.2B-B4": -116.0,
        "Online-Y": -69.0,
        "AISP-SJTU": -43.0,
        "comet_bestmbr": -115.0,
        "refA": -7.0,
        "Online-W": -108.0,
        "LanguageX": -27.0,
        "HuaweiTSC": -45.0,
        "Online-B": -75.0,
        "bleu_bestmbr": -62.0,
        "Online-A": -71.0,
        "bleurt_bestmbr": -74.0,
        "Online-G": -41.0,
        "refB": -14.0
    }
}