{
    "system_accuracy": 0.5833333333333334,
    "spearman": 0.2529411764705882,
    "pearson": 0.3997476986233701,
    "kendall": 0.16666666666666669,
    "languages_pair": "zh-en",
    "domain": "news",
    "reference": "zh-en.refA.txt-news",
    "system_names": [
        "Lan-Bridge",
        "JDExploreAcademy",
        "M2M100_1.2B-B4",
        "Online-Y",
        "AISP-SJTU",
        "comet_bestmbr",
        "refA",
        "Online-W",
        "LanguageX",
        "HuaweiTSC",
        "Online-B",
        "bleu_bestmbr",
        "Online-A",
        "bleurt_bestmbr",
        "Online-G",
        "refB"
    ],
    "human_scores_file": "data/wmt22//zh-en/human-scores/zh-en.mqm.domain.score",
    "human_scores": {
        "Lan-Bridge": -2.4475247524752466,
        "JDExploreAcademy": -2.735049504950494,
        "M2M100_1.2B-B4": -7.4738613861386085,
        "Online-Y": -3.486336633663364,
        "AISP-SJTU": -2.8780198019801952,
        "comet_bestmbr": -2.943564356435641,
        "refA": -1.4233663366336649,
        "Online-W": -3.9601980198019766,
        "LanguageX": -2.1819801980198035,
        "HuaweiTSC": -2.5221782178217818,
        "Online-B": -2.836831683168315,
        "bleu_bestmbr": -2.9035643564356413,
        "Online-A": -3.2693069306930655,
        "bleurt_bestmbr": -2.6580198019801946,
        "Online-G": -3.0792079207920775,
        "refB": -2.9550495049504923
    },
    "metric_scores_file": "data/wmt22//zh-en/domains/news/nlp-telescope-scores/zh-en-news/zh-en.refA.txt-news/universal_metrics/weighted_mean/weighted-mean-seed-24_-1_1_ranks_systems.csv",
    "metric_scores": {
        "Lan-Bridge": 0.1401577966077321,
        "JDExploreAcademy": 0.1442915585488585,
        "M2M100_1.2B-B4": 0.1404979436230372,
        "Online-Y": 0.1470072802155747,
        "AISP-SJTU": 0.1447124159868712,
        "comet_bestmbr": 0.155212184192108,
        "refA": 0.2056853592999104,
        "Online-W": 0.1445255946233435,
        "LanguageX": 0.1449315569350295,
        "HuaweiTSC": 0.1457544704471692,
        "Online-B": 0.1452584218955558,
        "bleu_bestmbr": 0.1462613183352859,
        "Online-A": 0.1442824850213805,
        "bleurt_bestmbr": 0.1533482286728309,
        "Online-G": 0.1462329122792795,
        "refB": 0.134469553504869
    }
}