{
    "system_accuracy": 0.6833333333333333,
    "spearman": 0.4852941176470588,
    "pearson": 0.45746028791644017,
    "kendall": 0.3666666666666667,
    "languages_pair": "zh-en",
    "domain": "news",
    "reference": "zh-en.refA.txt-news",
    "system_names": [
        "Lan-Bridge",
        "JDExploreAcademy",
        "M2M100_1.2B-B4",
        "Online-Y",
        "AISP-SJTU",
        "comet_bestmbr",
        "refA",
        "Online-W",
        "LanguageX",
        "HuaweiTSC",
        "Online-B",
        "bleu_bestmbr",
        "Online-A",
        "bleurt_bestmbr",
        "Online-G",
        "refB"
    ],
    "human_scores_file": "data/wmt22//zh-en/human-scores/zh-en.mqm.domain.score",
    "human_scores": {
        "Lan-Bridge": -2.4475247524752466,
        "JDExploreAcademy": -2.735049504950494,
        "M2M100_1.2B-B4": -7.4738613861386085,
        "Online-Y": -3.486336633663364,
        "AISP-SJTU": -2.8780198019801952,
        "comet_bestmbr": -2.943564356435641,
        "refA": -1.4233663366336649,
        "Online-W": -3.9601980198019766,
        "LanguageX": -2.1819801980198035,
        "HuaweiTSC": -2.5221782178217818,
        "Online-B": -2.836831683168315,
        "bleu_bestmbr": -2.9035643564356413,
        "Online-A": -3.2693069306930655,
        "bleurt_bestmbr": -2.6580198019801946,
        "Online-G": -3.0792079207920775,
        "refB": -2.9550495049504923
    },
    "metric_scores_file": "data/wmt22//zh-en/domains/news/nlp-telescope-scores/zh-en-news/zh-en.refA.txt-news/universal_metrics/weighted_mean/weighted-mean-seed-12_0_1_TER_ranks_systems.csv",
    "metric_scores": {
        "Lan-Bridge": 0.259595435264585,
        "JDExploreAcademy": 0.2811172480758149,
        "M2M100_1.2B-B4": 0.2200103860627979,
        "Online-Y": 0.2631539248631369,
        "AISP-SJTU": 0.2720609453076302,
        "comet_bestmbr": 0.2292069506769016,
        "refA": 0.6572272346290938,
        "Online-W": 0.2391452676779388,
        "LanguageX": 0.2783723275658999,
        "HuaweiTSC": 0.2702578664855483,
        "Online-B": 0.2605252692998527,
        "bleu_bestmbr": 0.2660279045534342,
        "Online-A": 0.260026998460682,
        "bleurt_bestmbr": 0.2629966828908246,
        "Online-G": 0.272239397734231,
        "refB": 0.3676649784487774
    }
}