{
    "system_accuracy": 0.7083333333333334,
    "spearman": 0.5441176470588236,
    "pearson": 0.4322065354542801,
    "kendall": 0.41666666666666663,
    "languages_pair": "zh-en",
    "domain": "news",
    "reference": "zh-en.refA.txt-news",
    "system_names": [
        "Lan-Bridge",
        "JDExploreAcademy",
        "M2M100_1.2B-B4",
        "Online-Y",
        "AISP-SJTU",
        "comet_bestmbr",
        "refA",
        "Online-W",
        "LanguageX",
        "HuaweiTSC",
        "Online-B",
        "bleu_bestmbr",
        "Online-A",
        "bleurt_bestmbr",
        "Online-G",
        "refB"
    ],
    "human_scores_file": "data/wmt22//zh-en/human-scores/zh-en.mqm.domain.score",
    "human_scores": {
        "Lan-Bridge": -2.4475247524752466,
        "JDExploreAcademy": -2.735049504950494,
        "M2M100_1.2B-B4": -7.4738613861386085,
        "Online-Y": -3.486336633663364,
        "AISP-SJTU": -2.8780198019801952,
        "comet_bestmbr": -2.943564356435641,
        "refA": -1.4233663366336649,
        "Online-W": -3.9601980198019766,
        "LanguageX": -2.1819801980198035,
        "HuaweiTSC": -2.5221782178217818,
        "Online-B": -2.836831683168315,
        "bleu_bestmbr": -2.9035643564356413,
        "Online-A": -3.2693069306930655,
        "bleurt_bestmbr": -2.6580198019801946,
        "Online-G": -3.0792079207920775,
        "refB": -2.9550495049504923
    },
    "metric_scores_file": "data/wmt22//zh-en/domains/news/nlp-telescope-scores/zh-en-news/zh-en.refA.txt-news/universal_metrics/weighted_mean/weighted-mean-seed-36_0_1_TER_ranks_systems.csv",
    "metric_scores": {
        "Lan-Bridge": 0.215341099534523,
        "JDExploreAcademy": 0.22674972463707,
        "M2M100_1.2B-B4": 0.1967916559376054,
        "Online-Y": 0.219485645912429,
        "AISP-SJTU": 0.2226841684511631,
        "comet_bestmbr": 0.2091677360676496,
        "refA": 0.5059332084072415,
        "Online-W": 0.2073519894996363,
        "LanguageX": 0.2256899317353651,
        "HuaweiTSC": 0.2225930108998512,
        "Online-B": 0.2178423566713791,
        "bleu_bestmbr": 0.2207729337451391,
        "Online-A": 0.2169311133693753,
        "bleurt_bestmbr": 0.2230113021407439,
        "Online-G": 0.2231501039440553,
        "refB": 0.2638947853561261
    }
}