{
    "system_accuracy": 0.5583333333333333,
    "spearman": 0.1764705882352941,
    "pearson": 0.4243647147043303,
    "kendall": 0.11666666666666665,
    "languages_pair": "zh-en",
    "domain": "news",
    "reference": "zh-en.refA.txt-news",
    "system_names": [
        "Lan-Bridge",
        "JDExploreAcademy",
        "M2M100_1.2B-B4",
        "Online-Y",
        "AISP-SJTU",
        "comet_bestmbr",
        "refA",
        "Online-W",
        "LanguageX",
        "HuaweiTSC",
        "Online-B",
        "bleu_bestmbr",
        "Online-A",
        "bleurt_bestmbr",
        "Online-G",
        "refB"
    ],
    "human_scores_file": "data/wmt22//zh-en/human-scores/zh-en.mqm.domain.score",
    "human_scores": {
        "Lan-Bridge": -2.4475247524752466,
        "JDExploreAcademy": -2.735049504950494,
        "M2M100_1.2B-B4": -7.4738613861386085,
        "Online-Y": -3.486336633663364,
        "AISP-SJTU": -2.8780198019801952,
        "comet_bestmbr": -2.943564356435641,
        "refA": -1.4233663366336649,
        "Online-W": -3.9601980198019766,
        "LanguageX": -2.1819801980198035,
        "HuaweiTSC": -2.5221782178217818,
        "Online-B": -2.836831683168315,
        "bleu_bestmbr": -2.9035643564356413,
        "Online-A": -3.2693069306930655,
        "bleurt_bestmbr": -2.6580198019801946,
        "Online-G": -3.0792079207920775,
        "refB": -2.9550495049504923
    },
    "metric_scores_file": "data/wmt22//zh-en/domains/news/nlp-telescope-scores/zh-en-news/zh-en.refA.txt-news/universal_metrics/weighted_mean/weighted-mean-seed-36_-1_1_ranks_systems.csv",
    "metric_scores": {
        "Lan-Bridge": -0.0387813531344078,
        "JDExploreAcademy": -0.0349985537236387,
        "M2M100_1.2B-B4": -0.0374327391020389,
        "Online-Y": -0.0331865959490468,
        "AISP-SJTU": -0.035068444982727,
        "comet_bestmbr": -0.0259144305525697,
        "refA": -0.0125932838523333,
        "Online-W": -0.0347426705281565,
        "LanguageX": -0.0344720218617993,
        "HuaweiTSC": -0.0335830064484892,
        "Online-B": -0.0342417570502253,
        "bleu_bestmbr": -0.0332886330439256,
        "Online-A": -0.0344957447462088,
        "bleurt_bestmbr": -0.0282206482689594,
        "Online-G": -0.0332259387730573,
        "refB": -0.0375157814743085
    }
}