{
    "system_accuracy": 0.7,
    "spearman": 0.5235294117647059,
    "pearson": 0.44872528163689096,
    "kendall": 0.39999999999999997,
    "languages_pair": "zh-en",
    "domain": "news",
    "reference": "zh-en.refA.txt-news",
    "system_names": [
        "Lan-Bridge",
        "JDExploreAcademy",
        "M2M100_1.2B-B4",
        "Online-Y",
        "AISP-SJTU",
        "comet_bestmbr",
        "refA",
        "Online-W",
        "LanguageX",
        "HuaweiTSC",
        "Online-B",
        "bleu_bestmbr",
        "Online-A",
        "bleurt_bestmbr",
        "Online-G",
        "refB"
    ],
    "human_scores_file": "data/wmt22//zh-en/human-scores/zh-en.mqm.domain.score",
    "human_scores": {
        "Lan-Bridge": -2.4475247524752466,
        "JDExploreAcademy": -2.735049504950494,
        "M2M100_1.2B-B4": -7.4738613861386085,
        "Online-Y": -3.486336633663364,
        "AISP-SJTU": -2.8780198019801952,
        "comet_bestmbr": -2.943564356435641,
        "refA": -1.4233663366336649,
        "Online-W": -3.9601980198019766,
        "LanguageX": -2.1819801980198035,
        "HuaweiTSC": -2.5221782178217818,
        "Online-B": -2.836831683168315,
        "bleu_bestmbr": -2.9035643564356413,
        "Online-A": -3.2693069306930655,
        "bleurt_bestmbr": -2.6580198019801946,
        "Online-G": -3.0792079207920775,
        "refB": -2.9550495049504923
    },
    "metric_scores_file": "data/wmt22//zh-en/domains/news/nlp-telescope-scores/zh-en-news/zh-en.refA.txt-news/universal_metrics/weighted_mean/weighted-mean-seed-24_0_1_TER_ranks_systems.csv",
    "metric_scores": {
        "Lan-Bridge": 0.2466329932756802,
        "JDExploreAcademy": 0.2608905040664296,
        "M2M100_1.2B-B4": 0.2214338613245405,
        "Online-Y": 0.2511358895862915,
        "AISP-SJTU": 0.2558156354826116,
        "comet_bestmbr": 0.2321661747019769,
        "refA": 0.5504080674563836,
        "Online-W": 0.2351165388672423,
        "LanguageX": 0.259801076057388,
        "HuaweiTSC": 0.254934880264223,
        "Online-B": 0.2490368033871243,
        "bleu_bestmbr": 0.2522767018399135,
        "Online-A": 0.2484418158875065,
        "bleurt_bestmbr": 0.2534916877646903,
        "Online-G": 0.2565941319103074,
        "refB": 0.3115247216949038
    }
}