{
    "system_accuracy": 0.5583333333333333,
    "spearman": 0.19117647058823528,
    "pearson": 0.3867944500551042,
    "kendall": 0.11666666666666665,
    "languages_pair": "zh-en",
    "domain": "news",
    "reference": "zh-en.refA.txt-news",
    "system_names": [
        "Lan-Bridge",
        "JDExploreAcademy",
        "M2M100_1.2B-B4",
        "Online-Y",
        "AISP-SJTU",
        "comet_bestmbr",
        "refA",
        "Online-W",
        "LanguageX",
        "HuaweiTSC",
        "Online-B",
        "bleu_bestmbr",
        "Online-A",
        "bleurt_bestmbr",
        "Online-G",
        "refB"
    ],
    "human_scores_file": "data/wmt22//zh-en/human-scores/zh-en.mqm.domain.score",
    "human_scores": {
        "Lan-Bridge": -2.4475247524752466,
        "JDExploreAcademy": -2.735049504950494,
        "M2M100_1.2B-B4": -7.4738613861386085,
        "Online-Y": -3.486336633663364,
        "AISP-SJTU": -2.8780198019801952,
        "comet_bestmbr": -2.943564356435641,
        "refA": -1.4233663366336649,
        "Online-W": -3.9601980198019766,
        "LanguageX": -2.1819801980198035,
        "HuaweiTSC": -2.5221782178217818,
        "Online-B": -2.836831683168315,
        "bleu_bestmbr": -2.9035643564356413,
        "Online-A": -3.2693069306930655,
        "bleurt_bestmbr": -2.6580198019801946,
        "Online-G": -3.0792079207920775,
        "refB": -2.9550495049504923
    },
    "metric_scores_file": "data/wmt22//zh-en/domains/news/nlp-telescope-scores/zh-en-news/zh-en.refA.txt-news/universal_metrics/weighted_mean/weighted-mean-seed-12_-1_1_ranks_systems.csv",
    "metric_scores": {
        "Lan-Bridge": 0.233306330666645,
        "JDExploreAcademy": 0.2382867827033561,
        "M2M100_1.2B-B4": 0.2316577642420052,
        "Online-Y": 0.240320278820484,
        "AISP-SJTU": 0.2382697239258799,
        "comet_bestmbr": 0.2472890682194261,
        "refA": 0.2386237486629769,
        "Online-W": 0.2365854105953434,
        "LanguageX": 0.2388822520935652,
        "HuaweiTSC": 0.2394528155620081,
        "Online-B": 0.2382874485374606,
        "bleu_bestmbr": 0.2395308382164836,
        "Online-A": 0.2373812276981133,
        "bleurt_bestmbr": 0.2464473661278154,
        "Online-G": 0.2398035213503577,
        "refB": 0.2308913722842858
    }
}