,PPV,FDR,FOR,NPV,TPR,FPR,FNR,TNR
neutral,0.0,0.0,0.0,1.0,0.0,0.0,0.0,1.0
female,0.967741935483871,0.03225806451612903,0.0,1.0,1.0,0.02564102564102564,0.0,0.9743589743589743
male,1.0,0.0,0.03225806451612903,0.967741935483871,0.9743589743589743,0.0,0.02564102564102564,1.0
