,Precison,FDR,FOR,NPV,Recall,FPR,FNR,TNR
neutral,0.9693877551020408,0.030612244897959183,0.02127659574468085,0.9787234042553191,0.979381443298969,0.031578947368421054,0.020618556701030927,0.968421052631579
female,0.9024390243902439,0.0975609756097561,0.013245033112582781,0.9867549668874173,0.9487179487179487,0.026143790849673203,0.05128205128205128,0.9738562091503268
male,0.9622641509433962,0.03773584905660377,0.03597122302158273,0.9640287769784173,0.9107142857142857,0.014705882352941176,0.08928571428571429,0.9852941176470589
