,PPV,FDR,FOR,NPV,TPR,FPR,FNR,TNR
neutral,1.0,0.0,0.011037527593818985,0.9889624724061811,0.9879807692307693,0.0,0.01201923076923077,1.0
female,1.0,0.0,0.0,1.0,1.0,0.0,0.0,1.0
male,0.9851190476190477,0.01488095238095238,0.0,1.0,1.0,0.009380863039399626,0.0,0.9906191369606003
