,PPV,FDR,FOR,NPV,TPR,FPR,FNR,TNR
neutral,1.0,0.0,0.0044444444444444444,0.9955555555555555,0.9951923076923077,0.0,0.004807692307692308,1.0
female,0.9831932773109243,0.01680672268907563,0.0,1.0,1.0,0.002677376171352075,0.0,0.9973226238286479
male,0.9939577039274925,0.006042296072507553,0.00375234521575985,0.9962476547842402,0.9939577039274925,0.00375234521575985,0.006042296072507553,0.9962476547842402
