,ALMAnaCH-Inria,refC,CUNI-DocTransformer,CUNI-Transformer,JDExploreAcademy,Lan-Bridge,Online-A,Online-B,Online-G,Online-W,Online-Y
Demographic-Parity,0.17922283901665337,0.0535714285714286,0.0535714285714286,0.027930402930402942,0.0535714285714286,0.04123711340206182,0.05081001472754043,0.04123711340206182,0.01559608776103616,0.02540500736377027,0.06866715758468334
Accuracy,0.875,0.96875,0.9791666666666666,0.9635416666666666,0.9635416666666666,0.96875,0.9635416666666666,0.96875,0.9635416666666666,0.9791666666666666,0.953125
Precision,0.8845064592728145,0.9646741808327174,0.9700176366843034,0.9565440995319044,0.9547872340425533,0.9586466165413534,0.9563912248515383,0.9586466165413534,0.9567987282954268,0.9738363011558887,0.9446969768118936
Recall,0.8463709829689211,0.9718335787923417,0.9787064310260186,0.9632865702453332,0.9683971526755032,0.9743495336278842,0.9607706154097907,0.9743495336278842,0.9658025250808756,0.9761118034313911,0.9462712259104012
F1-score,0.8623819898329702,0.9680160730678865,0.9738059931496892,0.9596827397345532,0.96107117464011,0.965887514591132,0.9582786629178383,0.965887514591132,0.9610719090123746,0.9748963370260513,0.9450462636242453
