{
    "weights_metrics": {
        "COMET": 0.43360028419806823,
        "BERTScore": 0.4244156177273623,
        "TER": 0.8234376224352341,
        "BLEU": 0.0003118131930291562,
        "chrF": 0.5563041110066442,
        "ZeroEdit": 0.013147969132618065,
        "GLEU": 0.3941261130505081
    },
    "best_value": 0.638095238095238,
    "best_trial": 950,
    "system_names": [
        "Borderline",
        "DIDI-NLP",
        "Facebook-AI",
        "IIE-MT",
        "MiSS",
        "NiuTrans",
        "Online-W",
        "SMU",
        "metricsystem1",
        "metricsystem2",
        "metricsystem3",
        "metricsystem4",
        "metricsystem5",
        "refA",
        "refB"
    ],
    "number_of_trials": 1000,
    "seed": 1000,
    "human_scores_file": "data/wmt21.news/zh-en/human-scores/zh-en.mqm.sys.score",
    "human_scores": {
        "Borderline": -4.944923076923071,
        "DIDI-NLP": -5.094615384615377,
        "Facebook-AI": -5.214923076923068,
        "IIE-MT": -5.144769230769225,
        "MiSS": -4.931538461538457,
        "NiuTrans": -4.632923076923068,
        "Online-W": -5.566769230769225,
        "SMU": -4.844461538461529,
        "metricsystem1": -4.4153846153846095,
        "metricsystem2": -5.035999999999994,
        "metricsystem3": -5.388615384615374,
        "metricsystem4": -4.624769230769226,
        "metricsystem5": -6.3876923076923,
        "refA": -4.349692307692303,
        "refB": -4.271076923076917
    },
    "metrics_scores_file": "data/wmt21.news/zh-en/nlp-telescope-scores/zh-en.txt/zh-en.refA.txt/results.csv",
    "metrics_scores": {
        "Borderline": {
            "COMET": 0.6962357354325288,
            "BERTScore": 0.9421310253762613,
            "TER": 0.4149705155031387,
            "BLEU": 0.3341007280859089,
            "chrF": 0.6171761372233924,
            "ZeroEdit": 0.0082135523613963,
            "GLEU": 0.6873380960611915
        },
        "DIDI-NLP": {
            "COMET": 0.6986818107098888,
            "BERTScore": 0.9430963113383836,
            "TER": 0.41734829750808444,
            "BLEU": 0.3254139872440439,
            "chrF": 0.6165664357729128,
            "ZeroEdit": 0.0107802874743326,
            "GLEU": 0.6881579227648993
        },
        "Facebook-AI": {
            "COMET": 0.6886992579516313,
            "BERTScore": 0.9415392469025736,
            "TER": 0.4083602815293894,
            "BLEU": 0.3207210175727858,
            "chrF": 0.6041481072566344,
            "ZeroEdit": 0.0071868583162217,
            "GLEU": 0.6766643728517491
        },
        "IIE-MT": {
            "COMET": 0.6904594779488615,
            "BERTScore": 0.9406724556270812,
            "TER": 0.40485701604210256,
            "BLEU": 0.3165976688711653,
            "chrF": 0.6092381796940344,
            "ZeroEdit": 0.0061601642710472,
            "GLEU": 0.6773956335225121
        },
        "MiSS": {
            "COMET": 0.6984156379595713,
            "BERTScore": 0.9425573291169056,
            "TER": 0.42170756451715175,
            "BLEU": 0.3255910163311742,
            "chrF": 0.6130348603470481,
            "ZeroEdit": 0.0082135523613963,
            "GLEU": 0.6850125387768322
        },
        "NiuTrans": {
            "COMET": 0.6853188651102811,
            "BERTScore": 0.9413339389178298,
            "TER": 0.39187432629509855,
            "BLEU": 0.318863623757625,
            "chrF": 0.6106967700959216,
            "ZeroEdit": 0.0051334702258726,
            "GLEU": 0.6783893810476179
        },
        "Online-W": {
            "COMET": 0.6486227963780946,
            "BERTScore": 0.9336299498773944,
            "TER": 0.37301058905586204,
            "BLEU": 0.2854182109576152,
            "chrF": 0.5753058778768374,
            "ZeroEdit": 0.0051334702258726,
            "GLEU": 0.6596605152195408
        },
        "SMU": {
            "COMET": 0.6900197397082044,
            "BERTScore": 0.94057773026108,
            "TER": 0.4036364212795638,
            "BLEU": 0.3221001951454555,
            "chrF": 0.6086226434650585,
            "ZeroEdit": 0.0061601642710472,
            "GLEU": 0.6824804950930883
        },
        "metricsystem1": {
            "COMET": 0.6926797683294805,
            "BERTScore": 0.9421956126694808,
            "TER": 0.4092321349312028,
            "BLEU": 0.3198137418305867,
            "chrF": 0.6052678869689114,
            "ZeroEdit": 0.0066735112936344,
            "GLEU": 0.6764567712827906
        },
        "metricsystem2": {
            "COMET": 0.6965128794753277,
            "BERTScore": 0.9423272533216026,
            "TER": 0.41728488998795255,
            "BLEU": 0.3253110312140741,
            "chrF": 0.6113715707571803,
            "ZeroEdit": 0.0102669404517453,
            "GLEU": 0.6823369575253704
        },
        "metricsystem3": {
            "COMET": 0.6736833371565767,
            "BERTScore": 0.9378469767205768,
            "TER": 0.3866590577642508,
            "BLEU": 0.2945429698846872,
            "chrF": 0.5839423970974859,
            "ZeroEdit": 0.0051334702258726,
            "GLEU": 0.6633774995300145
        },
        "metricsystem4": {
            "COMET": 0.6566419859827464,
            "BERTScore": 0.9384304302490224,
            "TER": 0.3991503392302327,
            "BLEU": 0.3026182282069258,
            "chrF": 0.571384941211074,
            "ZeroEdit": 0.0041067761806981,
            "GLEU": 0.6505195203714192
        },
        "metricsystem5": {
            "COMET": 0.670716427766562,
            "BERTScore": 0.9369084176586394,
            "TER": 0.3705535476507513,
            "BLEU": 0.2960764289188893,
            "chrF": 0.5938251177785812,
            "ZeroEdit": 0.0056468172484599,
            "GLEU": 0.6598689822674564
        },
        "refA": {
            "COMET": 1.0,
            "BERTScore": 0.999999994033416,
            "TER": 1.0,
            "BLEU": 1.0,
            "chrF": 1.0,
            "ZeroEdit": 1.0,
            "GLEU": 1.0
        },
        "refB": {
            "COMET": 0.6781620984684027,
            "BERTScore": 0.9391003933714156,
            "TER": 0.36619428064168413,
            "BLEU": 0.281677640800596,
            "chrF": 0.5955889966278894,
            "ZeroEdit": 0.0051334702258726,
            "GLEU": 0.6636408603171511
        }
    }
}