{
    "weights_metrics": {
        "COMET": 0.9628728220854801,
        "BERTScore": 0.9985333568325733,
        "TER": 0.9353262789374076,
        "BLEU": 0.06389427415098614,
        "chrF": -0.7226871926439731,
        "ZeroEdit": -0.19709395488846404,
        "GLEU": 0.3986663667150692
    },
    "best_value": 0.8095238095238095,
    "best_trial": 918,
    "system_names": [
        "Borderline",
        "DIDI-NLP",
        "Facebook-AI",
        "IIE-MT",
        "MiSS",
        "NiuTrans",
        "Online-W",
        "SMU",
        "metricsystem1",
        "metricsystem2",
        "metricsystem3",
        "metricsystem4",
        "metricsystem5",
        "refA",
        "refB"
    ],
    "number_of_trials": 1000,
    "seed": 12,
    "human_scores_file": "data/wmt21.news/zh-en/human-scores/zh-en.mqm.sys.score",
    "human_scores": {
        "Borderline": -4.944923076923071,
        "DIDI-NLP": -5.094615384615377,
        "Facebook-AI": -5.214923076923068,
        "IIE-MT": -5.144769230769225,
        "MiSS": -4.931538461538457,
        "NiuTrans": -4.632923076923068,
        "Online-W": -5.566769230769225,
        "SMU": -4.844461538461529,
        "metricsystem1": -4.4153846153846095,
        "metricsystem2": -5.035999999999994,
        "metricsystem3": -5.388615384615374,
        "metricsystem4": -4.624769230769226,
        "metricsystem5": -6.3876923076923,
        "refA": -4.349692307692303,
        "refB": -4.271076923076917
    },
    "metrics_scores_file": "data/wmt21.news/zh-en/nlp-telescope-scores/zh-en.txt/zh-en.refA.txt/results.csv",
    "metrics_scores": {
        "Borderline": {
            "COMET": 0.3924714708650576,
            "BERTScore": 0.9421310253762613,
            "TER": 0.5850294844968613,
            "BLEU": 0.3341007280859089,
            "chrF": 0.6171761372233924,
            "ZeroEdit": 0.0082135523613963,
            "GLEU": 0.6873380960611915
        },
        "DIDI-NLP": {
            "COMET": 0.3973636214197776,
            "BERTScore": 0.9430963113383836,
            "TER": 0.5826517024919156,
            "BLEU": 0.3254139872440439,
            "chrF": 0.6165664357729128,
            "ZeroEdit": 0.0107802874743326,
            "GLEU": 0.6881579227648993
        },
        "Facebook-AI": {
            "COMET": 0.3773985159032628,
            "BERTScore": 0.9415392469025736,
            "TER": 0.5916397184706106,
            "BLEU": 0.3207210175727858,
            "chrF": 0.6041481072566344,
            "ZeroEdit": 0.0071868583162217,
            "GLEU": 0.6766643728517491
        },
        "IIE-MT": {
            "COMET": 0.380918955897723,
            "BERTScore": 0.9406724556270812,
            "TER": 0.5951429839578974,
            "BLEU": 0.3165976688711653,
            "chrF": 0.6092381796940344,
            "ZeroEdit": 0.0061601642710472,
            "GLEU": 0.6773956335225121
        },
        "MiSS": {
            "COMET": 0.3968312759191425,
            "BERTScore": 0.9425573291169056,
            "TER": 0.5782924354828483,
            "BLEU": 0.3255910163311742,
            "chrF": 0.6130348603470481,
            "ZeroEdit": 0.0082135523613963,
            "GLEU": 0.6850125387768322
        },
        "NiuTrans": {
            "COMET": 0.3706377302205622,
            "BERTScore": 0.9413339389178298,
            "TER": 0.6081256737049014,
            "BLEU": 0.318863623757625,
            "chrF": 0.6106967700959216,
            "ZeroEdit": 0.0051334702258726,
            "GLEU": 0.6783893810476179
        },
        "Online-W": {
            "COMET": 0.2972455927561892,
            "BERTScore": 0.9336299498773944,
            "TER": 0.626989410944138,
            "BLEU": 0.2854182109576152,
            "chrF": 0.5753058778768374,
            "ZeroEdit": 0.0051334702258726,
            "GLEU": 0.6596605152195408
        },
        "SMU": {
            "COMET": 0.3800394794164087,
            "BERTScore": 0.94057773026108,
            "TER": 0.5963635787204362,
            "BLEU": 0.3221001951454555,
            "chrF": 0.6086226434650585,
            "ZeroEdit": 0.0061601642710472,
            "GLEU": 0.6824804950930883
        },
        "metricsystem1": {
            "COMET": 0.385359536658961,
            "BERTScore": 0.9421956126694808,
            "TER": 0.5907678650687972,
            "BLEU": 0.3198137418305867,
            "chrF": 0.6052678869689114,
            "ZeroEdit": 0.0066735112936344,
            "GLEU": 0.6764567712827906
        },
        "metricsystem2": {
            "COMET": 0.3930257589506555,
            "BERTScore": 0.9423272533216026,
            "TER": 0.5827151100120475,
            "BLEU": 0.3253110312140741,
            "chrF": 0.6113715707571803,
            "ZeroEdit": 0.0102669404517453,
            "GLEU": 0.6823369575253704
        },
        "metricsystem3": {
            "COMET": 0.3473666743131534,
            "BERTScore": 0.9378469767205768,
            "TER": 0.6133409422357492,
            "BLEU": 0.2945429698846872,
            "chrF": 0.5839423970974859,
            "ZeroEdit": 0.0051334702258726,
            "GLEU": 0.6633774995300145
        },
        "metricsystem4": {
            "COMET": 0.3132839719654927,
            "BERTScore": 0.9384304302490224,
            "TER": 0.6008496607697673,
            "BLEU": 0.3026182282069258,
            "chrF": 0.571384941211074,
            "ZeroEdit": 0.0041067761806981,
            "GLEU": 0.6505195203714192
        },
        "metricsystem5": {
            "COMET": 0.3414328555331242,
            "BERTScore": 0.9369084176586394,
            "TER": 0.6294464523492487,
            "BLEU": 0.2960764289188893,
            "chrF": 0.5938251177785812,
            "ZeroEdit": 0.0056468172484599,
            "GLEU": 0.6598689822674564
        },
        "refA": {
            "COMET": 1.2267409358976802,
            "BERTScore": 0.999999994033416,
            "TER": 0.0,
            "BLEU": 1.0000000000000004,
            "chrF": 1.0,
            "ZeroEdit": 1.0,
            "GLEU": 1.0
        },
        "refB": {
            "COMET": 0.3563241969368055,
            "BERTScore": 0.9391003933714156,
            "TER": 0.6338057193583159,
            "BLEU": 0.281677640800596,
            "chrF": 0.5955889966278894,
            "ZeroEdit": 0.0051334702258726,
            "GLEU": 0.6636408603171511
        }
    }
}