,OnlineA,OnlineB
Demographic-Parity,0.08333333333333337,0.08333333333333337
Accuracy,0.9891540130151844,0.9891540130151844
Precision,0.9891825329165482,0.9891825329165482
Recall,0.9713631156930126,0.9713631156930126
F1-score,0.9799393579674337,0.9799393579674337
