,Precison,FDR,FOR,NPV,Recall,FPR,FNR,TNR
neutral,0.9462151394422311,0.053784860557768925,0.005208333333333333,0.9947916666666666,0.9615384615384616,0.00738512035010941,0.038461538461538464,0.9926148796498906
female,0.8830213903743316,0.11697860962566844,0.0546345139412208,0.9453654860587792,0.9010914051841746,0.06520119225037257,0.09890859481582538,0.9347988077496274
male,0.9381970260223048,0.061802973977695165,0.08558558558558559,0.9144144144144144,0.9219178082191781,0.06785714285714285,0.07808219178082192,0.9321428571428572
