,Precison,FDR,FOR,NPV,Recall,FPR,FNR,TNR
neutral,1.0,0.0,0.008849557522123894,0.9911504424778761,0.9658119658119658,0.0,0.03418803418803419,1.0
female,0.9274193548387096,0.07258064516129033,0.0019880715705765406,0.9980119284294234,0.9829059829059829,0.008884501480750246,0.017094017094017096,0.9911154985192497
male,0.9923076923076923,0.007692307692307693,0.014285714285714285,0.9857142857142858,0.993581514762516,0.017094017094017096,0.006418485237483954,0.9829059829059829
