,PPV,FDR,FOR,NPV,TPR,FPR,FNR,TNR
neutral,1.0,0.0,0.0,1.0,1.0,0.0,0.0,1.0
female,0.0,0.0,0.3333333333333333,0.6666666666666666,0.0,0.0,1.0,1.0
male,0.0,1.0,0.0,1.0,0.0,0.3333333333333333,0.0,0.6666666666666666
