,bing,google
Accuracy,0.967741935483871,0.9516129032258065
F1-score,0.9630952380952381,0.946597760551249
