,bing,google
Demographic-Parity,0.5926916221033868,0.6170323928944619
Accuracy,0.6932515337423313,0.7055214723926381
Precision,0.7457729468599034,0.7546446902334996
Recall,0.7287376810703382,0.7517261868174647
F1-score,0.6640595359696483,0.6751957378218219
