,bleu_bestmbr,bleurt_bestmbr,chrf_bestmbr,comet_bestmbr,JDExploreAcademy,Lan-Bridge,M2M100_1.2B-B4,Online-A,Online-B,Online-G,Online-W,Online-Y,OpenNMT,PROMT,QUARTZ_TuneReranking,refA,refB
COMET,0.5623767245734027,0.5278402065417188,0.5648628031678221,0.5365953944803903,0.5642656048098232,0.46776557447837114,0.4431765254709046,0.5385303660760654,0.5502629571051179,0.5350568308950623,0.5688817002673847,0.535137040188824,0.5187173392459633,0.523054106099943,0.5281181681223228,1.3390542865382715,0.45705125105536293
BERTScore,0.8926415298782916,0.880182134545246,0.8918604975577203,0.8809386820709169,0.8948452875105602,0.8774693142877866,0.873321416093412,0.8860216813777991,0.8920249943630569,0.8842138007662301,0.8872338153144851,0.8887078365467765,0.8874910072571144,0.8881191387335148,0.8791097595033813,0.999999992534839,0.8749532161860083
TER,0.4876389008527866,0.5617193556723232,0.503919372900336,0.5431131019036954,0.4935825652510983,0.5082263760875183,0.5556895512102679,0.5090016366612111,0.49840640882074255,0.5146007408045482,0.519769144629167,0.5076233956413128,0.5116719786372642,0.5071065552588508,0.5467309845809286,0.0,0.5713670428116117
BLEU,0.384719610149268,0.32122947636441673,0.3702555641956202,0.3226351313271453,0.3827226953823393,0.3399206533870939,0.30940798954782883,0.3583299591897306,0.3780850673186356,0.3529848990309255,0.35433311638784026,0.36796892445295776,0.3673657325177018,0.3642884366258319,0.32132452961083074,1.0000000000000004,0.309801439378064
chrF,0.6587139445267748,0.6278495741270383,0.6624880846680568,0.6222008819433492,0.6621728580546125,0.6489985654297048,0.6095184446607343,0.6507715156329383,0.6564011424142346,0.6460010825164185,0.6524329252779482,0.6462882258637902,0.6454561578934644,0.6462880377107648,0.6256342925327378,1.0,0.6099850427140014
ZeroEdit,0.015655577299412915,0.011741682974559686,0.0136986301369863,0.007827788649706457,0.021526418786692758,0.009784735812133072,0.009784735812133072,0.009784735812133072,0.011741682974559686,0.005870841487279843,0.015655577299412915,0.009784735812133072,0.0136986301369863,0.007827788649706457,0.005870841487279843,1.0,0.007827788649706457
GLEU,0.7365261867321634,0.7051774972008199,0.7324938318423737,0.7066716303885596,0.7381275816998493,0.7171070479688204,0.6936518118733377,0.7258368862491097,0.7340417412027872,0.7231274055706816,0.7268927309200853,0.7241957812442648,0.7180898466374536,0.7267722047738578,0.7068918480039851,1.0,0.689087891249137
