,PPV,FDR,FOR,NPV,TPR,FPR,FNR,TNR
neutral,0.9975845410628019,0.0024154589371980675,0.006666666666666667,0.9933333333333333,0.9927884615384616,0.002232142857142857,0.007211538461538462,0.9977678571428571
female,0.9831932773109243,0.01680672268907563,0.0,1.0,1.0,0.002677376171352075,0.0,0.9973226238286479
male,0.9909365558912386,0.00906344410876133,0.005628517823639775,0.9943714821763602,0.9909365558912386,0.005628517823639775,0.00906344410876133,0.9943714821763602
