,Precison,FDR,FOR,NPV,Recall,FPR,FNR,TNR
neutral,0.9898477157360406,0.01015228426395939,0.007722007722007722,0.9922779922779923,0.9898477157360406,0.007722007722007722,0.01015228426395939,0.9922779922779923
female,0.9272727272727272,0.07272727272727272,0.0,1.0,1.0,0.009876543209876543,0.0,0.9901234567901235
male,1.0,0.0,0.015873015873015872,0.9841269841269841,0.9807692307692307,0.0,0.019230769230769232,1.0
