{
    "system_accuracy": 0.725,
    "spearman": 0.5735294117647058,
    "pearson": 0.3211499640437842,
    "kendall": 0.45,
    "languages_pair": "en-de",
    "domain": "social",
    "reference": "en-de.refB.txt-social",
    "system_names": [
        "Online-B",
        "bleurt_bestmbr",
        "M2M100_1.2B-B4",
        "Online-G",
        "PROMT",
        "Online-W",
        "OpenNMT",
        "Lan-Bridge",
        "refA",
        "Online-A",
        "refB",
        "QUARTZ_TuneReranking",
        "Online-Y",
        "bleu_bestmbr",
        "comet_bestmbr",
        "JDExploreAcademy"
    ],
    "human_scores_file": "data/wmt22//en-de/human-scores/en-de.mqm.domain.score",
    "human_scores": {
        "Online-B": -1.2655882352941183,
        "bleurt_bestmbr": -1.4100000000000004,
        "M2M100_1.2B-B4": -2.991470588235295,
        "Online-G": -1.5120588235294121,
        "PROMT": -1.9408823529411772,
        "Online-W": -0.7361764705882352,
        "OpenNMT": -2.144411764705883,
        "Lan-Bridge": -1.724117647058824,
        "refA": -0.6814705882352939,
        "Online-A": -1.5450000000000008,
        "refB": -0.9282352941176469,
        "QUARTZ_TuneReranking": -1.589117647058824,
        "Online-Y": -1.445588235294118,
        "bleu_bestmbr": -1.1391176470588238,
        "comet_bestmbr": -1.3320588235294124,
        "JDExploreAcademy": -1.2082352941176475
    },
    "metric_scores_file": "data/wmt22//en-de/domains/social/nlp-telescope-scores/en-de-social/en-de.refB.txt-social/universal_metrics/average_ranks_systems.csv",
    "metric_scores": {
        "Online-B": 0.5028716328164736,
        "bleurt_bestmbr": 0.4818080044491309,
        "M2M100_1.2B-B4": 0.4617197184765849,
        "Online-G": 0.493685380476485,
        "PROMT": 0.4920283889052462,
        "Online-W": 0.5032630558119641,
        "OpenNMT": 0.4800225668287934,
        "Lan-Bridge": 0.4950647807753986,
        "refA": 0.4818526225178144,
        "Online-A": 0.4981260041471568,
        "refB": 0.9237492294549676,
        "QUARTZ_TuneReranking": 0.4767190278120506,
        "Online-Y": 0.5036405690160753,
        "bleu_bestmbr": 0.5009624577208164,
        "comet_bestmbr": 0.4847401374095254,
        "JDExploreAcademy": 0.4983175796764788
    }
}