{
    "system_accuracy": 0.6666666666666666,
    "spearman": 0.4588235294117647,
    "pearson": 0.34003586668367763,
    "kendall": 0.33333333333333337,
    "languages_pair": "en-de",
    "domain": "social",
    "reference": "en-de.refB.txt-social",
    "system_names": [
        "Online-B",
        "bleurt_bestmbr",
        "M2M100_1.2B-B4",
        "Online-G",
        "PROMT",
        "Online-W",
        "OpenNMT",
        "Lan-Bridge",
        "refA",
        "Online-A",
        "refB",
        "QUARTZ_TuneReranking",
        "Online-Y",
        "bleu_bestmbr",
        "comet_bestmbr",
        "JDExploreAcademy"
    ],
    "human_scores_file": "data/wmt22//en-de/human-scores/en-de.mqm.domain.score",
    "human_scores": {
        "Online-B": -1.2655882352941183,
        "bleurt_bestmbr": -1.4100000000000004,
        "M2M100_1.2B-B4": -2.991470588235295,
        "Online-G": -1.5120588235294121,
        "PROMT": -1.9408823529411772,
        "Online-W": -0.7361764705882352,
        "OpenNMT": -2.144411764705883,
        "Lan-Bridge": -1.724117647058824,
        "refA": -0.6814705882352939,
        "Online-A": -1.5450000000000008,
        "refB": -0.9282352941176469,
        "QUARTZ_TuneReranking": -1.589117647058824,
        "Online-Y": -1.445588235294118,
        "bleu_bestmbr": -1.1391176470588238,
        "comet_bestmbr": -1.3320588235294124,
        "JDExploreAcademy": -1.2082352941176475
    },
    "metric_scores_file": "data/wmt22//en-de/domains/social/nlp-telescope-scores/en-de-social/en-de.refB.txt-social/results.csv",
    "metric_scores": {
        "Online-B": 0.8811548482626677,
        "bleurt_bestmbr": 0.864016848616302,
        "M2M100_1.2B-B4": 0.861534739495255,
        "Online-G": 0.8765281591331586,
        "PROMT": 0.8774703518720344,
        "Online-W": 0.8788079884834588,
        "OpenNMT": 0.8700443580746651,
        "Lan-Bridge": 0.8766037572640926,
        "refA": 0.8694598788861185,
        "Online-A": 0.8784232607576996,
        "refB": 1.0000000012805683,
        "QUARTZ_TuneReranking": 0.8655193654121831,
        "Online-Y": 0.8818336257245392,
        "bleu_bestmbr": 0.8813258399022743,
        "comet_bestmbr": 0.8672442592214793,
        "JDExploreAcademy": 0.879535285406746
    }
}