{
    "system_accuracy": 0.5916666666666667,
    "spearman": 0.19411764705882353,
    "pearson": 0.27082790921789957,
    "kendall": 0.18333333333333335,
    "languages_pair": "en-de",
    "domain": "social",
    "reference": "en-de.refB.txt-social",
    "system_names": [
        "Online-B",
        "bleurt_bestmbr",
        "M2M100_1.2B-B4",
        "Online-G",
        "PROMT",
        "Online-W",
        "OpenNMT",
        "Lan-Bridge",
        "refA",
        "Online-A",
        "refB",
        "QUARTZ_TuneReranking",
        "Online-Y",
        "bleu_bestmbr",
        "comet_bestmbr",
        "JDExploreAcademy"
    ],
    "human_scores_file": "data/wmt22//en-de/human-scores/en-de.mqm.domain.score",
    "human_scores": {
        "Online-B": -1.2655882352941183,
        "bleurt_bestmbr": -1.4100000000000004,
        "M2M100_1.2B-B4": -2.991470588235295,
        "Online-G": -1.5120588235294121,
        "PROMT": -1.9408823529411772,
        "Online-W": -0.7361764705882352,
        "OpenNMT": -2.144411764705883,
        "Lan-Bridge": -1.724117647058824,
        "refA": -0.6814705882352939,
        "Online-A": -1.5450000000000008,
        "refB": -0.9282352941176469,
        "QUARTZ_TuneReranking": -1.589117647058824,
        "Online-Y": -1.445588235294118,
        "bleu_bestmbr": -1.1391176470588238,
        "comet_bestmbr": -1.3320588235294124,
        "JDExploreAcademy": -1.2082352941176475
    },
    "metric_scores_file": "data/wmt22//en-de/domains/social/nlp-telescope-scores/en-de-social/en-de.refB.txt-social/results.csv",
    "metric_scores": {
        "Online-B": 0.3694303824760221,
        "bleurt_bestmbr": 0.2918686111444586,
        "M2M100_1.2B-B4": 0.3093220475855859,
        "Online-G": 0.3541575151550671,
        "PROMT": 0.3581728092183509,
        "Online-W": 0.3443125483972157,
        "OpenNMT": 0.3404368452065668,
        "Lan-Bridge": 0.3564614430560939,
        "refA": 0.3045770393200122,
        "Online-A": 0.3643329704544829,
        "refB": 1.0000000000000004,
        "QUARTZ_TuneReranking": 0.3140870700163584,
        "Online-Y": 0.3650225891555071,
        "bleu_bestmbr": 0.3640341610604555,
        "comet_bestmbr": 0.2934258326558797,
        "JDExploreAcademy": 0.371105476107635
    }
}