{
    "system_accuracy": 0.7666666666666667,
    "spearman": 0.6529411764705881,
    "pearson": 0.36579714887723713,
    "kendall": 0.5333333333333333,
    "languages_pair": "en-de",
    "domain": "social",
    "reference": "en-de.refB.txt-social",
    "system_names": [
        "Online-B",
        "bleurt_bestmbr",
        "M2M100_1.2B-B4",
        "Online-G",
        "PROMT",
        "Online-W",
        "OpenNMT",
        "Lan-Bridge",
        "refA",
        "Online-A",
        "refB",
        "QUARTZ_TuneReranking",
        "Online-Y",
        "bleu_bestmbr",
        "comet_bestmbr",
        "JDExploreAcademy"
    ],
    "human_scores_file": "data/wmt22//en-de/human-scores/en-de.mqm.domain.score",
    "human_scores": {
        "Online-B": -1.2655882352941183,
        "bleurt_bestmbr": -1.4100000000000004,
        "M2M100_1.2B-B4": -2.991470588235295,
        "Online-G": -1.5120588235294121,
        "PROMT": -1.9408823529411772,
        "Online-W": -0.7361764705882352,
        "OpenNMT": -2.144411764705883,
        "Lan-Bridge": -1.724117647058824,
        "refA": -0.6814705882352939,
        "Online-A": -1.5450000000000008,
        "refB": -0.9282352941176469,
        "QUARTZ_TuneReranking": -1.589117647058824,
        "Online-Y": -1.445588235294118,
        "bleu_bestmbr": -1.1391176470588238,
        "comet_bestmbr": -1.3320588235294124,
        "JDExploreAcademy": -1.2082352941176475
    },
    "metric_scores_file": "data/wmt22//en-de/domains/social/nlp-telescope-scores/en-de-social/en-de.refB.txt-social/results.csv",
    "metric_scores": {
        "Online-B": 0.4360179814584626,
        "bleurt_bestmbr": 0.3890285105817384,
        "M2M100_1.2B-B4": 0.2911464012695433,
        "Online-G": 0.3989185684731637,
        "PROMT": 0.3846768537914613,
        "Online-W": 0.4580828810039747,
        "OpenNMT": 0.3584765116634116,
        "Lan-Bridge": 0.4107700932645457,
        "refA": 0.3763545117981266,
        "Online-A": 0.417523204664576,
        "refB": 1.4662446049042046,
        "QUARTZ_TuneReranking": 0.364119072912672,
        "Online-Y": 0.440726956443541,
        "bleu_bestmbr": 0.4359105783287305,
        "comet_bestmbr": 0.4201534928934052,
        "JDExploreAcademy": 0.4176127635728335
    }
}