{
    "system_accuracy": 0.6916666666666667,
    "spearman": 0.5117647058823529,
    "pearson": 0.3360305911278849,
    "kendall": 0.38333333333333336,
    "languages_pair": "en-de",
    "domain": "social",
    "reference": "en-de.refB.txt-social",
    "system_names": [
        "Online-B",
        "bleurt_bestmbr",
        "M2M100_1.2B-B4",
        "Online-G",
        "PROMT",
        "Online-W",
        "OpenNMT",
        "Lan-Bridge",
        "refA",
        "Online-A",
        "refB",
        "QUARTZ_TuneReranking",
        "Online-Y",
        "bleu_bestmbr",
        "comet_bestmbr",
        "JDExploreAcademy"
    ],
    "human_scores_file": "data/wmt22//en-de/human-scores/en-de.mqm.domain.score",
    "human_scores": {
        "Online-B": -1.2655882352941183,
        "bleurt_bestmbr": -1.4100000000000004,
        "M2M100_1.2B-B4": -2.991470588235295,
        "Online-G": -1.5120588235294121,
        "PROMT": -1.9408823529411772,
        "Online-W": -0.7361764705882352,
        "OpenNMT": -2.144411764705883,
        "Lan-Bridge": -1.724117647058824,
        "refA": -0.6814705882352939,
        "Online-A": -1.5450000000000008,
        "refB": -0.9282352941176469,
        "QUARTZ_TuneReranking": -1.589117647058824,
        "Online-Y": -1.445588235294118,
        "bleu_bestmbr": -1.1391176470588238,
        "comet_bestmbr": -1.3320588235294124,
        "JDExploreAcademy": -1.2082352941176475
    },
    "metric_scores_file": "data/wmt22//en-de/domains/social/nlp-telescope-scores/en-de-social/en-de.refB.txt-social/results.csv",
    "metric_scores": {
        "Online-B": 0.6794667784744617,
        "bleurt_bestmbr": 0.6434610756979336,
        "M2M100_1.2B-B4": 0.6331238064117013,
        "Online-G": 0.6724850917314039,
        "PROMT": 0.6721203044496431,
        "Online-W": 0.6773943748694078,
        "OpenNMT": 0.649229715455336,
        "Lan-Bridge": 0.6727089758631131,
        "refA": 0.6500401797638694,
        "Online-A": 0.6761578340614289,
        "refB": 1.0,
        "QUARTZ_TuneReranking": 0.6439155384424976,
        "Online-Y": 0.6805871040425117,
        "bleu_bestmbr": 0.6795310883078108,
        "comet_bestmbr": 0.6515149668756843,
        "JDExploreAcademy": 0.675645631624198
    }
}