{
    "system_accuracy": 0.48333333333333334,
    "spearman": 0.008823529411764706,
    "pearson": 0.22484747158007867,
    "kendall": -0.03333333333333333,
    "languages_pair": "en-de",
    "domain": "social",
    "reference": "en-de.refB.txt-social",
    "system_names": [
        "Online-B",
        "bleurt_bestmbr",
        "M2M100_1.2B-B4",
        "Online-G",
        "PROMT",
        "Online-W",
        "OpenNMT",
        "Lan-Bridge",
        "refA",
        "Online-A",
        "refB",
        "QUARTZ_TuneReranking",
        "Online-Y",
        "bleu_bestmbr",
        "comet_bestmbr",
        "JDExploreAcademy"
    ],
    "human_scores_file": "data/wmt22//en-de/human-scores/en-de.mqm.domain.score",
    "human_scores": {
        "Online-B": -1.2655882352941183,
        "bleurt_bestmbr": -1.4100000000000004,
        "M2M100_1.2B-B4": -2.991470588235295,
        "Online-G": -1.5120588235294121,
        "PROMT": -1.9408823529411772,
        "Online-W": -0.7361764705882352,
        "OpenNMT": -2.144411764705883,
        "Lan-Bridge": -1.724117647058824,
        "refA": -0.6814705882352939,
        "Online-A": -1.5450000000000008,
        "refB": -0.9282352941176469,
        "QUARTZ_TuneReranking": -1.589117647058824,
        "Online-Y": -1.445588235294118,
        "bleu_bestmbr": -1.1391176470588238,
        "comet_bestmbr": -1.3320588235294124,
        "JDExploreAcademy": -1.2082352941176475
    },
    "metric_scores_file": "data/wmt22//en-de/domains/social/nlp-telescope-scores/en-de-social/en-de.refB.txt-social/universal_metrics/median_ranks_systems.csv",
    "metric_scores": {
        "Online-B": 0.5067398901647528,
        "bleurt_bestmbr": 0.5610069118383822,
        "M2M100_1.2B-B4": 0.550692705817144,
        "Online-G": 0.5229655516724913,
        "PROMT": 0.5254618072890664,
        "Online-W": 0.5309535696455318,
        "OpenNMT": 0.540564153769346,
        "Lan-Bridge": 0.5111083374937594,
        "refA": 0.5517657559069983,
        "Online-A": 0.5154767848227658,
        "refB": 1.0,
        "QUARTZ_TuneReranking": 0.5609086370444334,
        "Online-Y": 0.5083624563155267,
        "bleu_bestmbr": 0.5011233150274588,
        "comet_bestmbr": 0.5615694446685572,
        "JDExploreAcademy": 0.510234648027958
    }
}