{
    "system_accuracy": 0.6666666666666666,
    "spearman": 0.44705882352941173,
    "pearson": 0.47957430496025766,
    "kendall": 0.33333333333333337,
    "languages_pair": "en-de",
    "domain": "social",
    "reference": "en-de.refB.txt-social",
    "system_names": [
        "Online-B",
        "bleurt_bestmbr",
        "M2M100_1.2B-B4",
        "Online-G",
        "PROMT",
        "Online-W",
        "OpenNMT",
        "Lan-Bridge",
        "refA",
        "Online-A",
        "refB",
        "QUARTZ_TuneReranking",
        "Online-Y",
        "bleu_bestmbr",
        "comet_bestmbr",
        "JDExploreAcademy"
    ],
    "human_scores_file": "data/wmt22//en-de/human-scores/en-de.mqm.domain.score",
    "human_scores": {
        "Online-B": -1.2655882352941183,
        "bleurt_bestmbr": -1.4100000000000004,
        "M2M100_1.2B-B4": -2.991470588235295,
        "Online-G": -1.5120588235294121,
        "PROMT": -1.9408823529411772,
        "Online-W": -0.7361764705882352,
        "OpenNMT": -2.144411764705883,
        "Lan-Bridge": -1.724117647058824,
        "refA": -0.6814705882352939,
        "Online-A": -1.5450000000000008,
        "refB": -0.9282352941176469,
        "QUARTZ_TuneReranking": -1.589117647058824,
        "Online-Y": -1.445588235294118,
        "bleu_bestmbr": -1.1391176470588238,
        "comet_bestmbr": -1.3320588235294124,
        "JDExploreAcademy": -1.2082352941176475
    },
    "metric_scores_file": "data/wmt22//en-de/domains/social/nlp-telescope-scores/en-de-social/en-de.refB.txt-social/universal_metrics/social-choice-theory_ranks_systems.csv",
    "metric_scores": {
        "Online-B": -25.0,
        "bleurt_bestmbr": -100.0,
        "M2M100_1.2B-B4": -107.0,
        "Online-G": -66.0,
        "PROMT": -69.0,
        "Online-W": -50.0,
        "OpenNMT": -88.0,
        "Lan-Bridge": -56.0,
        "refA": -91.0,
        "Online-A": -49.0,
        "refB": -7.0,
        "QUARTZ_TuneReranking": -94.0,
        "Online-Y": -22.0,
        "bleu_bestmbr": -28.0,
        "comet_bestmbr": -85.0,
        "JDExploreAcademy": -42.0
    }
}