{
    "system_accuracy": 0.725,
    "spearman": 0.5735294117647058,
    "pearson": 0.32600029274279385,
    "kendall": 0.45,
    "languages_pair": "en-de",
    "domain": "social",
    "reference": "en-de.refB.txt-social",
    "system_names": [
        "Online-B",
        "bleurt_bestmbr",
        "M2M100_1.2B-B4",
        "Online-G",
        "PROMT",
        "Online-W",
        "OpenNMT",
        "Lan-Bridge",
        "refA",
        "Online-A",
        "refB",
        "QUARTZ_TuneReranking",
        "Online-Y",
        "bleu_bestmbr",
        "comet_bestmbr",
        "JDExploreAcademy"
    ],
    "human_scores_file": "data/wmt22//en-de/human-scores/en-de.mqm.domain.score",
    "human_scores": {
        "Online-B": -1.2655882352941183,
        "bleurt_bestmbr": -1.4100000000000004,
        "M2M100_1.2B-B4": -2.991470588235295,
        "Online-G": -1.5120588235294121,
        "PROMT": -1.9408823529411772,
        "Online-W": -0.7361764705882352,
        "OpenNMT": -2.144411764705883,
        "Lan-Bridge": -1.724117647058824,
        "refA": -0.6814705882352939,
        "Online-A": -1.5450000000000008,
        "refB": -0.9282352941176469,
        "QUARTZ_TuneReranking": -1.589117647058824,
        "Online-Y": -1.445588235294118,
        "bleu_bestmbr": -1.1391176470588238,
        "comet_bestmbr": -1.3320588235294124,
        "JDExploreAcademy": -1.2082352941176475
    },
    "metric_scores_file": "data/wmt22//en-de/domains/social/nlp-telescope-scores/en-de-social/en-de.refB.txt-social/universal_metrics/weighted_mean/weighted-mean-seed-24_0_1_TER_ranks_systems.csv",
    "metric_scores": {
        "Online-B": 0.2639826200131056,
        "bleurt_bestmbr": 0.2471455230632998,
        "M2M100_1.2B-B4": 0.2303908350804947,
        "Online-G": 0.2559088652659008,
        "PROMT": 0.2535436585756369,
        "Online-W": 0.2649363131858303,
        "OpenNMT": 0.24494987704023,
        "Lan-Bridge": 0.2583915634256607,
        "refA": 0.2461355331156559,
        "Online-A": 0.2595102076401015,
        "refB": 0.591998707790214,
        "QUARTZ_TuneReranking": 0.24329506390225,
        "Online-Y": 0.2649140579820947,
        "bleu_bestmbr": 0.2636770447084425,
        "comet_bestmbr": 0.2520266120486304,
        "JDExploreAcademy": 0.2596076216415147
    }
}