{
    "system_accuracy": 0.7333333333333333,
    "spearman": 0.5970588235294118,
    "pearson": 0.32377579153964975,
    "kendall": 0.4666666666666666,
    "languages_pair": "en-de",
    "domain": "social",
    "reference": "en-de.refB.txt-social",
    "system_names": [
        "Online-B",
        "bleurt_bestmbr",
        "M2M100_1.2B-B4",
        "Online-G",
        "PROMT",
        "Online-W",
        "OpenNMT",
        "Lan-Bridge",
        "refA",
        "Online-A",
        "refB",
        "QUARTZ_TuneReranking",
        "Online-Y",
        "bleu_bestmbr",
        "comet_bestmbr",
        "JDExploreAcademy"
    ],
    "human_scores_file": "data/wmt22//en-de/human-scores/en-de.mqm.domain.score",
    "human_scores": {
        "Online-B": -1.2655882352941183,
        "bleurt_bestmbr": -1.4100000000000004,
        "M2M100_1.2B-B4": -2.991470588235295,
        "Online-G": -1.5120588235294121,
        "PROMT": -1.9408823529411772,
        "Online-W": -0.7361764705882352,
        "OpenNMT": -2.144411764705883,
        "Lan-Bridge": -1.724117647058824,
        "refA": -0.6814705882352939,
        "Online-A": -1.5450000000000008,
        "refB": -0.9282352941176469,
        "QUARTZ_TuneReranking": -1.589117647058824,
        "Online-Y": -1.445588235294118,
        "bleu_bestmbr": -1.1391176470588238,
        "comet_bestmbr": -1.3320588235294124,
        "JDExploreAcademy": -1.2082352941176475
    },
    "metric_scores_file": "data/wmt22//en-de/domains/social/nlp-telescope-scores/en-de-social/en-de.refB.txt-social/universal_metrics/weighted_mean/weighted-mean-seed-36_0_1_TER_ranks_systems.csv",
    "metric_scores": {
        "Online-B": 0.2306739190905548,
        "bleurt_bestmbr": 0.2175202543881521,
        "M2M100_1.2B-B4": 0.2022221779358648,
        "Online-G": 0.223676005427042,
        "PROMT": 0.2213990607304938,
        "Online-W": 0.2322294869140573,
        "OpenNMT": 0.2139687972914786,
        "Lan-Bridge": 0.2256039397249619,
        "refA": 0.2179060447362503,
        "Online-A": 0.2264815423183059,
        "refB": 0.5446934872510159,
        "QUARTZ_TuneReranking": 0.2136633462574815,
        "Online-Y": 0.2319370289647648,
        "bleu_bestmbr": 0.2306220631677557,
        "comet_bestmbr": 0.2220276169180712,
        "JDExploreAcademy": 0.226435259325746
    }
}