{
    "system_accuracy": 0.7916666666666666,
    "spearman": 0.7352941176470589,
    "pearson": 0.49293738190161157,
    "kendall": 0.5833333333333334,
    "languages_pair": "en-de",
    "domain": "social",
    "reference": "en-de.refB.txt-social",
    "system_names": [
        "Online-B",
        "bleurt_bestmbr",
        "M2M100_1.2B-B4",
        "Online-G",
        "PROMT",
        "Online-W",
        "OpenNMT",
        "Lan-Bridge",
        "refA",
        "Online-A",
        "refB",
        "QUARTZ_TuneReranking",
        "Online-Y",
        "bleu_bestmbr",
        "comet_bestmbr",
        "JDExploreAcademy"
    ],
    "human_scores_file": "data/wmt22//en-de/human-scores/en-de.mqm.domain.score",
    "human_scores": {
        "Online-B": -1.2655882352941183,
        "bleurt_bestmbr": -1.4100000000000004,
        "M2M100_1.2B-B4": -2.991470588235295,
        "Online-G": -1.5120588235294121,
        "PROMT": -1.9408823529411772,
        "Online-W": -0.7361764705882352,
        "OpenNMT": -2.144411764705883,
        "Lan-Bridge": -1.724117647058824,
        "refA": -0.6814705882352939,
        "Online-A": -1.5450000000000008,
        "refB": -0.9282352941176469,
        "QUARTZ_TuneReranking": -1.589117647058824,
        "Online-Y": -1.445588235294118,
        "bleu_bestmbr": -1.1391176470588238,
        "comet_bestmbr": -1.3320588235294124,
        "JDExploreAcademy": -1.2082352941176475
    },
    "metric_scores_file": "data/wmt22//en-de/domains/social/nlp-telescope-scores/en-de-social/en-de.refB.txt-social/universal_metrics/weighted_mean/weighted-mean-seed-36_-1_1_ranks_systems.csv",
    "metric_scores": {
        "Online-B": -0.0202256890499258,
        "bleurt_bestmbr": -0.0149810596757327,
        "M2M100_1.2B-B4": -0.0270771575071554,
        "Online-G": -0.0218334232699479,
        "PROMT": -0.02295178828005,
        "Online-W": -0.0147517066339982,
        "OpenNMT": -0.0236021055633362,
        "Lan-Bridge": -0.0224908742011257,
        "refA": -0.015693817186944,
        "Online-A": -0.0207936890353263,
        "refB": 0.021337369908132,
        "QUARTZ_TuneReranking": -0.0198773968487867,
        "Online-Y": -0.0195073711330208,
        "bleu_bestmbr": -0.020964487518822,
        "comet_bestmbr": -0.0137291750626441,
        "JDExploreAcademy": -0.021296537207127
    }
}