{
    "system_accuracy": 0.8416666666666667,
    "spearman": 0.8352941176470589,
    "pearson": 0.5494027609184465,
    "kendall": 0.6833333333333333,
    "languages_pair": "en-de",
    "domain": "social",
    "reference": "en-de.refB.txt-social",
    "system_names": [
        "Online-B",
        "bleurt_bestmbr",
        "M2M100_1.2B-B4",
        "Online-G",
        "PROMT",
        "Online-W",
        "OpenNMT",
        "Lan-Bridge",
        "refA",
        "Online-A",
        "refB",
        "QUARTZ_TuneReranking",
        "Online-Y",
        "bleu_bestmbr",
        "comet_bestmbr",
        "JDExploreAcademy"
    ],
    "human_scores_file": "data/wmt22//en-de/human-scores/en-de.mqm.domain.score",
    "human_scores": {
        "Online-B": -1.2655882352941183,
        "bleurt_bestmbr": -1.4100000000000004,
        "M2M100_1.2B-B4": -2.991470588235295,
        "Online-G": -1.5120588235294121,
        "PROMT": -1.9408823529411772,
        "Online-W": -0.7361764705882352,
        "OpenNMT": -2.144411764705883,
        "Lan-Bridge": -1.724117647058824,
        "refA": -0.6814705882352939,
        "Online-A": -1.5450000000000008,
        "refB": -0.9282352941176469,
        "QUARTZ_TuneReranking": -1.589117647058824,
        "Online-Y": -1.445588235294118,
        "bleu_bestmbr": -1.1391176470588238,
        "comet_bestmbr": -1.3320588235294124,
        "JDExploreAcademy": -1.2082352941176475
    },
    "metric_scores_file": "data/wmt22//en-de/domains/social/nlp-telescope-scores/en-de-social/en-de.refB.txt-social/universal_metrics/weighted_mean/weighted-mean-seed-12_-1_1_ranks_systems.csv",
    "metric_scores": {
        "Online-B": 0.231995124018618,
        "bleurt_bestmbr": 0.2357471581401867,
        "M2M100_1.2B-B4": 0.2195089930075887,
        "Online-G": 0.229131565836671,
        "PROMT": 0.2278221215560909,
        "Online-W": 0.2387357672590922,
        "OpenNMT": 0.2255477041557263,
        "Lan-Bridge": 0.228639974630385,
        "refA": 0.2349426515852431,
        "Online-A": 0.2306795783163211,
        "refB": 0.2790171331480861,
        "QUARTZ_TuneReranking": 0.2293344188897012,
        "Online-Y": 0.2331020112910049,
        "bleu_bestmbr": 0.2314646416895479,
        "comet_bestmbr": 0.2383286587504398,
        "JDExploreAcademy": 0.2301267978889222
    }
}