{
    "system_accuracy": 0.7,
    "spearman": 0.5,
    "pearson": 0.31986044815328973,
    "kendall": 0.39999999999999997,
    "languages_pair": "en-de",
    "domain": "social",
    "reference": "en-de.refB.txt-social",
    "system_names": [
        "Online-B",
        "bleurt_bestmbr",
        "M2M100_1.2B-B4",
        "Online-G",
        "PROMT",
        "Online-W",
        "OpenNMT",
        "Lan-Bridge",
        "refA",
        "Online-A",
        "refB",
        "QUARTZ_TuneReranking",
        "Online-Y",
        "bleu_bestmbr",
        "comet_bestmbr",
        "JDExploreAcademy"
    ],
    "human_scores_file": "data/wmt22//en-de/human-scores/en-de.mqm.domain.score",
    "human_scores": {
        "Online-B": -1.2655882352941183,
        "bleurt_bestmbr": -1.4100000000000004,
        "M2M100_1.2B-B4": -2.991470588235295,
        "Online-G": -1.5120588235294121,
        "PROMT": -1.9408823529411772,
        "Online-W": -0.7361764705882352,
        "OpenNMT": -2.144411764705883,
        "Lan-Bridge": -1.724117647058824,
        "refA": -0.6814705882352939,
        "Online-A": -1.5450000000000008,
        "refB": -0.9282352941176469,
        "QUARTZ_TuneReranking": -1.589117647058824,
        "Online-Y": -1.445588235294118,
        "bleu_bestmbr": -1.1391176470588238,
        "comet_bestmbr": -1.3320588235294124,
        "JDExploreAcademy": -1.2082352941176475
    },
    "metric_scores_file": "data/wmt22//en-de/domains/social/nlp-telescope-scores/en-de-social/en-de.refB.txt-social/universal_metrics/weighted_mean/weighted-mean-seed-12_0_1_TER_ranks_systems.csv",
    "metric_scores": {
        "Online-B": 0.2861455029167569,
        "bleurt_bestmbr": 0.2554237597329712,
        "M2M100_1.2B-B4": 0.2404890587488329,
        "Online-G": 0.275289812521089,
        "PROMT": 0.272678432090532,
        "Online-W": 0.283831238950183,
        "OpenNMT": 0.2599617680962731,
        "Lan-Bridge": 0.2792655788914986,
        "refA": 0.2555827774185776,
        "Online-A": 0.2803618792707973,
        "refB": 0.6991229642663742,
        "QUARTZ_TuneReranking": 0.254907828160354,
        "Online-Y": 0.2868259872354881,
        "bleu_bestmbr": 0.2863542546482372,
        "comet_bestmbr": 0.2633705490604533,
        "JDExploreAcademy": 0.2811102302044561
    }
}