{
    "system_accuracy": 0.7166666666666667,
    "spearman": 0.6276971259689501,
    "pearson": 0.2770005443283065,
    "kendall": 0.4723162032687493,
    "languages_pair": "en-de",
    "domain": "social",
    "reference": "en-de.refB.txt-social",
    "system_names": [
        "Online-B",
        "bleurt_bestmbr",
        "M2M100_1.2B-B4",
        "Online-G",
        "PROMT",
        "Online-W",
        "OpenNMT",
        "Lan-Bridge",
        "refA",
        "Online-A",
        "refB",
        "QUARTZ_TuneReranking",
        "Online-Y",
        "bleu_bestmbr",
        "comet_bestmbr",
        "JDExploreAcademy"
    ],
    "human_scores_file": "data/wmt22//en-de/human-scores/en-de.mqm.domain.score",
    "human_scores": {
        "Online-B": -1.2655882352941183,
        "bleurt_bestmbr": -1.4100000000000004,
        "M2M100_1.2B-B4": -2.991470588235295,
        "Online-G": -1.5120588235294121,
        "PROMT": -1.9408823529411772,
        "Online-W": -0.7361764705882352,
        "OpenNMT": -2.144411764705883,
        "Lan-Bridge": -1.724117647058824,
        "refA": -0.6814705882352939,
        "Online-A": -1.5450000000000008,
        "refB": -0.9282352941176469,
        "QUARTZ_TuneReranking": -1.589117647058824,
        "Online-Y": -1.445588235294118,
        "bleu_bestmbr": -1.1391176470588238,
        "comet_bestmbr": -1.3320588235294124,
        "JDExploreAcademy": -1.2082352941176475
    },
    "metric_scores_file": "data/wmt22//en-de/domains/social/nlp-telescope-scores/en-de-social/en-de.refB.txt-social/results.csv",
    "metric_scores": {
        "Online-B": 0.044921875,
        "bleurt_bestmbr": 0.03515625,
        "M2M100_1.2B-B4": 0.0234375,
        "Online-G": 0.0390625,
        "PROMT": 0.03515625,
        "Online-W": 0.041015625,
        "OpenNMT": 0.025390625,
        "Lan-Bridge": 0.041015625,
        "refA": 0.041015625,
        "Online-A": 0.037109375,
        "refB": 1.0,
        "QUARTZ_TuneReranking": 0.02734375,
        "Online-Y": 0.048828125,
        "bleu_bestmbr": 0.044921875,
        "comet_bestmbr": 0.03125,
        "JDExploreAcademy": 0.03515625
    }
}