,Precison,FDR,FOR,NPV,Recall,FPR,FNR,TNR
neutral,0.991304347826087,0.008695652173913044,0.006666666666666667,0.9933333333333333,0.9743589743589743,0.002232142857142857,0.02564102564102564,0.9977678571428571
female,0.9504132231404959,0.049586776859504134,0.0019821605550049554,0.998017839444995,0.9829059829059829,0.005923000987166831,0.017094017094017096,0.9940769990128332
male,0.9948652118100129,0.005134788189987163,0.011396011396011397,0.9886039886039886,0.9948652118100129,0.011396011396011397,0.005134788189987163,0.9886039886039886
