,bing,google
Demographic-Parity,0.060183718720304036,0.051948051948051965
Accuracy,0.9661016949152542,0.9661016949152542
Precision,0.9681921454073352,0.9555555555555555
Recall,0.956921127652835,0.974025974025974
F1-score,0.9621794871794871,0.9634108527131783
