,bleu_bestmbr,bleurt_bestmbr,chrf_bestmbr,comet_bestmbr,JDExploreAcademy,Lan-Bridge,M2M100_1.2B-B4,Online-A,Online-B,Online-G,Online-W,Online-Y,OpenNMT,PROMT,QUARTZ_TuneReranking,refA,refB
COMET,0.43672635870643717,0.38386150601490954,0.4463273683559237,0.42162429973268445,0.4421306098047353,0.4131771602378649,0.2871902969227449,0.4088241155077412,0.43286790119145735,0.4046897625821657,0.49236798141691906,0.4417581985289871,0.35293112682848005,0.3843616185931751,0.3902627754732748,1.4682796618435532,0.39774285192834213
BERTScore,0.877403401886113,0.8617377480259165,0.8769815346458927,0.863791138981469,0.8777541938470677,0.8718612397788092,0.8551724494900554,0.8734115980332717,0.8760979272192344,0.8717614179477096,0.8825612745713443,0.8773559140972793,0.8649635489564389,0.8723659651586786,0.8645925360033289,0.9999999974388629,0.8694598806323484
TER,0.5213372166645561,0.6036469545396986,0.5361529694820818,0.5841458781815879,0.5309611244776498,0.5413448144865138,0.5936431556287197,0.5512219830315309,0.5295681904520704,0.5483094846144105,0.527668734962644,0.5334937317968849,0.5705964290236799,0.5543877421805748,0.5817399012283145,0.0,0.5879447891604407
BLEU,0.35825798201332715,0.28767788627373503,0.35169850293392124,0.2887802369339656,0.3597686540981583,0.33710394000408445,0.2854967435021246,0.33471642842452204,0.3578708776546764,0.339564754328391,0.35485777912500827,0.3455252237414987,0.3181271384894038,0.3318807541782233,0.31188740577605595,1.0000000000000004,0.30430422980605826
chrF,0.5963588843235534,0.5572955693135052,0.6054229352884705,0.5592060569343612,0.5983425331236414,0.5890365547938382,0.5403115374297552,0.5872902698774599,0.5983130978581475,0.584630833810371,0.606649793342832,0.5919992909471745,0.565790400538043,0.5808766684835555,0.5614560616514276,1.0,0.5624667935575719
ZeroEdit,0.04296875,0.03125,0.03515625,0.02734375,0.037109375,0.0390625,0.017578125,0.03515625,0.041015625,0.02734375,0.044921875,0.03515625,0.03125,0.033203125,0.037109375,1.0,0.041015625
GLEU,0.6760445930330574,0.6380194284462939,0.6747474236967229,0.6446338175752361,0.6789082358575234,0.6641317219890027,0.6253657719137893,0.6677229821597677,0.6717250714804761,0.6651870036013211,0.6862304529560821,0.6729529028337585,0.6431616944286522,0.667553999951165,0.6480622005056246,1.0,0.6500401797638694
