,bing,google
Demographic-Parity,0.04439676514276292,0.07179402541673552
Accuracy,0.9551282051282052,0.9423076923076923
Precision,0.9566445182724252,0.9455213903743316
Recall,0.9537052318864498,0.9400066017494636
F1-score,0.954814416352878,0.9417693169092944
