,Precison,FDR,FOR,NPV,Recall,FPR,FNR,TNR
neutral,1.0,0.0,0.00045861041045631735,0.9995413895895436,0.990521327014218,0.0,0.009478672985781991,1.0
female,0.9347604485219164,0.0652395514780836,0.03949386503067485,0.9605061349693251,0.9468249870934434,0.048613748575769083,0.05317501290655653,0.9513862514242309
male,0.9566486035848271,0.04335139641517299,0.05849838783970521,0.9415016121602948,0.9475639966969447,0.048417132216014895,0.052436003303055326,0.9515828677839852
