,Precison,FDR,FOR,NPV,Recall,FPR,FNR,TNR
neutral,1.0,0.0,0.010416666666666666,0.9895833333333334,0.9896907216494846,0.0,0.010309278350515464,1.0
female,0.9285714285714286,0.07142857142857142,0.0,1.0,1.0,0.0196078431372549,0.0,0.9803921568627451
male,0.9814814814814815,0.018518518518518517,0.021739130434782608,0.9782608695652174,0.9464285714285714,0.007352941176470588,0.05357142857142857,0.9926470588235294
