,Precison,FDR,FOR,NPV,Recall,FPR,FNR,TNR
neutral,1.0,0.0,0.30714285714285716,0.6928571428571428,0.3484848484848485,0.0,0.6515151515151515,1.0
female,0.5416666666666666,0.4583333333333333,0.02608695652173913,0.9739130434782609,0.896551724137931,0.16417910447761194,0.10344827586206896,0.835820895522388
male,0.6956521739130435,0.30434782608695654,0.056338028169014086,0.9436619718309859,0.9411764705882353,0.29473684210526313,0.058823529411764705,0.7052631578947368
