,Precison,FDR,FOR,NPV,Recall,FPR,FNR,TNR
neutral,0.9899497487437185,0.010050251256281407,0.0,1.0,1.0,0.007722007722007722,0.0,0.9922779922779923
female,0.9807692307692307,0.019230769230769232,0.0,1.0,1.0,0.0024691358024691358,0.0,0.9975308641975309
male,1.0,0.0,0.01195219123505976,0.9880478087649402,0.9855769230769231,0.0,0.014423076923076924,1.0
