,bing,google
Demographic-Parity,0.5607198748043819,0.5325508607198748
Accuracy,0.7255813953488373,0.6930232558139535
Precision,0.7797124047124048,0.756951871657754
Recall,0.76962267431751,0.7293688054251435
F1-score,0.7174995313085866,0.6869045250332749
