,dictionary-based approach,linguistic approach,hybrid approach
Demographic-Parity,0.03738652651696128,-0.006634996558544,0.0463932351587667
Accuracy,0.010196403617880545,0.04306698002350162,-0.004218894795883554
Precision,-0.0009292820081757691,0.04310225480714758,-0.006184543156374067
Recall,0.01566808859936497,0.04310225480714758,0.0005632730670629416
F1-score,0.006561812582193571,0.04310225480714758,-0.006835125361207672
