,dictionary-based approach,linguistic approach,hybrid approach
Demographic-Parity,0.01448159683453809,0.0172255105765112,0.036681079384106086
Accuracy,0.025624928376755784,0.04296659684709525,0.00773017991073488
Precision,0.019685242041054374,0.046832478426482416,0.0074896683357086324
Recall,0.027679177589507553,0.04016773251662242,0.012962887869845008
F1-score,0.02705864907287192,0.043501247199603243,0.009436363923194135
