,dictionary-based approach,linguistic approach,hybrid approach
Demographic-Parity,0.0081907861959013,-0.0047801838239949004,0.061570681953355466
Accuracy,0.004489422838991897,0.02590194264569845,-0.02156965899851737
Precision,-0.0022300508484702775,0.026832478426482398,-0.016909020305444056
Recall,0.01357241076534943,0.02364764393705876,-0.0025274329254560968
F1-score,0.00908011935612163,0.025488453320302806,-0.014436366925582811
