,PPV,FDR,FOR,NPV,TPR,FPR,FNR,TNR
neutral,1.0,0.0,0.11956521739130435,0.8804347826086957,0.45,0.0,0.55,1.0
female,0.8181818181818182,0.18181818181818182,0.0,1.0,1.0,0.12307692307692308,0.0,0.8769230769230769
male,0.8958333333333334,0.10416666666666667,0.03773584905660377,0.9622641509433962,0.9555555555555556,0.08928571428571429,0.044444444444444446,0.9107142857142857
