,PPV,FDR,FOR,NPV,TPR,FPR,FNR,TNR
neutral,0.993920972644377,0.0060790273556231,0.004424778761061947,0.995575221238938,0.9819819819819819,0.0014792899408284023,0.018018018018018018,0.9985207100591716
female,0.9655172413793104,0.034482758620689655,0.002699055330634278,0.9973009446693657,0.98,0.0047138047138047135,0.02,0.9952861952861953
male,0.9939288811795317,0.006071118820468344,0.011278195488721804,0.9887218045112782,0.9947916666666666,0.013133208255159476,0.005208333333333333,0.9868667917448405
