,Precison,FDR,FOR,NPV,Recall,FPR,FNR,TNR
neutral,1.0,0.0,0.007662835249042145,0.9923371647509579,0.9898477157360406,0.0,0.01015228426395939,1.0
female,0.9444444444444444,0.05555555555555555,0.0,1.0,1.0,0.007407407407407408,0.0,0.9925925925925926
male,0.9951690821256038,0.004830917874396135,0.008032128514056224,0.9919678714859438,0.9903846153846154,0.004032258064516129,0.009615384615384616,0.9959677419354839
