{
    "system_accuracy": 0.675,
    "spearman": 0.4617647058823529,
    "pearson": 0.19163486373900118,
    "kendall": 0.35,
    "languages_pair": "zh-en",
    "domain": "news",
    "reference": "zh-en.refB.txt-news",
    "system_names": [
        "Lan-Bridge",
        "JDExploreAcademy",
        "M2M100_1.2B-B4",
        "Online-Y",
        "AISP-SJTU",
        "comet_bestmbr",
        "refA",
        "Online-W",
        "LanguageX",
        "HuaweiTSC",
        "Online-B",
        "bleu_bestmbr",
        "Online-A",
        "bleurt_bestmbr",
        "Online-G",
        "refB"
    ],
    "human_scores_file": "data/wmt22//zh-en/human-scores/zh-en.mqm.domain.score",
    "human_scores": {
        "Lan-Bridge": -2.4475247524752466,
        "JDExploreAcademy": -2.735049504950494,
        "M2M100_1.2B-B4": -7.4738613861386085,
        "Online-Y": -3.486336633663364,
        "AISP-SJTU": -2.8780198019801952,
        "comet_bestmbr": -2.943564356435641,
        "refA": -1.4233663366336649,
        "Online-W": -3.9601980198019766,
        "LanguageX": -2.1819801980198035,
        "HuaweiTSC": -2.5221782178217818,
        "Online-B": -2.836831683168315,
        "bleu_bestmbr": -2.9035643564356413,
        "Online-A": -3.2693069306930655,
        "bleurt_bestmbr": -2.6580198019801946,
        "Online-G": -3.0792079207920775,
        "refB": -2.9550495049504923
    },
    "metric_scores_file": "data/wmt22//zh-en/domains/news/nlp-telescope-scores/zh-en-news/zh-en.refB.txt-news/universal_metrics/average_ranks_systems.csv",
    "metric_scores": {
        "Lan-Bridge": 0.4637087660670472,
        "JDExploreAcademy": 0.4808469525610818,
        "M2M100_1.2B-B4": 0.4412220438689168,
        "Online-Y": 0.4707476630222706,
        "AISP-SJTU": 0.4771187873081536,
        "comet_bestmbr": 0.4477269375162356,
        "refA": 0.5757114370936586,
        "Online-W": 0.4545971708581769,
        "LanguageX": 0.4806245133931787,
        "HuaweiTSC": 0.4748897825186094,
        "Online-B": 0.4687600258537709,
        "bleu_bestmbr": 0.4701831282312122,
        "Online-A": 0.4696670808202891,
        "bleurt_bestmbr": 0.4720755745815707,
        "Online-G": 0.4794743220947858,
        "refB": 0.8810389972643603
    }
}