{
    "system_accuracy": 0.7166666666666667,
    "spearman": 0.5588235294117647,
    "pearson": 0.3193245823963812,
    "kendall": 0.43333333333333335,
    "languages_pair": "zh-en",
    "domain": "news",
    "reference": "zh-en.refB.txt-news",
    "system_names": [
        "Lan-Bridge",
        "JDExploreAcademy",
        "M2M100_1.2B-B4",
        "Online-Y",
        "AISP-SJTU",
        "comet_bestmbr",
        "refA",
        "Online-W",
        "LanguageX",
        "HuaweiTSC",
        "Online-B",
        "bleu_bestmbr",
        "Online-A",
        "bleurt_bestmbr",
        "Online-G",
        "refB"
    ],
    "human_scores_file": "data/wmt22//zh-en/human-scores/zh-en.mqm.domain.score",
    "human_scores": {
        "Lan-Bridge": -2.4475247524752466,
        "JDExploreAcademy": -2.735049504950494,
        "M2M100_1.2B-B4": -7.4738613861386085,
        "Online-Y": -3.486336633663364,
        "AISP-SJTU": -2.8780198019801952,
        "comet_bestmbr": -2.943564356435641,
        "refA": -1.4233663366336649,
        "Online-W": -3.9601980198019766,
        "LanguageX": -2.1819801980198035,
        "HuaweiTSC": -2.5221782178217818,
        "Online-B": -2.836831683168315,
        "bleu_bestmbr": -2.9035643564356413,
        "Online-A": -3.2693069306930655,
        "bleurt_bestmbr": -2.6580198019801946,
        "Online-G": -3.0792079207920775,
        "refB": -2.9550495049504923
    },
    "metric_scores_file": "data/wmt22//zh-en/domains/news/nlp-telescope-scores/zh-en-news/zh-en.refB.txt-news/results.csv",
    "metric_scores": {
        "Lan-Bridge": 0.9301680280430482,
        "JDExploreAcademy": 0.93492244293194,
        "M2M100_1.2B-B4": 0.9196696636700394,
        "Online-Y": 0.9303868880366336,
        "AISP-SJTU": 0.9333913863295376,
        "comet_bestmbr": 0.9260942518120944,
        "refA": 0.9588666121558388,
        "Online-W": 0.925147294171966,
        "LanguageX": 0.9342699651670928,
        "HuaweiTSC": 0.932658352828262,
        "Online-B": 0.9301859782473876,
        "bleu_bestmbr": 0.9303777864663908,
        "Online-A": 0.9292466398512964,
        "bleurt_bestmbr": 0.9304501289188272,
        "Online-G": 0.9323242703286728,
        "refB": 0.999999996813217
    }
}