{
    "system_accuracy": 0.7166666666666667,
    "spearman": 0.5470588235294118,
    "pearson": 0.2636732560731242,
    "kendall": 0.43333333333333335,
    "languages_pair": "zh-en",
    "domain": "news",
    "reference": "zh-en.refB.txt-news",
    "system_names": [
        "Lan-Bridge",
        "JDExploreAcademy",
        "M2M100_1.2B-B4",
        "Online-Y",
        "AISP-SJTU",
        "comet_bestmbr",
        "refA",
        "Online-W",
        "LanguageX",
        "HuaweiTSC",
        "Online-B",
        "bleu_bestmbr",
        "Online-A",
        "bleurt_bestmbr",
        "Online-G",
        "refB"
    ],
    "human_scores_file": "data/wmt22//zh-en/human-scores/zh-en.mqm.domain.score",
    "human_scores": {
        "Lan-Bridge": -2.4475247524752466,
        "JDExploreAcademy": -2.735049504950494,
        "M2M100_1.2B-B4": -7.4738613861386085,
        "Online-Y": -3.486336633663364,
        "AISP-SJTU": -2.8780198019801952,
        "comet_bestmbr": -2.943564356435641,
        "refA": -1.4233663366336649,
        "Online-W": -3.9601980198019766,
        "LanguageX": -2.1819801980198035,
        "HuaweiTSC": -2.5221782178217818,
        "Online-B": -2.836831683168315,
        "bleu_bestmbr": -2.9035643564356413,
        "Online-A": -3.2693069306930655,
        "bleurt_bestmbr": -2.6580198019801946,
        "Online-G": -3.0792079207920775,
        "refB": -2.9550495049504923
    },
    "metric_scores_file": "data/wmt22//zh-en/domains/news/nlp-telescope-scores/zh-en-news/zh-en.refB.txt-news/results.csv",
    "metric_scores": {
        "Lan-Bridge": 0.2519036826760609,
        "JDExploreAcademy": 0.3164412142994749,
        "M2M100_1.2B-B4": 0.1699376525458796,
        "Online-Y": 0.2789972465300914,
        "AISP-SJTU": 0.298901902186214,
        "comet_bestmbr": 0.2503794277972071,
        "refA": 0.5649204746036246,
        "Online-W": 0.2161111942400215,
        "LanguageX": 0.3104201449855867,
        "HuaweiTSC": 0.2938380907455662,
        "Online-B": 0.2655506531117797,
        "bleu_bestmbr": 0.2830542394144479,
        "Online-A": 0.2639585976101605,
        "bleurt_bestmbr": 0.3045221111234646,
        "Online-G": 0.2981065089325651,
        "refB": 1.1672729840373048
    }
}