{
    "system_accuracy": 0.65,
    "spearman": 0.40294117647058825,
    "pearson": 0.2670805906587873,
    "kendall": 0.3,
    "languages_pair": "zh-en",
    "domain": "news",
    "reference": "zh-en.refB.txt-news",
    "system_names": [
        "Lan-Bridge",
        "JDExploreAcademy",
        "M2M100_1.2B-B4",
        "Online-Y",
        "AISP-SJTU",
        "comet_bestmbr",
        "refA",
        "Online-W",
        "LanguageX",
        "HuaweiTSC",
        "Online-B",
        "bleu_bestmbr",
        "Online-A",
        "bleurt_bestmbr",
        "Online-G",
        "refB"
    ],
    "human_scores_file": "data/wmt22//zh-en/human-scores/zh-en.mqm.domain.score",
    "human_scores": {
        "Lan-Bridge": -2.4475247524752466,
        "JDExploreAcademy": -2.735049504950494,
        "M2M100_1.2B-B4": -7.4738613861386085,
        "Online-Y": -3.486336633663364,
        "AISP-SJTU": -2.8780198019801952,
        "comet_bestmbr": -2.943564356435641,
        "refA": -1.4233663366336649,
        "Online-W": -3.9601980198019766,
        "LanguageX": -2.1819801980198035,
        "HuaweiTSC": -2.5221782178217818,
        "Online-B": -2.836831683168315,
        "bleu_bestmbr": -2.9035643564356413,
        "Online-A": -3.2693069306930655,
        "bleurt_bestmbr": -2.6580198019801946,
        "Online-G": -3.0792079207920775,
        "refB": -2.9550495049504923
    },
    "metric_scores_file": "data/wmt22//zh-en/domains/news/nlp-telescope-scores/zh-en-news/zh-en.refB.txt-news/results.csv",
    "metric_scores": {
        "Lan-Bridge": 0.6321196990126872,
        "JDExploreAcademy": 0.6619947429195594,
        "M2M100_1.2B-B4": 0.6046992226704206,
        "Online-Y": 0.6413782050141106,
        "AISP-SJTU": 0.6568484710877734,
        "comet_bestmbr": 0.5970265945072949,
        "refA": 0.7935043022783865,
        "Online-W": 0.6215771816169435,
        "LanguageX": 0.6601238174854892,
        "HuaweiTSC": 0.6461595038810032,
        "Online-B": 0.6381634515222776,
        "bleu_bestmbr": 0.644611403667,
        "Online-A": 0.6391387359516948,
        "bleurt_bestmbr": 0.6362815812493278,
        "Online-G": 0.6566494452785182,
        "refB": 1.0
    }
}