{
    "system_accuracy": 0.6083333333333333,
    "spearman": 0.3058823529411765,
    "pearson": 0.14922854200146596,
    "kendall": 0.21666666666666667,
    "languages_pair": "zh-en",
    "domain": "news",
    "reference": "zh-en.refB.txt-news",
    "system_names": [
        "Lan-Bridge",
        "JDExploreAcademy",
        "M2M100_1.2B-B4",
        "Online-Y",
        "AISP-SJTU",
        "comet_bestmbr",
        "refA",
        "Online-W",
        "LanguageX",
        "HuaweiTSC",
        "Online-B",
        "bleu_bestmbr",
        "Online-A",
        "bleurt_bestmbr",
        "Online-G",
        "refB"
    ],
    "human_scores_file": "data/wmt22//zh-en/human-scores/zh-en.mqm.domain.score",
    "human_scores": {
        "Lan-Bridge": -2.4475247524752466,
        "JDExploreAcademy": -2.735049504950494,
        "M2M100_1.2B-B4": -7.4738613861386085,
        "Online-Y": -3.486336633663364,
        "AISP-SJTU": -2.8780198019801952,
        "comet_bestmbr": -2.943564356435641,
        "refA": -1.4233663366336649,
        "Online-W": -3.9601980198019766,
        "LanguageX": -2.1819801980198035,
        "HuaweiTSC": -2.5221782178217818,
        "Online-B": -2.836831683168315,
        "bleu_bestmbr": -2.9035643564356413,
        "Online-A": -3.2693069306930655,
        "bleurt_bestmbr": -2.6580198019801946,
        "Online-G": -3.0792079207920775,
        "refB": -2.9550495049504923
    },
    "metric_scores_file": "data/wmt22//zh-en/domains/news/nlp-telescope-scores/zh-en-news/zh-en.refB.txt-news/universal_metrics/median_ranks_systems.csv",
    "metric_scores": {
        "Lan-Bridge": 0.5600294778283198,
        "JDExploreAcademy": 0.5809136253358339,
        "M2M100_1.2B-B4": 0.5124782119675713,
        "Online-Y": 0.5627765871424291,
        "AISP-SJTU": 0.5780177349644631,
        "comet_bestmbr": 0.4887768751660075,
        "refA": 0.5649204746036246,
        "Online-W": 0.5323191061706385,
        "LanguageX": 0.5822270695730436,
        "HuaweiTSC": 0.5669179463019648,
        "Online-B": 0.5609640865908943,
        "bleu_bestmbr": 0.5617094377712764,
        "Online-A": 0.563109835150881,
        "bleurt_bestmbr": 0.5530468986423958,
        "Online-G": 0.5794373812294143,
        "refB": 1.0
    }
}