{
    "system_accuracy": 0.7333333333333333,
    "spearman": 0.5852941176470587,
    "pearson": 0.2569600595642137,
    "kendall": 0.4666666666666666,
    "languages_pair": "zh-en",
    "domain": "news",
    "reference": "zh-en.refB.txt-news",
    "system_names": [
        "Lan-Bridge",
        "JDExploreAcademy",
        "M2M100_1.2B-B4",
        "Online-Y",
        "AISP-SJTU",
        "comet_bestmbr",
        "refA",
        "Online-W",
        "LanguageX",
        "HuaweiTSC",
        "Online-B",
        "bleu_bestmbr",
        "Online-A",
        "bleurt_bestmbr",
        "Online-G",
        "refB"
    ],
    "human_scores_file": "data/wmt22//zh-en/human-scores/zh-en.mqm.domain.score",
    "human_scores": {
        "Lan-Bridge": -2.4475247524752466,
        "JDExploreAcademy": -2.735049504950494,
        "M2M100_1.2B-B4": -7.4738613861386085,
        "Online-Y": -3.486336633663364,
        "AISP-SJTU": -2.8780198019801952,
        "comet_bestmbr": -2.943564356435641,
        "refA": -1.4233663366336649,
        "Online-W": -3.9601980198019766,
        "LanguageX": -2.1819801980198035,
        "HuaweiTSC": -2.5221782178217818,
        "Online-B": -2.836831683168315,
        "bleu_bestmbr": -2.9035643564356413,
        "Online-A": -3.2693069306930655,
        "bleurt_bestmbr": -2.6580198019801946,
        "Online-G": -3.0792079207920775,
        "refB": -2.9550495049504923
    },
    "metric_scores_file": "data/wmt22//zh-en/domains/news/nlp-telescope-scores/zh-en-news/zh-en.refB.txt-news/results.csv",
    "metric_scores": {
        "Lan-Bridge": -0.644638807904114,
        "JDExploreAcademy": -0.6232048374905518,
        "M2M100_1.2B-B4": -0.7026239067055393,
        "Online-Y": -0.6638052046215311,
        "AISP-SJTU": -0.6358384623690746,
        "comet_bestmbr": -0.6981427491631574,
        "refA": -0.3562250296944175,
        "Online-W": -0.6892884137782097,
        "LanguageX": -0.6316812439261419,
        "HuaweiTSC": -0.6457725947521866,
        "Online-B": -0.6599179354281395,
        "bleu_bestmbr": -0.6431810819565922,
        "Online-A": -0.6650469711694201,
        "bleurt_bestmbr": -0.6673685347154735,
        "Online-G": -0.6513875391426411,
        "refB": -0.0
    }
}