{
    "system_accuracy": 0.6916666666666667,
    "spearman": 0.4941176470588235,
    "pearson": 0.22470206310118804,
    "kendall": 0.38333333333333336,
    "languages_pair": "zh-en",
    "domain": "news",
    "reference": "zh-en.refB.txt-news",
    "system_names": [
        "Lan-Bridge",
        "JDExploreAcademy",
        "M2M100_1.2B-B4",
        "Online-Y",
        "AISP-SJTU",
        "comet_bestmbr",
        "refA",
        "Online-W",
        "LanguageX",
        "HuaweiTSC",
        "Online-B",
        "bleu_bestmbr",
        "Online-A",
        "bleurt_bestmbr",
        "Online-G",
        "refB"
    ],
    "human_scores_file": "data/wmt22//zh-en/human-scores/zh-en.mqm.domain.score",
    "human_scores": {
        "Lan-Bridge": -2.4475247524752466,
        "JDExploreAcademy": -2.735049504950494,
        "M2M100_1.2B-B4": -7.4738613861386085,
        "Online-Y": -3.486336633663364,
        "AISP-SJTU": -2.8780198019801952,
        "comet_bestmbr": -2.943564356435641,
        "refA": -1.4233663366336649,
        "Online-W": -3.9601980198019766,
        "LanguageX": -2.1819801980198035,
        "HuaweiTSC": -2.5221782178217818,
        "Online-B": -2.836831683168315,
        "bleu_bestmbr": -2.9035643564356413,
        "Online-A": -3.2693069306930655,
        "bleurt_bestmbr": -2.6580198019801946,
        "Online-G": -3.0792079207920775,
        "refB": -2.9550495049504923
    },
    "metric_scores_file": "data/wmt22//zh-en/domains/news/nlp-telescope-scores/zh-en-news/zh-en.refB.txt-news/universal_metrics/weighted_mean/weighted-mean-seed-12_0_1_TER_ranks_systems.csv",
    "metric_scores": {
        "Lan-Bridge": 0.2303175660973324,
        "JDExploreAcademy": 0.250040980168178,
        "M2M100_1.2B-B4": 0.1997619569555037,
        "Online-Y": 0.2335495547844614,
        "AISP-SJTU": 0.2444712639845777,
        "comet_bestmbr": 0.2081702777745107,
        "refA": 0.3698508228129853,
        "Online-W": 0.2138524891686404,
        "LanguageX": 0.2478759850842794,
        "HuaweiTSC": 0.2395773035419117,
        "Online-B": 0.2315134835525637,
        "bleu_bestmbr": 0.2369693795917318,
        "Online-A": 0.2310482326317968,
        "bleurt_bestmbr": 0.2346652345165199,
        "Online-G": 0.2426835864026338,
        "refB": 0.6564689040288687
    }
}