{
    "system_accuracy": 0.7,
    "spearman": 0.5058823529411764,
    "pearson": 0.19865415529865535,
    "kendall": 0.39999999999999997,
    "languages_pair": "zh-en",
    "domain": "news",
    "reference": "zh-en.refB.txt-news",
    "system_names": [
        "Lan-Bridge",
        "JDExploreAcademy",
        "M2M100_1.2B-B4",
        "Online-Y",
        "AISP-SJTU",
        "comet_bestmbr",
        "refA",
        "Online-W",
        "LanguageX",
        "HuaweiTSC",
        "Online-B",
        "bleu_bestmbr",
        "Online-A",
        "bleurt_bestmbr",
        "Online-G",
        "refB"
    ],
    "human_scores_file": "data/wmt22//zh-en/human-scores/zh-en.mqm.domain.score",
    "human_scores": {
        "Lan-Bridge": -2.4475247524752466,
        "JDExploreAcademy": -2.735049504950494,
        "M2M100_1.2B-B4": -7.4738613861386085,
        "Online-Y": -3.486336633663364,
        "AISP-SJTU": -2.8780198019801952,
        "comet_bestmbr": -2.943564356435641,
        "refA": -1.4233663366336649,
        "Online-W": -3.9601980198019766,
        "LanguageX": -2.1819801980198035,
        "HuaweiTSC": -2.5221782178217818,
        "Online-B": -2.836831683168315,
        "bleu_bestmbr": -2.9035643564356413,
        "Online-A": -3.2693069306930655,
        "bleurt_bestmbr": -2.6580198019801946,
        "Online-G": -3.0792079207920775,
        "refB": -2.9550495049504923
    },
    "metric_scores_file": "data/wmt22//zh-en/domains/news/nlp-telescope-scores/zh-en-news/zh-en.refB.txt-news/universal_metrics/weighted_mean/weighted-mean-seed-24_0_1_TER_ranks_systems.csv",
    "metric_scores": {
        "Lan-Bridge": 0.2294895687970763,
        "JDExploreAcademy": 0.2433905279019883,
        "M2M100_1.2B-B4": 0.2096855998997534,
        "Online-Y": 0.2339887300148967,
        "AISP-SJTU": 0.2398146090810283,
        "comet_bestmbr": 0.2190414699144602,
        "refA": 0.3142297474543106,
        "Online-W": 0.2200205193326085,
        "LanguageX": 0.2422656579127683,
        "HuaweiTSC": 0.2373058771789938,
        "Online-B": 0.2318142105175576,
        "bleu_bestmbr": 0.2347878703574333,
        "Online-A": 0.2317606000603989,
        "bleurt_bestmbr": 0.2362650483944987,
        "Online-G": 0.2397162423263524,
        "refB": 0.5496552591175494
    }
}