{
    "system_accuracy": 0.5333333333333333,
    "spearman": 0.05294117647058824,
    "pearson": 0.35628488069677766,
    "kendall": 0.06666666666666667,
    "languages_pair": "zh-en",
    "domain": "news",
    "reference": "zh-en.refB.txt-news",
    "system_names": [
        "Lan-Bridge",
        "JDExploreAcademy",
        "M2M100_1.2B-B4",
        "Online-Y",
        "AISP-SJTU",
        "comet_bestmbr",
        "refA",
        "Online-W",
        "LanguageX",
        "HuaweiTSC",
        "Online-B",
        "bleu_bestmbr",
        "Online-A",
        "bleurt_bestmbr",
        "Online-G",
        "refB"
    ],
    "human_scores_file": "data/wmt22//zh-en/human-scores/zh-en.mqm.domain.score",
    "human_scores": {
        "Lan-Bridge": -2.4475247524752466,
        "JDExploreAcademy": -2.735049504950494,
        "M2M100_1.2B-B4": -7.4738613861386085,
        "Online-Y": -3.486336633663364,
        "AISP-SJTU": -2.8780198019801952,
        "comet_bestmbr": -2.943564356435641,
        "refA": -1.4233663366336649,
        "Online-W": -3.9601980198019766,
        "LanguageX": -2.1819801980198035,
        "HuaweiTSC": -2.5221782178217818,
        "Online-B": -2.836831683168315,
        "bleu_bestmbr": -2.9035643564356413,
        "Online-A": -3.2693069306930655,
        "bleurt_bestmbr": -2.6580198019801946,
        "Online-G": -3.0792079207920775,
        "refB": -2.9550495049504923
    },
    "metric_scores_file": "data/wmt22//zh-en/domains/news/nlp-telescope-scores/zh-en-news/zh-en.refB.txt-news/universal_metrics/weighted_mean/weighted-mean-seed-12_-1_1_ranks_systems.csv",
    "metric_scores": {
        "Lan-Bridge": 0.2337274085034782,
        "JDExploreAcademy": 0.2400853990382217,
        "M2M100_1.2B-B4": 0.23161285295447,
        "Online-Y": 0.240206005638952,
        "AISP-SJTU": 0.2391161518057786,
        "comet_bestmbr": 0.2448817240527649,
        "refA": 0.2327613915459958,
        "Online-W": 0.2360462249345932,
        "LanguageX": 0.2401028024979336,
        "HuaweiTSC": 0.2401983113642997,
        "Online-B": 0.2378912929527281,
        "bleu_bestmbr": 0.2383967789445846,
        "Online-A": 0.2380634102483306,
        "bleurt_bestmbr": 0.2448705084763191,
        "Online-G": 0.2407886937947719,
        "refB": 0.2378926113240317
    }
}