{
    "system_accuracy": 0.48333333333333334,
    "spearman": -0.0823529411764706,
    "pearson": 0.05984149663063268,
    "kendall": -0.03333333333333333,
    "languages_pair": "zh-en",
    "domain": "news",
    "reference": "zh-en.refB.txt-news",
    "system_names": [
        "Lan-Bridge",
        "JDExploreAcademy",
        "M2M100_1.2B-B4",
        "Online-Y",
        "AISP-SJTU",
        "comet_bestmbr",
        "refA",
        "Online-W",
        "LanguageX",
        "HuaweiTSC",
        "Online-B",
        "bleu_bestmbr",
        "Online-A",
        "bleurt_bestmbr",
        "Online-G",
        "refB"
    ],
    "human_scores_file": "data/wmt22//zh-en/human-scores/zh-en.mqm.domain.score",
    "human_scores": {
        "Lan-Bridge": -2.4475247524752466,
        "JDExploreAcademy": -2.735049504950494,
        "M2M100_1.2B-B4": -7.4738613861386085,
        "Online-Y": -3.486336633663364,
        "AISP-SJTU": -2.8780198019801952,
        "comet_bestmbr": -2.943564356435641,
        "refA": -1.4233663366336649,
        "Online-W": -3.9601980198019766,
        "LanguageX": -2.1819801980198035,
        "HuaweiTSC": -2.5221782178217818,
        "Online-B": -2.836831683168315,
        "bleu_bestmbr": -2.9035643564356413,
        "Online-A": -3.2693069306930655,
        "bleurt_bestmbr": -2.6580198019801946,
        "Online-G": -3.0792079207920775,
        "refB": -2.9550495049504923
    },
    "metric_scores_file": "data/wmt22//zh-en/domains/news/nlp-telescope-scores/zh-en-news/zh-en.refB.txt-news/universal_metrics/weighted_mean/weighted-mean-seed-24_-1_1_ranks_systems.csv",
    "metric_scores": {
        "Lan-Bridge": 0.1417443489769981,
        "JDExploreAcademy": 0.1475489855140329,
        "M2M100_1.2B-B4": 0.1413523158833148,
        "Online-Y": 0.1481856029459777,
        "AISP-SJTU": 0.1466967793078041,
        "comet_bestmbr": 0.1538224910354675,
        "refA": 0.1361957344919923,
        "Online-W": 0.1449271030299421,
        "LanguageX": 0.1474531399952019,
        "HuaweiTSC": 0.1477122417058116,
        "Online-B": 0.1458324184803139,
        "bleu_bestmbr": 0.1463562771285573,
        "Online-A": 0.1460728503049784,
        "bleurt_bestmbr": 0.1527276537363785,
        "Online-G": 0.1483680368974572,
        "refB": 0.204984704568199
    }
}