{
    "system_accuracy": 0.49166666666666664,
    "spearman": -0.055882352941176466,
    "pearson": 0.13368178476819964,
    "kendall": -0.016666666666666666,
    "languages_pair": "zh-en",
    "domain": "news",
    "reference": "zh-en.refB.txt-news",
    "system_names": [
        "Lan-Bridge",
        "JDExploreAcademy",
        "M2M100_1.2B-B4",
        "Online-Y",
        "AISP-SJTU",
        "comet_bestmbr",
        "refA",
        "Online-W",
        "LanguageX",
        "HuaweiTSC",
        "Online-B",
        "bleu_bestmbr",
        "Online-A",
        "bleurt_bestmbr",
        "Online-G",
        "refB"
    ],
    "human_scores_file": "data/wmt22//zh-en/human-scores/zh-en.mqm.domain.score",
    "human_scores": {
        "Lan-Bridge": -2.4475247524752466,
        "JDExploreAcademy": -2.735049504950494,
        "M2M100_1.2B-B4": -7.4738613861386085,
        "Online-Y": -3.486336633663364,
        "AISP-SJTU": -2.8780198019801952,
        "comet_bestmbr": -2.943564356435641,
        "refA": -1.4233663366336649,
        "Online-W": -3.9601980198019766,
        "LanguageX": -2.1819801980198035,
        "HuaweiTSC": -2.5221782178217818,
        "Online-B": -2.836831683168315,
        "bleu_bestmbr": -2.9035643564356413,
        "Online-A": -3.2693069306930655,
        "bleurt_bestmbr": -2.6580198019801946,
        "Online-G": -3.0792079207920775,
        "refB": -2.9550495049504923
    },
    "metric_scores_file": "data/wmt22//zh-en/domains/news/nlp-telescope-scores/zh-en-news/zh-en.refB.txt-news/universal_metrics/weighted_mean/weighted-mean-seed-36_-1_1_ranks_systems.csv",
    "metric_scores": {
        "Lan-Bridge": -0.0372990790930373,
        "JDExploreAcademy": -0.032839789406688,
        "M2M100_1.2B-B4": -0.0365562832450756,
        "Online-Y": -0.0322367131028998,
        "AISP-SJTU": -0.0336574105911007,
        "comet_bestmbr": -0.026377268330337,
        "refA": -0.036322329839264,
        "Online-W": -0.0340368838314455,
        "LanguageX": -0.0327457454718474,
        "HuaweiTSC": -0.0319237010243652,
        "Online-B": -0.033621715349083,
        "bleu_bestmbr": -0.0332626301563944,
        "Online-A": -0.0332416514805828,
        "bleurt_bestmbr": -0.0281650990869045,
        "Online-G": -0.0317933817290987,
        "refB": -0.013207444085322
    }
}