,PPV,FDR,FOR,NPV,TPR,FPR,FNR,TNR
neutral,0.0,0.0,0.0,1.0,0.0,0.0,0.0,1.0
female,0.8695652173913043,0.13043478260869565,0.0,1.0,1.0,0.07142857142857142,0.0,0.9285714285714286
male,1.0,0.0,0.13043478260869565,0.8695652173913043,0.9285714285714286,0.0,0.07142857142857142,1.0
