,Precison,FDR,FOR,NPV,Recall,FPR,FNR,TNR
neutral,1.0,0.0,0.1076923076923077,0.8923076923076924,0.391304347826087,0.0,0.6086956521739131,1.0
female,0.8524590163934426,0.14754098360655737,0.02564102564102564,0.9743589743589743,0.9629629629629629,0.10588235294117647,0.037037037037037035,0.8941176470588236
male,0.8840579710144928,0.11594202898550725,0.014285714285714285,0.9857142857142858,0.9838709677419355,0.1038961038961039,0.016129032258064516,0.8961038961038961
