,bleu_bestmbr,chrf_bestmbr,comet_bestmbr,eTranslation,HuaweiTSC,JDExploreAcademy,Lan-Bridge,M2M100_1.2B-B4,Online-A,Online-B,Online-G,Online-W,Online-Y,PROMT,QUARTZ_TuneReranking,refA,SRPOL
COMET,0.5368643042829717,0.5541825151894955,0.5236790320223008,0.4132599361546454,0.4244324810069884,0.5361302059154696,0.5094987429633875,0.3500718022842193,0.4871162913223088,0.5373915348582159,0.5567149528887967,0.5415270049716128,0.49883490451975376,0.4243641764151107,0.4089874891742511,1.5694901488022879,0.43811732612448395
BERTScore,0.8826590643730015,0.8807300077751279,0.8654820112278685,0.8640462708426639,0.8665942915249616,0.879048409871757,0.8759449813514948,0.8532563701155595,0.8740106309996918,0.881258160341531,0.8800444313092157,0.8797420997871086,0.8754606778966263,0.8673717409837991,0.8483580680331215,0.9999999974388629,0.8694781422382221
TER,0.5176663927691043,0.5369761709120788,0.5987400712133663,0.5962749931525609,0.5806628321007943,0.5358805806628321,0.5312243221035333,0.61147630786086,0.5624486442070665,0.5295809367296631,0.5432758148452479,0.5399890440975076,0.5493015612161052,0.5898384004382361,0.6432484250890167,0.0,0.5902492467817037
BLEU,0.3689183770872746,0.3622095527769876,0.2884922871710853,0.3068149584729072,0.3191179457614999,0.35860894826479695,0.3550567831047134,0.28935315258102373,0.33876500015893557,0.3593308496601751,0.35782332271945705,0.35640668810532233,0.33395172281866325,0.3172829669808551,0.2638239340611791,1.0000000000000004,0.30866200908901953
chrF,0.5762381380868293,0.584604696146636,0.5276640837261358,0.5270144684482598,0.5365832959028698,0.574834373141829,0.5669613757537063,0.5078364729758659,0.5536297363598485,0.5750221105604743,0.5812206484570321,0.5700179637763215,0.5552008785356146,0.5355367403133586,0.49722613239957947,1.0,0.5357663997954989
ZeroEdit,0.046875,0.041015625,0.0390625,0.03125,0.03515625,0.05859375,0.04296875,0.01953125,0.03515625,0.04296875,0.056640625,0.048828125,0.037109375,0.03515625,0.025390625,1.0,0.037109375
GLEU,0.6553771013382467,0.6561921430498918,0.6169632468749551,0.6141004463197027,0.6182013353918074,0.6548351501173615,0.6448477315050936,0.5869460620856556,0.6357120299109663,0.6527153342882955,0.6555876989756013,0.6526735621046115,0.6391340484314424,0.6191809438147944,0.5767858519970511,1.0,0.6260747352115164
