,PPV,FDR,FOR,NPV,TPR,FPR,FNR,TNR
neutral,0.9897959183673469,0.01020408163265306,0.0392156862745098,0.9607843137254902,0.97,0.013422818791946308,0.03,0.9865771812080537
female,0.9384615384615385,0.06153846153846154,0.0035211267605633804,0.9964788732394366,0.9838709677419355,0.013937282229965157,0.016129032258064516,0.9860627177700348
male,0.9545454545454546,0.045454545454545456,0.011494252873563218,0.9885057471264368,0.9655172413793104,0.015267175572519083,0.034482758620689655,0.9847328244274809
