{
    "system_accuracy": 0.675,
    "spearman": 0.4911764705882353,
    "pearson": 0.26234969085447385,
    "kendall": 0.35,
    "languages_pair": "zh-en",
    "domain": "social",
    "reference": "zh-en.refB.txt-social",
    "system_names": [
        "Lan-Bridge",
        "JDExploreAcademy",
        "M2M100_1.2B-B4",
        "Online-Y",
        "AISP-SJTU",
        "comet_bestmbr",
        "refA",
        "Online-W",
        "LanguageX",
        "HuaweiTSC",
        "Online-B",
        "bleu_bestmbr",
        "Online-A",
        "bleurt_bestmbr",
        "Online-G",
        "refB"
    ],
    "human_scores_file": "data/wmt22//zh-en/human-scores/zh-en.mqm.domain.score",
    "human_scores": {
        "Lan-Bridge": -1.8333996023856869,
        "JDExploreAcademy": -2.7990059642147114,
        "M2M100_1.2B-B4": -5.780119284294233,
        "Online-Y": -3.0300198807157055,
        "AISP-SJTU": -2.7322067594433403,
        "comet_bestmbr": -2.562027833001988,
        "refA": -1.0976143141153087,
        "Online-W": -3.6039761431411517,
        "LanguageX": -2.6308151093439363,
        "HuaweiTSC": -2.4576540755467198,
        "Online-B": -2.0586481113320088,
        "bleu_bestmbr": -2.7711729622266406,
        "Online-A": -3.4775347912524848,
        "bleurt_bestmbr": -1.9650099403578534,
        "Online-G": -2.885288270377734,
        "refB": -2.072763419483102
    },
    "metric_scores_file": "data/wmt22//zh-en/domains/social/nlp-telescope-scores/zh-en-social/zh-en.refB.txt-social/universal_metrics/average_ranks_systems.csv",
    "metric_scores": {
        "Lan-Bridge": 0.4521217440297007,
        "JDExploreAcademy": 0.4609785427515683,
        "M2M100_1.2B-B4": 0.4191093754733642,
        "Online-Y": 0.4494358941034387,
        "AISP-SJTU": 0.4590875821258136,
        "comet_bestmbr": 0.439688317946351,
        "refA": 0.4721846483477708,
        "Online-W": 0.4360829463345561,
        "LanguageX": 0.4604468906667199,
        "HuaweiTSC": 0.4535212877551541,
        "Online-B": 0.4541294320845259,
        "bleu_bestmbr": 0.456749674093066,
        "Online-A": 0.4454904736136035,
        "bleurt_bestmbr": 0.4596348242869016,
        "Online-G": 0.4617096508345072,
        "refB": 0.8959295414652686
    }
}