{
    "system_accuracy": 0.7083333333333334,
    "spearman": 0.5529411764705882,
    "pearson": 0.35125276135288575,
    "kendall": 0.41666666666666663,
    "languages_pair": "zh-en",
    "domain": "social",
    "reference": "zh-en.refB.txt-social",
    "system_names": [
        "Lan-Bridge",
        "JDExploreAcademy",
        "M2M100_1.2B-B4",
        "Online-Y",
        "AISP-SJTU",
        "comet_bestmbr",
        "refA",
        "Online-W",
        "LanguageX",
        "HuaweiTSC",
        "Online-B",
        "bleu_bestmbr",
        "Online-A",
        "bleurt_bestmbr",
        "Online-G",
        "refB"
    ],
    "human_scores_file": "data/wmt22//zh-en/human-scores/zh-en.mqm.domain.score",
    "human_scores": {
        "Lan-Bridge": -1.8333996023856869,
        "JDExploreAcademy": -2.7990059642147114,
        "M2M100_1.2B-B4": -5.780119284294233,
        "Online-Y": -3.0300198807157055,
        "AISP-SJTU": -2.7322067594433403,
        "comet_bestmbr": -2.562027833001988,
        "refA": -1.0976143141153087,
        "Online-W": -3.6039761431411517,
        "LanguageX": -2.6308151093439363,
        "HuaweiTSC": -2.4576540755467198,
        "Online-B": -2.0586481113320088,
        "bleu_bestmbr": -2.7711729622266406,
        "Online-A": -3.4775347912524848,
        "bleurt_bestmbr": -1.9650099403578534,
        "Online-G": -2.885288270377734,
        "refB": -2.072763419483102
    },
    "metric_scores_file": "data/wmt22//zh-en/domains/social/nlp-telescope-scores/zh-en-social/zh-en.refB.txt-social/results.csv",
    "metric_scores": {
        "Lan-Bridge": 0.9260231961549868,
        "JDExploreAcademy": 0.9287348852953902,
        "M2M100_1.2B-B4": 0.914562846035891,
        "Online-Y": 0.9231718989537204,
        "AISP-SJTU": 0.9277713731316402,
        "comet_bestmbr": 0.9231706886120866,
        "refA": 0.9316698638629723,
        "Online-W": 0.9177676179774,
        "LanguageX": 0.9275150184128916,
        "HuaweiTSC": 0.9254191463320676,
        "Online-B": 0.926705180650677,
        "bleu_bestmbr": 0.9268291250137876,
        "Online-A": 0.923159936431862,
        "bleurt_bestmbr": 0.9270992089455454,
        "Online-G": 0.9270813628646062,
        "refB": 1.0000000028439593
    }
}