{
    "system_accuracy": 0.65,
    "spearman": 0.4088235294117647,
    "pearson": 0.23389442382800557,
    "kendall": 0.3,
    "languages_pair": "zh-en",
    "domain": "social",
    "reference": "zh-en.refB.txt-social",
    "system_names": [
        "Lan-Bridge",
        "JDExploreAcademy",
        "M2M100_1.2B-B4",
        "Online-Y",
        "AISP-SJTU",
        "comet_bestmbr",
        "refA",
        "Online-W",
        "LanguageX",
        "HuaweiTSC",
        "Online-B",
        "bleu_bestmbr",
        "Online-A",
        "bleurt_bestmbr",
        "Online-G",
        "refB"
    ],
    "human_scores_file": "data/wmt22//zh-en/human-scores/zh-en.mqm.domain.score",
    "human_scores": {
        "Lan-Bridge": -1.8333996023856869,
        "JDExploreAcademy": -2.7990059642147114,
        "M2M100_1.2B-B4": -5.780119284294233,
        "Online-Y": -3.0300198807157055,
        "AISP-SJTU": -2.7322067594433403,
        "comet_bestmbr": -2.562027833001988,
        "refA": -1.0976143141153087,
        "Online-W": -3.6039761431411517,
        "LanguageX": -2.6308151093439363,
        "HuaweiTSC": -2.4576540755467198,
        "Online-B": -2.0586481113320088,
        "bleu_bestmbr": -2.7711729622266406,
        "Online-A": -3.4775347912524848,
        "bleurt_bestmbr": -1.9650099403578534,
        "Online-G": -2.885288270377734,
        "refB": -2.072763419483102
    },
    "metric_scores_file": "data/wmt22//zh-en/domains/social/nlp-telescope-scores/zh-en-social/zh-en.refB.txt-social/results.csv",
    "metric_scores": {
        "Lan-Bridge": 0.2044995839081859,
        "JDExploreAcademy": 0.2176903569811291,
        "M2M100_1.2B-B4": 0.1648026124688353,
        "Online-Y": 0.1887204604643193,
        "AISP-SJTU": 0.214561159223165,
        "comet_bestmbr": 0.15907653980529,
        "refA": 0.2353626639179685,
        "Online-W": 0.1739896802582212,
        "LanguageX": 0.212349801433555,
        "HuaweiTSC": 0.2085497168115177,
        "Online-B": 0.2097689305969192,
        "bleu_bestmbr": 0.2079482537278108,
        "Online-A": 0.1960151110932503,
        "bleurt_bestmbr": 0.1945896972524149,
        "Online-G": 0.2104516043592499,
        "refB": 1.0000000000000004
    }
}