{
    "system_accuracy": 0.7333333333333333,
    "spearman": 0.6205882352941177,
    "pearson": 0.33262652649567725,
    "kendall": 0.4666666666666666,
    "languages_pair": "zh-en",
    "domain": "social",
    "reference": "zh-en.refB.txt-social",
    "system_names": [
        "Lan-Bridge",
        "JDExploreAcademy",
        "M2M100_1.2B-B4",
        "Online-Y",
        "AISP-SJTU",
        "comet_bestmbr",
        "refA",
        "Online-W",
        "LanguageX",
        "HuaweiTSC",
        "Online-B",
        "bleu_bestmbr",
        "Online-A",
        "bleurt_bestmbr",
        "Online-G",
        "refB"
    ],
    "human_scores_file": "data/wmt22//zh-en/human-scores/zh-en.mqm.domain.score",
    "human_scores": {
        "Lan-Bridge": -1.8333996023856869,
        "JDExploreAcademy": -2.7990059642147114,
        "M2M100_1.2B-B4": -5.780119284294233,
        "Online-Y": -3.0300198807157055,
        "AISP-SJTU": -2.7322067594433403,
        "comet_bestmbr": -2.562027833001988,
        "refA": -1.0976143141153087,
        "Online-W": -3.6039761431411517,
        "LanguageX": -2.6308151093439363,
        "HuaweiTSC": -2.4576540755467198,
        "Online-B": -2.0586481113320088,
        "bleu_bestmbr": -2.7711729622266406,
        "Online-A": -3.4775347912524848,
        "bleurt_bestmbr": -1.9650099403578534,
        "Online-G": -2.885288270377734,
        "refB": -2.072763419483102
    },
    "metric_scores_file": "data/wmt22//zh-en/domains/social/nlp-telescope-scores/zh-en-social/zh-en.refB.txt-social/results.csv",
    "metric_scores": {
        "Lan-Bridge": 0.2228524298342333,
        "JDExploreAcademy": 0.2419939275144064,
        "M2M100_1.2B-B4": 0.0771236949346619,
        "Online-Y": 0.2004104290346413,
        "AISP-SJTU": 0.2406978003678854,
        "comet_bestmbr": 0.2201279440485533,
        "refA": 0.2846354800202397,
        "Online-W": 0.1281420406570684,
        "LanguageX": 0.238773910738861,
        "HuaweiTSC": 0.2094767094223165,
        "Online-B": 0.2103685491401739,
        "bleu_bestmbr": 0.2337261275304981,
        "Online-A": 0.169547114640689,
        "bleurt_bestmbr": 0.2595313430882279,
        "Online-G": 0.2387735775873716,
        "refB": 1.2715067874129202
    }
}