{
    "system_accuracy": 0.65,
    "spearman": 0.43529411764705883,
    "pearson": 0.2853324760711108,
    "kendall": 0.3,
    "languages_pair": "zh-en",
    "domain": "social",
    "reference": "zh-en.refB.txt-social",
    "system_names": [
        "Lan-Bridge",
        "JDExploreAcademy",
        "M2M100_1.2B-B4",
        "Online-Y",
        "AISP-SJTU",
        "comet_bestmbr",
        "refA",
        "Online-W",
        "LanguageX",
        "HuaweiTSC",
        "Online-B",
        "bleu_bestmbr",
        "Online-A",
        "bleurt_bestmbr",
        "Online-G",
        "refB"
    ],
    "human_scores_file": "data/wmt22//zh-en/human-scores/zh-en.mqm.domain.score",
    "human_scores": {
        "Lan-Bridge": -1.8333996023856869,
        "JDExploreAcademy": -2.7990059642147114,
        "M2M100_1.2B-B4": -5.780119284294233,
        "Online-Y": -3.0300198807157055,
        "AISP-SJTU": -2.7322067594433403,
        "comet_bestmbr": -2.562027833001988,
        "refA": -1.0976143141153087,
        "Online-W": -3.6039761431411517,
        "LanguageX": -2.6308151093439363,
        "HuaweiTSC": -2.4576540755467198,
        "Online-B": -2.0586481113320088,
        "bleu_bestmbr": -2.7711729622266406,
        "Online-A": -3.4775347912524848,
        "bleurt_bestmbr": -1.9650099403578534,
        "Online-G": -2.885288270377734,
        "refB": -2.072763419483102
    },
    "metric_scores_file": "data/wmt22//zh-en/domains/social/nlp-telescope-scores/zh-en-social/zh-en.refB.txt-social/results.csv",
    "metric_scores": {
        "Lan-Bridge": 0.5969868549630717,
        "JDExploreAcademy": 0.6147247015299403,
        "M2M100_1.2B-B4": 0.5560352316396576,
        "Online-Y": 0.586056252093905,
        "AISP-SJTU": 0.6102359984690092,
        "comet_bestmbr": 0.5687857838958039,
        "refA": 0.6240455764955292,
        "Online-W": 0.5837095770055913,
        "LanguageX": 0.6104080295897545,
        "HuaweiTSC": 0.6005403775409047,
        "Online-B": 0.5973639858255526,
        "bleu_bestmbr": 0.6059402597796966,
        "Online-A": 0.5917223630060401,
        "bleurt_bestmbr": 0.5967159095901989,
        "Online-G": 0.6066869078512261,
        "refB": 1.0
    }
}