{
    "system_accuracy": 0.6666666666666666,
    "spearman": 0.45,
    "pearson": 0.2743960578250769,
    "kendall": 0.33333333333333337,
    "languages_pair": "zh-en",
    "domain": "social",
    "reference": "zh-en.refB.txt-social",
    "system_names": [
        "Lan-Bridge",
        "JDExploreAcademy",
        "M2M100_1.2B-B4",
        "Online-Y",
        "AISP-SJTU",
        "comet_bestmbr",
        "refA",
        "Online-W",
        "LanguageX",
        "HuaweiTSC",
        "Online-B",
        "bleu_bestmbr",
        "Online-A",
        "bleurt_bestmbr",
        "Online-G",
        "refB"
    ],
    "human_scores_file": "data/wmt22//zh-en/human-scores/zh-en.mqm.domain.score",
    "human_scores": {
        "Lan-Bridge": -1.8333996023856869,
        "JDExploreAcademy": -2.7990059642147114,
        "M2M100_1.2B-B4": -5.780119284294233,
        "Online-Y": -3.0300198807157055,
        "AISP-SJTU": -2.7322067594433403,
        "comet_bestmbr": -2.562027833001988,
        "refA": -1.0976143141153087,
        "Online-W": -3.6039761431411517,
        "LanguageX": -2.6308151093439363,
        "HuaweiTSC": -2.4576540755467198,
        "Online-B": -2.0586481113320088,
        "bleu_bestmbr": -2.7711729622266406,
        "Online-A": -3.4775347912524848,
        "bleurt_bestmbr": -1.9650099403578534,
        "Online-G": -2.885288270377734,
        "refB": -2.072763419483102
    },
    "metric_scores_file": "data/wmt22//zh-en/domains/social/nlp-telescope-scores/zh-en-social/zh-en.refB.txt-social/universal_metrics/median_ranks_systems.csv",
    "metric_scores": {
        "Lan-Bridge": 0.5196611562211793,
        "JDExploreAcademy": 0.5341112314771126,
        "M2M100_1.2B-B4": 0.47252437618817,
        "Online-Y": 0.5117012176853245,
        "AISP-SJTU": 0.5319158441673316,
        "comet_bestmbr": 0.4618776868961339,
        "refA": 0.5418946123224453,
        "Online-W": 0.4908140523971863,
        "LanguageX": 0.5311984422348419,
        "HuaweiTSC": 0.5181357252248809,
        "Online-B": 0.5232266692488985,
        "bleu_bestmbr": 0.5223697023044908,
        "Online-A": 0.5119621894098696,
        "bleurt_bestmbr": 0.5186135422330764,
        "Online-G": 0.531154185869344,
        "refB": 1.0
    }
}