{
    "system_accuracy": 0.675,
    "spearman": 0.48123633337405025,
    "pearson": 0.6642380977694945,
    "kendall": 0.34309923758984645,
    "languages_pair": "zh-en",
    "domain": "social",
    "reference": "zh-en.refB.txt-social",
    "system_names": [
        "Lan-Bridge",
        "JDExploreAcademy",
        "M2M100_1.2B-B4",
        "Online-Y",
        "AISP-SJTU",
        "comet_bestmbr",
        "refA",
        "Online-W",
        "LanguageX",
        "HuaweiTSC",
        "Online-B",
        "bleu_bestmbr",
        "Online-A",
        "bleurt_bestmbr",
        "Online-G",
        "refB"
    ],
    "human_scores_file": "data/wmt22//zh-en/human-scores/zh-en.mqm.domain.score",
    "human_scores": {
        "Lan-Bridge": -1.8333996023856869,
        "JDExploreAcademy": -2.7990059642147114,
        "M2M100_1.2B-B4": -5.780119284294233,
        "Online-Y": -3.0300198807157055,
        "AISP-SJTU": -2.7322067594433403,
        "comet_bestmbr": -2.562027833001988,
        "refA": -1.0976143141153087,
        "Online-W": -3.6039761431411517,
        "LanguageX": -2.6308151093439363,
        "HuaweiTSC": -2.4576540755467198,
        "Online-B": -2.0586481113320088,
        "bleu_bestmbr": -2.7711729622266406,
        "Online-A": -3.4775347912524848,
        "bleurt_bestmbr": -1.9650099403578534,
        "Online-G": -2.885288270377734,
        "refB": -2.072763419483102
    },
    "metric_scores_file": "data/wmt22//zh-en/domains/social/nlp-telescope-scores/zh-en-social/zh-en.refB.txt-social/universal_metrics/social-choice-theory_ranks_systems.csv",
    "metric_scores": {
        "Lan-Bridge": -62.0,
        "JDExploreAcademy": -24.0,
        "M2M100_1.2B-B4": -120.0,
        "Online-Y": -93.0,
        "AISP-SJTU": -33.0,
        "comet_bestmbr": -106.0,
        "refA": -14.0,
        "Online-W": -111.0,
        "LanguageX": -36.0,
        "HuaweiTSC": -69.0,
        "Online-B": -60.0,
        "bleu_bestmbr": -56.0,
        "Online-A": -88.0,
        "bleurt_bestmbr": -62.0,
        "Online-G": -50.0,
        "refB": -7.0
    }
}