{
    "system_accuracy": 0.7166666666666667,
    "spearman": 0.5941176470588235,
    "pearson": 0.2565399181984562,
    "kendall": 0.43333333333333335,
    "languages_pair": "zh-en",
    "domain": "social",
    "reference": "zh-en.refB.txt-social",
    "system_names": [
        "Lan-Bridge",
        "JDExploreAcademy",
        "M2M100_1.2B-B4",
        "Online-Y",
        "AISP-SJTU",
        "comet_bestmbr",
        "refA",
        "Online-W",
        "LanguageX",
        "HuaweiTSC",
        "Online-B",
        "bleu_bestmbr",
        "Online-A",
        "bleurt_bestmbr",
        "Online-G",
        "refB"
    ],
    "human_scores_file": "data/wmt22//zh-en/human-scores/zh-en.mqm.domain.score",
    "human_scores": {
        "Lan-Bridge": -1.8333996023856869,
        "JDExploreAcademy": -2.7990059642147114,
        "M2M100_1.2B-B4": -5.780119284294233,
        "Online-Y": -3.0300198807157055,
        "AISP-SJTU": -2.7322067594433403,
        "comet_bestmbr": -2.562027833001988,
        "refA": -1.0976143141153087,
        "Online-W": -3.6039761431411517,
        "LanguageX": -2.6308151093439363,
        "HuaweiTSC": -2.4576540755467198,
        "Online-B": -2.0586481113320088,
        "bleu_bestmbr": -2.7711729622266406,
        "Online-A": -3.4775347912524848,
        "bleurt_bestmbr": -1.9650099403578534,
        "Online-G": -2.885288270377734,
        "refB": -2.072763419483102
    },
    "metric_scores_file": "data/wmt22//zh-en/domains/social/nlp-telescope-scores/zh-en-social/zh-en.refB.txt-social/results.csv",
    "metric_scores": {
        "Lan-Bridge": -0.6908528439850946,
        "JDExploreAcademy": -0.6816424101806934,
        "M2M100_1.2B-B4": -0.7487168670463334,
        "Online-Y": -0.7359910004921606,
        "AISP-SJTU": -0.6844547563805105,
        "comet_bestmbr": -0.7447795823665894,
        "refA": -0.6737678408212051,
        "Online-W": -0.7561695844758489,
        "LanguageX": -0.6949307459748294,
        "HuaweiTSC": -0.7105392673838149,
        "Online-B": -0.7094846375588834,
        "bleu_bestmbr": -0.698446178724601,
        "Online-A": -0.7240385291429375,
        "bleurt_bestmbr": -0.7189059973282711,
        "Online-G": -0.7138437741686002,
        "refB": -0.0
    }
}