{
    "system_accuracy": 0.6333333333333333,
    "spearman": 0.45,
    "pearson": 0.3536792970167227,
    "kendall": 0.26666666666666666,
    "languages_pair": "zh-en",
    "domain": "social",
    "reference": "zh-en.refB.txt-social",
    "system_names": [
        "Lan-Bridge",
        "JDExploreAcademy",
        "M2M100_1.2B-B4",
        "Online-Y",
        "AISP-SJTU",
        "comet_bestmbr",
        "refA",
        "Online-W",
        "LanguageX",
        "HuaweiTSC",
        "Online-B",
        "bleu_bestmbr",
        "Online-A",
        "bleurt_bestmbr",
        "Online-G",
        "refB"
    ],
    "human_scores_file": "data/wmt22//zh-en/human-scores/zh-en.mqm.domain.score",
    "human_scores": {
        "Lan-Bridge": -1.8333996023856869,
        "JDExploreAcademy": -2.7990059642147114,
        "M2M100_1.2B-B4": -5.780119284294233,
        "Online-Y": -3.0300198807157055,
        "AISP-SJTU": -2.7322067594433403,
        "comet_bestmbr": -2.562027833001988,
        "refA": -1.0976143141153087,
        "Online-W": -3.6039761431411517,
        "LanguageX": -2.6308151093439363,
        "HuaweiTSC": -2.4576540755467198,
        "Online-B": -2.0586481113320088,
        "bleu_bestmbr": -2.7711729622266406,
        "Online-A": -3.4775347912524848,
        "bleurt_bestmbr": -1.9650099403578534,
        "Online-G": -2.885288270377734,
        "refB": -2.072763419483102
    },
    "metric_scores_file": "data/wmt22//zh-en/domains/social/nlp-telescope-scores/zh-en-social/zh-en.refB.txt-social/universal_metrics/weighted_mean/weighted-mean-seed-24_-1_1_ranks_systems.csv",
    "metric_scores": {
        "Lan-Bridge": 0.1458623516323614,
        "JDExploreAcademy": 0.1471327898349452,
        "M2M100_1.2B-B4": 0.1357874902271745,
        "Online-Y": 0.148559802168537,
        "AISP-SJTU": 0.1470280556615129,
        "comet_bestmbr": 0.1565909060207505,
        "refA": 0.151886704268445,
        "Online-W": 0.1436296531316354,
        "LanguageX": 0.1483997715673022,
        "HuaweiTSC": 0.1468999692138008,
        "Online-B": 0.1461663521115283,
        "bleu_bestmbr": 0.1485300654030659,
        "Online-A": 0.1433795469403209,
        "bleurt_bestmbr": 0.1544023561580449,
        "Online-G": 0.1503770119512346,
        "refB": 0.2187246292686419
    }
}