{
    "system_accuracy": 0.75,
    "spearman": 0.611764705882353,
    "pearson": 0.262442087272314,
    "kendall": 0.5,
    "languages_pair": "zh-en",
    "domain": "social",
    "reference": "zh-en.refB.txt-social",
    "system_names": [
        "Lan-Bridge",
        "JDExploreAcademy",
        "M2M100_1.2B-B4",
        "Online-Y",
        "AISP-SJTU",
        "comet_bestmbr",
        "refA",
        "Online-W",
        "LanguageX",
        "HuaweiTSC",
        "Online-B",
        "bleu_bestmbr",
        "Online-A",
        "bleurt_bestmbr",
        "Online-G",
        "refB"
    ],
    "human_scores_file": "data/wmt22//zh-en/human-scores/zh-en.mqm.domain.score",
    "human_scores": {
        "Lan-Bridge": -1.8333996023856869,
        "JDExploreAcademy": -2.7990059642147114,
        "M2M100_1.2B-B4": -5.780119284294233,
        "Online-Y": -3.0300198807157055,
        "AISP-SJTU": -2.7322067594433403,
        "comet_bestmbr": -2.562027833001988,
        "refA": -1.0976143141153087,
        "Online-W": -3.6039761431411517,
        "LanguageX": -2.6308151093439363,
        "HuaweiTSC": -2.4576540755467198,
        "Online-B": -2.0586481113320088,
        "bleu_bestmbr": -2.7711729622266406,
        "Online-A": -3.4775347912524848,
        "bleurt_bestmbr": -1.9650099403578534,
        "Online-G": -2.885288270377734,
        "refB": -2.072763419483102
    },
    "metric_scores_file": "data/wmt22//zh-en/domains/social/nlp-telescope-scores/zh-en-social/zh-en.refB.txt-social/universal_metrics/weighted_mean/weighted-mean-seed-36_0_1_TER_ranks_systems.csv",
    "metric_scores": {
        "Lan-Bridge": 0.195924809162629,
        "JDExploreAcademy": 0.2006052753512859,
        "M2M100_1.2B-B4": 0.1715013485195025,
        "Online-Y": 0.1911189144020708,
        "AISP-SJTU": 0.1994427321950969,
        "comet_bestmbr": 0.1921759980537125,
        "refA": 0.2082461641827704,
        "Online-W": 0.1806819026549431,
        "LanguageX": 0.1996768069978781,
        "HuaweiTSC": 0.1940057147842558,
        "Online-B": 0.1941646523964711,
        "bleu_bestmbr": 0.1977336509906845,
        "Online-A": 0.1877389899502674,
        "bleurt_bestmbr": 0.2004649686300477,
        "Online-G": 0.1988032056165121,
        "refB": 0.5189896577175829
    }
}