{
    "system_accuracy": 0.725,
    "spearman": 0.5617647058823529,
    "pearson": 0.2733142191252683,
    "kendall": 0.45,
    "languages_pair": "zh-en",
    "domain": "social",
    "reference": "zh-en.refB.txt-social",
    "system_names": [
        "Lan-Bridge",
        "JDExploreAcademy",
        "M2M100_1.2B-B4",
        "Online-Y",
        "AISP-SJTU",
        "comet_bestmbr",
        "refA",
        "Online-W",
        "LanguageX",
        "HuaweiTSC",
        "Online-B",
        "bleu_bestmbr",
        "Online-A",
        "bleurt_bestmbr",
        "Online-G",
        "refB"
    ],
    "human_scores_file": "data/wmt22//zh-en/human-scores/zh-en.mqm.domain.score",
    "human_scores": {
        "Lan-Bridge": -1.8333996023856869,
        "JDExploreAcademy": -2.7990059642147114,
        "M2M100_1.2B-B4": -5.780119284294233,
        "Online-Y": -3.0300198807157055,
        "AISP-SJTU": -2.7322067594433403,
        "comet_bestmbr": -2.562027833001988,
        "refA": -1.0976143141153087,
        "Online-W": -3.6039761431411517,
        "LanguageX": -2.6308151093439363,
        "HuaweiTSC": -2.4576540755467198,
        "Online-B": -2.0586481113320088,
        "bleu_bestmbr": -2.7711729622266406,
        "Online-A": -3.4775347912524848,
        "bleurt_bestmbr": -1.9650099403578534,
        "Online-G": -2.885288270377734,
        "refB": -2.072763419483102
    },
    "metric_scores_file": "data/wmt22//zh-en/domains/social/nlp-telescope-scores/zh-en-social/zh-en.refB.txt-social/universal_metrics/weighted_mean/weighted-mean-seed-24_0_1_TER_ranks_systems.csv",
    "metric_scores": {
        "Lan-Bridge": 0.2189454858830693,
        "JDExploreAcademy": 0.2249978124637867,
        "M2M100_1.2B-B4": 0.1889951059304773,
        "Online-Y": 0.2133560953715007,
        "AISP-SJTU": 0.2237726480028741,
        "comet_bestmbr": 0.2097019085449466,
        "refA": 0.2335269698399593,
        "Online-W": 0.2002571143335445,
        "LanguageX": 0.2237901750383719,
        "HuaweiTSC": 0.2168234653709478,
        "Online-B": 0.2174591846603895,
        "bleu_bestmbr": 0.2211503151790573,
        "Online-A": 0.2096376983098402,
        "bleurt_bestmbr": 0.2237532581944125,
        "Online-G": 0.2230573431943125,
        "refB": 0.5644179273419464
    }
}