{
    "system_accuracy": 0.6583333333333333,
    "spearman": 0.4794117647058824,
    "pearson": 0.4561950423925854,
    "kendall": 0.31666666666666665,
    "languages_pair": "zh-en",
    "domain": "social",
    "reference": "zh-en.refB.txt-social",
    "system_names": [
        "Lan-Bridge",
        "JDExploreAcademy",
        "M2M100_1.2B-B4",
        "Online-Y",
        "AISP-SJTU",
        "comet_bestmbr",
        "refA",
        "Online-W",
        "LanguageX",
        "HuaweiTSC",
        "Online-B",
        "bleu_bestmbr",
        "Online-A",
        "bleurt_bestmbr",
        "Online-G",
        "refB"
    ],
    "human_scores_file": "data/wmt22//zh-en/human-scores/zh-en.mqm.domain.score",
    "human_scores": {
        "Lan-Bridge": -1.8333996023856869,
        "JDExploreAcademy": -2.7990059642147114,
        "M2M100_1.2B-B4": -5.780119284294233,
        "Online-Y": -3.0300198807157055,
        "AISP-SJTU": -2.7322067594433403,
        "comet_bestmbr": -2.562027833001988,
        "refA": -1.0976143141153087,
        "Online-W": -3.6039761431411517,
        "LanguageX": -2.6308151093439363,
        "HuaweiTSC": -2.4576540755467198,
        "Online-B": -2.0586481113320088,
        "bleu_bestmbr": -2.7711729622266406,
        "Online-A": -3.4775347912524848,
        "bleurt_bestmbr": -1.9650099403578534,
        "Online-G": -2.885288270377734,
        "refB": -2.072763419483102
    },
    "metric_scores_file": "data/wmt22//zh-en/domains/social/nlp-telescope-scores/zh-en-social/zh-en.refB.txt-social/universal_metrics/weighted_mean/weighted-mean-seed-36_-1_1_ranks_systems.csv",
    "metric_scores": {
        "Lan-Bridge": -0.032567291116357,
        "JDExploreAcademy": -0.0318774638983487,
        "M2M100_1.2B-B4": -0.0394226642767521,
        "Online-Y": -0.0298258183395174,
        "AISP-SJTU": -0.0317150584560742,
        "comet_bestmbr": -0.022620737167916,
        "refA": -0.0276633095096737,
        "Online-W": -0.0332121849942704,
        "LanguageX": -0.0306734089591136,
        "HuaweiTSC": -0.0308832524414692,
        "Online-B": -0.031908594878564,
        "bleu_bestmbr": -0.0300445090384893,
        "Online-A": -0.0340690270884577,
        "bleurt_bestmbr": -0.0255280820928759,
        "Online-G": -0.0286127178065041,
        "refB": -0.0011637017350993
    }
}