{
    "system_accuracy": 0.6916666666666667,
    "spearman": 0.4911764705882353,
    "pearson": 0.2747614513678958,
    "kendall": 0.38333333333333336,
    "languages_pair": "zh-en",
    "domain": "social",
    "reference": "zh-en.refB.txt-social",
    "system_names": [
        "Lan-Bridge",
        "JDExploreAcademy",
        "M2M100_1.2B-B4",
        "Online-Y",
        "AISP-SJTU",
        "comet_bestmbr",
        "refA",
        "Online-W",
        "LanguageX",
        "HuaweiTSC",
        "Online-B",
        "bleu_bestmbr",
        "Online-A",
        "bleurt_bestmbr",
        "Online-G",
        "refB"
    ],
    "human_scores_file": "data/wmt22//zh-en/human-scores/zh-en.mqm.domain.score",
    "human_scores": {
        "Lan-Bridge": -1.8333996023856869,
        "JDExploreAcademy": -2.7990059642147114,
        "M2M100_1.2B-B4": -5.780119284294233,
        "Online-Y": -3.0300198807157055,
        "AISP-SJTU": -2.7322067594433403,
        "comet_bestmbr": -2.562027833001988,
        "refA": -1.0976143141153087,
        "Online-W": -3.6039761431411517,
        "LanguageX": -2.6308151093439363,
        "HuaweiTSC": -2.4576540755467198,
        "Online-B": -2.0586481113320088,
        "bleu_bestmbr": -2.7711729622266406,
        "Online-A": -3.4775347912524848,
        "bleurt_bestmbr": -1.9650099403578534,
        "Online-G": -2.885288270377734,
        "refB": -2.072763419483102
    },
    "metric_scores_file": "data/wmt22//zh-en/domains/social/nlp-telescope-scores/zh-en-social/zh-en.refB.txt-social/universal_metrics/weighted_mean/weighted-mean-seed-12_0_1_TER_ranks_systems.csv",
    "metric_scores": {
        "Lan-Bridge": 0.2100206628162065,
        "JDExploreAcademy": 0.2191452470519627,
        "M2M100_1.2B-B4": 0.1682209634875883,
        "Online-Y": 0.1981452227232409,
        "AISP-SJTU": 0.2171948391794032,
        "comet_bestmbr": 0.1902346218270808,
        "refA": 0.2296658603880083,
        "Online-W": 0.1817365641745611,
        "LanguageX": 0.2159511086543128,
        "HuaweiTSC": 0.2060240640952783,
        "Online-B": 0.2066649385896535,
        "bleu_bestmbr": 0.2123220357674976,
        "Online-A": 0.1962448302798061,
        "bleurt_bestmbr": 0.2116536926630475,
        "Online-G": 0.2128458312142946,
        "refB": 0.6713398642074935
    }
}