,Precison,FDR,FOR,NPV,Recall,FPR,FNR,TNR
neutral,1.0,0.0,0.1686046511627907,0.8313953488372093,0.19444444444444445,0.0,0.8055555555555556,1.0
female,0.759493670886076,0.24050632911392406,0.03,0.97,0.9523809523809523,0.16379310344827586,0.047619047619047616,0.8362068965517241
male,0.8279569892473119,0.17204301075268819,0.03488372093023256,0.9651162790697675,0.9625,0.16161616161616163,0.0375,0.8383838383838383
