,Precison,FDR,FOR,NPV,Recall,FPR,FNR,TNR
neutral,0.975,0.025,0.0078125,0.9921875,0.9898477157360406,0.019305019305019305,0.01015228426395939,0.9806949806949807
female,0.9215686274509803,0.0784313725490196,0.009876543209876543,0.9901234567901235,0.9215686274509803,0.009876543209876543,0.0784313725490196,0.9901234567901235
male,0.9853658536585366,0.014634146341463415,0.02390438247011952,0.9760956175298805,0.9711538461538461,0.012096774193548387,0.028846153846153848,0.9879032258064516
