,PPV,FDR,FOR,NPV,TPR,FPR,FNR,TNR
neutral,1.0,0.0,0.12643678160919541,0.8735632183908046,0.45,0.0,0.55,1.0
female,0.9024390243902439,0.0975609756097561,0.07272727272727272,0.9272727272727272,0.9024390243902439,0.07272727272727272,0.0975609756097561,0.9272727272727272
male,0.7608695652173914,0.2391304347826087,0.0,1.0,1.0,0.18032786885245902,0.0,0.819672131147541
