,PPV,FDR,FOR,NPV,TPR,FPR,FNR,TNR
neutral,1.0,0.0,0.11475409836065574,0.8852459016393442,0.5333333333333333,0.0,0.4666666666666667,1.0
female,0.75,0.25,0.0,1.0,1.0,0.11764705882352941,0.0,0.8823529411764706
male,0.8918918918918919,0.10810810810810811,0.09375,0.90625,0.9166666666666666,0.12121212121212122,0.08333333333333333,0.8787878787878788
