,Precison,FDR,FOR,NPV,Recall,FPR,FNR,TNR
neutral,1.0,0.0,0.2913907284768212,0.7086092715231788,0.36231884057971014,0.0,0.6376811594202898,1.0
female,0.6,0.4,0.009900990099009901,0.9900990099009901,0.9782608695652174,0.23076923076923078,0.021739130434782608,0.7692307692307693
male,0.7763157894736842,0.2236842105263158,0.02,0.98,0.9672131147540983,0.14782608695652175,0.03278688524590164,0.8521739130434782
