,Precison,FDR,FOR,NPV,Recall,FPR,FNR,TNR
neutral,1.0,0.0,0.1076923076923077,0.8923076923076924,0.391304347826087,0.0,0.6086956521739131,1.0
female,0.8548387096774194,0.14516129032258066,0.012987012987012988,0.987012987012987,0.9814814814814815,0.10588235294117647,0.018518518518518517,0.8941176470588236
male,0.9117647058823529,0.08823529411764706,0.0,1.0,1.0,0.07792207792207792,0.0,0.922077922077922
