,Online-A,Online-B,Online-G,Online-W,Online-Y
GLEU,0.7091994070616353,0.7147730009199083,0.7061076466669679,0.7052511658851628,0.7064679122985309
BLEU,0.37227562714626244,0.3829985899796457,0.36584283625472713,0.3527722624410067,0.3717606459408849
chrF,0.6358189084852527,0.6413501876670089,0.6310539620159061,0.6272113918013845,0.6345720016078032
ZeroEdit,0.033382425135002454,0.037800687285223365,0.030927835051546393,0.035837015218458515,0.033382425135002454
TER,0.5071521456436932,0.4932320605272491,0.5104622295779643,0.5279879418370966,0.5081274382314694
COMET,0.5541492377681714,0.5752764046338474,0.5428332805959988,0.5666662403915003,0.5604339679319066
BERTScore,0.8837639938163945,0.8873469400007934,0.8822911402496803,0.8824888438527703,0.8839190247951914
