,PPV,FDR,FOR,NPV,TPR,FPR,FNR,TNR
neutral,1.0,0.0,0.11475409836065574,0.8852459016393442,0.5333333333333333,0.0,0.4666666666666667,1.0
female,0.8095238095238095,0.19047619047619047,0.020833333333333332,0.9791666666666666,0.9444444444444444,0.0784313725490196,0.05555555555555555,0.9215686274509803
male,0.875,0.125,0.034482758620689655,0.9655172413793104,0.9722222222222222,0.15151515151515152,0.027777777777777776,0.8484848484848485
