,PPV,FDR,FOR,NPV,TPR,FPR,FNR,TNR
neutral,0.9777777777777777,0.022222222222222223,0.004830917874396135,0.9951690821256038,0.9565217391304348,0.002421307506053269,0.043478260869565216,0.9975786924939467
female,1.0,0.0,0.0,1.0,1.0,0.0,0.0,1.0
male,0.9948586118251928,0.005141388174807198,0.014285714285714285,0.9857142857142858,0.9974226804123711,0.028169014084507043,0.002577319587628866,0.971830985915493
