{
    "system_accuracy": 0.8666666666666667,
    "spearman": 0.9,
    "pearson": 0.5322327670820408,
    "kendall": 0.7333333333333334,
    "languages_pair": "en-ru",
    "domain": "news",
    "reference": "en-ru.refA.txt-news",
    "system_names": [
        "HuaweiTSC",
        "JDExploreAcademy",
        "Lan-Bridge",
        "M2M100_1.2B-B4",
        "Online-A",
        "Online-B",
        "Online-G",
        "Online-W",
        "Online-Y",
        "PROMT",
        "QUARTZ_TuneReranking",
        "SRPOL",
        "bleu_bestmbr",
        "comet_bestmbr",
        "eTranslation",
        "refA"
    ],
    "human_scores_file": "data/wmt22//en-ru/human-scores/en-ru.mqm.domain.score",
    "human_scores": {
        "HuaweiTSC": -1.7163333333333337,
        "JDExploreAcademy": -1.1436666666666666,
        "Lan-Bridge": -2.138666666666667,
        "M2M100_1.2B-B4": -3.7356666666666674,
        "Online-A": -1.8266666666666667,
        "Online-B": -1.586666666666667,
        "Online-G": -1.5040000000000004,
        "Online-W": -1.3456666666666666,
        "Online-Y": -2.056666666666667,
        "PROMT": -2.041000000000001,
        "QUARTZ_TuneReranking": -3.8220000000000036,
        "SRPOL": -2.0173333333333345,
        "bleu_bestmbr": -1.5743333333333331,
        "comet_bestmbr": -2.0090000000000003,
        "eTranslation": -2.297333333333335,
        "refA": -0.43133333333333324
    },
    "metric_scores_file": "data/wmt22//en-ru/domains/news/nlp-telescope-scores/en-ru-news/en-ru.refA.txt-news/universal_metrics/average_ranks_systems.csv",
    "metric_scores": {
        "HuaweiTSC": 0.5015523963311893,
        "JDExploreAcademy": 0.5071408348475013,
        "Lan-Bridge": 0.4931716867508404,
        "M2M100_1.2B-B4": 0.4843975924025206,
        "Online-A": 0.5073480783489385,
        "Online-B": 0.5149074994144137,
        "Online-G": 0.5088805033954084,
        "Online-W": 0.5101862318569321,
        "Online-Y": 0.498831074774202,
        "PROMT": 0.4965353315853166,
        "QUARTZ_TuneReranking": 0.4939606986560769,
        "SRPOL": 0.4995561522954013,
        "bleu_bestmbr": 0.5136115074915345,
        "comet_bestmbr": 0.5056118543470781,
        "eTranslation": 0.4955157667453695,
        "refA": 0.9258828105991832
    }
}