{
    "system_accuracy": 0.85,
    "spearman": 0.8735294117647058,
    "pearson": 0.5963782378933079,
    "kendall": 0.7,
    "languages_pair": "en-ru",
    "domain": "news",
    "reference": "en-ru.refA.txt-news",
    "system_names": [
        "HuaweiTSC",
        "JDExploreAcademy",
        "Lan-Bridge",
        "M2M100_1.2B-B4",
        "Online-A",
        "Online-B",
        "Online-G",
        "Online-W",
        "Online-Y",
        "PROMT",
        "QUARTZ_TuneReranking",
        "SRPOL",
        "bleu_bestmbr",
        "comet_bestmbr",
        "eTranslation",
        "refA"
    ],
    "human_scores_file": "data/wmt22//en-ru/human-scores/en-ru.mqm.domain.score",
    "human_scores": {
        "HuaweiTSC": -1.7163333333333337,
        "JDExploreAcademy": -1.1436666666666666,
        "Lan-Bridge": -2.138666666666667,
        "M2M100_1.2B-B4": -3.7356666666666674,
        "Online-A": -1.8266666666666667,
        "Online-B": -1.586666666666667,
        "Online-G": -1.5040000000000004,
        "Online-W": -1.3456666666666666,
        "Online-Y": -2.056666666666667,
        "PROMT": -2.041000000000001,
        "QUARTZ_TuneReranking": -3.8220000000000036,
        "SRPOL": -2.0173333333333345,
        "bleu_bestmbr": -1.5743333333333331,
        "comet_bestmbr": -2.0090000000000003,
        "eTranslation": -2.297333333333335,
        "refA": -0.43133333333333324
    },
    "metric_scores_file": "data/wmt22//en-ru/domains/news/nlp-telescope-scores/en-ru-news/en-ru.refA.txt-news/results.csv",
    "metric_scores": {
        "HuaweiTSC": 0.8671688131856825,
        "JDExploreAcademy": 0.8699332840755261,
        "Lan-Bridge": 0.8566719845316415,
        "M2M100_1.2B-B4": 0.8578392295221526,
        "Online-A": 0.870038569556757,
        "Online-B": 0.8744911964392242,
        "Online-G": 0.8704423650136899,
        "Online-W": 0.8685131024007928,
        "Online-Y": 0.8667605535624778,
        "PROMT": 0.8632834208454871,
        "QUARTZ_TuneReranking": 0.8538954287125873,
        "SRPOL": 0.8667450194956039,
        "bleu_bestmbr": 0.8745936161151371,
        "comet_bestmbr": 0.8645928869508717,
        "eTranslation": 0.8636383756032895,
        "refA": 0.9999999916016938
    }
}