{
    "system_accuracy": 0.7583333333333333,
    "spearman": 0.6705882352941177,
    "pearson": 0.5413999910349448,
    "kendall": 0.5166666666666667,
    "languages_pair": "en-ru",
    "domain": "news",
    "reference": "en-ru.refA.txt-news",
    "system_names": [
        "HuaweiTSC",
        "JDExploreAcademy",
        "Lan-Bridge",
        "M2M100_1.2B-B4",
        "Online-A",
        "Online-B",
        "Online-G",
        "Online-W",
        "Online-Y",
        "PROMT",
        "QUARTZ_TuneReranking",
        "SRPOL",
        "bleu_bestmbr",
        "comet_bestmbr",
        "eTranslation",
        "refA"
    ],
    "human_scores_file": "data/wmt22//en-ru/human-scores/en-ru.mqm.domain.score",
    "human_scores": {
        "HuaweiTSC": -1.7163333333333337,
        "JDExploreAcademy": -1.1436666666666666,
        "Lan-Bridge": -2.138666666666667,
        "M2M100_1.2B-B4": -3.7356666666666674,
        "Online-A": -1.8266666666666667,
        "Online-B": -1.586666666666667,
        "Online-G": -1.5040000000000004,
        "Online-W": -1.3456666666666666,
        "Online-Y": -2.056666666666667,
        "PROMT": -2.041000000000001,
        "QUARTZ_TuneReranking": -3.8220000000000036,
        "SRPOL": -2.0173333333333345,
        "bleu_bestmbr": -1.5743333333333331,
        "comet_bestmbr": -2.0090000000000003,
        "eTranslation": -2.297333333333335,
        "refA": -0.43133333333333324
    },
    "metric_scores_file": "data/wmt22//en-ru/domains/news/nlp-telescope-scores/en-ru-news/en-ru.refA.txt-news/results.csv",
    "metric_scores": {
        "HuaweiTSC": 0.271231210457712,
        "JDExploreAcademy": 0.2741653253456325,
        "Lan-Bridge": 0.2673581196724164,
        "M2M100_1.2B-B4": 0.2493094820341996,
        "Online-A": 0.2918713593058807,
        "Online-B": 0.3048350029416713,
        "Online-G": 0.2760418070639553,
        "Online-W": 0.2674778408484186,
        "Online-Y": 0.2821063107396466,
        "PROMT": 0.2657106592137723,
        "QUARTZ_TuneReranking": 0.2308466780069668,
        "SRPOL": 0.2703182540237544,
        "bleu_bestmbr": 0.308558119494942,
        "comet_bestmbr": 0.2598967956193377,
        "eTranslation": 0.2682703773070217,
        "refA": 1.0000000000000004
    }
}