{
    "system_accuracy": 0.7916666666666666,
    "spearman": 0.7558823529411764,
    "pearson": 0.5732637769200443,
    "kendall": 0.5833333333333334,
    "languages_pair": "en-ru",
    "domain": "news",
    "reference": "en-ru.refA.txt-news",
    "system_names": [
        "HuaweiTSC",
        "JDExploreAcademy",
        "Lan-Bridge",
        "M2M100_1.2B-B4",
        "Online-A",
        "Online-B",
        "Online-G",
        "Online-W",
        "Online-Y",
        "PROMT",
        "QUARTZ_TuneReranking",
        "SRPOL",
        "bleu_bestmbr",
        "comet_bestmbr",
        "eTranslation",
        "refA"
    ],
    "human_scores_file": "data/wmt22//en-ru/human-scores/en-ru.mqm.domain.score",
    "human_scores": {
        "HuaweiTSC": -1.7163333333333337,
        "JDExploreAcademy": -1.1436666666666666,
        "Lan-Bridge": -2.138666666666667,
        "M2M100_1.2B-B4": -3.7356666666666674,
        "Online-A": -1.8266666666666667,
        "Online-B": -1.586666666666667,
        "Online-G": -1.5040000000000004,
        "Online-W": -1.3456666666666666,
        "Online-Y": -2.056666666666667,
        "PROMT": -2.041000000000001,
        "QUARTZ_TuneReranking": -3.8220000000000036,
        "SRPOL": -2.0173333333333345,
        "bleu_bestmbr": -1.5743333333333331,
        "comet_bestmbr": -2.0090000000000003,
        "eTranslation": -2.297333333333335,
        "refA": -0.43133333333333324
    },
    "metric_scores_file": "data/wmt22//en-ru/domains/news/nlp-telescope-scores/en-ru-news/en-ru.refA.txt-news/results.csv",
    "metric_scores": {
        "HuaweiTSC": 0.559421214143656,
        "JDExploreAcademy": 0.5689587266284027,
        "Lan-Bridge": 0.5703953205620017,
        "M2M100_1.2B-B4": 0.5347890698438664,
        "Online-A": 0.5705898410303557,
        "Online-B": 0.5809607204002222,
        "Online-G": 0.5745896787844027,
        "Online-W": 0.5675643252187971,
        "Online-Y": 0.5588208224760155,
        "PROMT": 0.555601498372876,
        "QUARTZ_TuneReranking": 0.5305620074435892,
        "SRPOL": 0.5616107814924741,
        "bleu_bestmbr": 0.5796109671989641,
        "comet_bestmbr": 0.5479529651841197,
        "eTranslation": 0.55428005161636,
        "refA": 1.0
    }
}