{
    "system_accuracy": 0.7916666666666666,
    "spearman": 0.7558823529411764,
    "pearson": 0.5435678558250241,
    "kendall": 0.5833333333333334,
    "languages_pair": "en-ru",
    "domain": "news",
    "reference": "en-ru.refA.txt-news",
    "system_names": [
        "HuaweiTSC",
        "JDExploreAcademy",
        "Lan-Bridge",
        "M2M100_1.2B-B4",
        "Online-A",
        "Online-B",
        "Online-G",
        "Online-W",
        "Online-Y",
        "PROMT",
        "QUARTZ_TuneReranking",
        "SRPOL",
        "bleu_bestmbr",
        "comet_bestmbr",
        "eTranslation",
        "refA"
    ],
    "human_scores_file": "data/wmt22//en-ru/human-scores/en-ru.mqm.domain.score",
    "human_scores": {
        "HuaweiTSC": -1.7163333333333337,
        "JDExploreAcademy": -1.1436666666666666,
        "Lan-Bridge": -2.138666666666667,
        "M2M100_1.2B-B4": -3.7356666666666674,
        "Online-A": -1.8266666666666667,
        "Online-B": -1.586666666666667,
        "Online-G": -1.5040000000000004,
        "Online-W": -1.3456666666666666,
        "Online-Y": -2.056666666666667,
        "PROMT": -2.041000000000001,
        "QUARTZ_TuneReranking": -3.8220000000000036,
        "SRPOL": -2.0173333333333345,
        "bleu_bestmbr": -1.5743333333333331,
        "comet_bestmbr": -2.0090000000000003,
        "eTranslation": -2.297333333333335,
        "refA": -0.43133333333333324
    },
    "metric_scores_file": "data/wmt22//en-ru/domains/news/nlp-telescope-scores/en-ru-news/en-ru.refA.txt-news/results.csv",
    "metric_scores": {
        "HuaweiTSC": 0.5368114271567526,
        "JDExploreAcademy": 0.5539130269506046,
        "Lan-Bridge": 0.5022437060078689,
        "M2M100_1.2B-B4": 0.4699207435921563,
        "Online-A": 0.5426189511250741,
        "Online-B": 0.5799313889089206,
        "Online-G": 0.5705541315144056,
        "Online-W": 0.5826855406644453,
        "Online-Y": 0.5203553835538793,
        "PROMT": 0.5081874595256978,
        "QUARTZ_TuneReranking": 0.5495717909365688,
        "SRPOL": 0.5221100089872901,
        "bleu_bestmbr": 0.574636594437923,
        "comet_bestmbr": 0.587990506738971,
        "eTranslation": 0.5055821170645844,
        "refA": 1.4811796825925898
    }
}