{
    "system_accuracy": 0.85,
    "spearman": 0.85,
    "pearson": 0.575492095953922,
    "kendall": 0.7,
    "languages_pair": "en-ru",
    "domain": "news",
    "reference": "en-ru.refA.txt-news",
    "system_names": [
        "HuaweiTSC",
        "JDExploreAcademy",
        "Lan-Bridge",
        "M2M100_1.2B-B4",
        "Online-A",
        "Online-B",
        "Online-G",
        "Online-W",
        "Online-Y",
        "PROMT",
        "QUARTZ_TuneReranking",
        "SRPOL",
        "bleu_bestmbr",
        "comet_bestmbr",
        "eTranslation",
        "refA"
    ],
    "human_scores_file": "data/wmt22//en-ru/human-scores/en-ru.mqm.domain.score",
    "human_scores": {
        "HuaweiTSC": -1.7163333333333337,
        "JDExploreAcademy": -1.1436666666666666,
        "Lan-Bridge": -2.138666666666667,
        "M2M100_1.2B-B4": -3.7356666666666674,
        "Online-A": -1.8266666666666667,
        "Online-B": -1.586666666666667,
        "Online-G": -1.5040000000000004,
        "Online-W": -1.3456666666666666,
        "Online-Y": -2.056666666666667,
        "PROMT": -2.041000000000001,
        "QUARTZ_TuneReranking": -3.8220000000000036,
        "SRPOL": -2.0173333333333345,
        "bleu_bestmbr": -1.5743333333333331,
        "comet_bestmbr": -2.0090000000000003,
        "eTranslation": -2.297333333333335,
        "refA": -0.43133333333333324
    },
    "metric_scores_file": "data/wmt22//en-ru/domains/news/nlp-telescope-scores/en-ru-news/en-ru.refA.txt-news/results.csv",
    "metric_scores": {
        "HuaweiTSC": 0.6430447456571664,
        "JDExploreAcademy": 0.6515108045827717,
        "Lan-Bridge": 0.6391416142725079,
        "M2M100_1.2B-B4": 0.6243647815510158,
        "Online-A": 0.6545173593421696,
        "Online-B": 0.6594093932910711,
        "Online-G": 0.6498496767876072,
        "Online-W": 0.6488900963426378,
        "Online-Y": 0.6412249510160474,
        "PROMT": 0.6416595323976981,
        "QUARTZ_TuneReranking": 0.6160763249777823,
        "SRPOL": 0.6451590710283852,
        "bleu_bestmbr": 0.6607119901290529,
        "comet_bestmbr": 0.6351190231277525,
        "eTranslation": 0.6401950667685192,
        "refA": 1.0
    }
}