{
    "system_accuracy": 0.8333333333333334,
    "spearman": 0.8441176470588234,
    "pearson": 0.8311570670486363,
    "kendall": 0.6666666666666667,
    "languages_pair": "en-ru",
    "domain": "news",
    "reference": "en-ru.refA.txt-news",
    "system_names": [
        "HuaweiTSC",
        "JDExploreAcademy",
        "Lan-Bridge",
        "M2M100_1.2B-B4",
        "Online-A",
        "Online-B",
        "Online-G",
        "Online-W",
        "Online-Y",
        "PROMT",
        "QUARTZ_TuneReranking",
        "SRPOL",
        "bleu_bestmbr",
        "comet_bestmbr",
        "eTranslation",
        "refA"
    ],
    "human_scores_file": "data/wmt22//en-ru/human-scores/en-ru.mqm.domain.score",
    "human_scores": {
        "HuaweiTSC": -1.7163333333333337,
        "JDExploreAcademy": -1.1436666666666666,
        "Lan-Bridge": -2.138666666666667,
        "M2M100_1.2B-B4": -3.7356666666666674,
        "Online-A": -1.8266666666666667,
        "Online-B": -1.586666666666667,
        "Online-G": -1.5040000000000004,
        "Online-W": -1.3456666666666666,
        "Online-Y": -2.056666666666667,
        "PROMT": -2.041000000000001,
        "QUARTZ_TuneReranking": -3.8220000000000036,
        "SRPOL": -2.0173333333333345,
        "bleu_bestmbr": -1.5743333333333331,
        "comet_bestmbr": -2.0090000000000003,
        "eTranslation": -2.297333333333335,
        "refA": -0.43133333333333324
    },
    "metric_scores_file": "data/wmt22//en-ru/domains/news/nlp-telescope-scores/en-ru-news/en-ru.refA.txt-news/universal_metrics/social-choice-theory_ranks_systems.csv",
    "metric_scores": {
        "HuaweiTSC": -65.0,
        "JDExploreAcademy": -48.0,
        "Lan-Bridge": -74.0,
        "M2M100_1.2B-B4": -101.0,
        "Online-A": -40.0,
        "Online-B": -22.0,
        "Online-G": -43.0,
        "Online-W": -56.0,
        "Online-Y": -63.0,
        "PROMT": -83.0,
        "QUARTZ_TuneReranking": -100.0,
        "SRPOL": -66.0,
        "bleu_bestmbr": -21.0,
        "comet_bestmbr": -77.0,
        "eTranslation": -84.0,
        "refA": -7.0
    }
}