{
    "system_accuracy": 0.7083333333333334,
    "spearman": 0.5647058823529412,
    "pearson": 0.5626688260473762,
    "kendall": 0.41666666666666663,
    "languages_pair": "en-ru",
    "domain": "news",
    "reference": "en-ru.refA.txt-news",
    "system_names": [
        "HuaweiTSC",
        "JDExploreAcademy",
        "Lan-Bridge",
        "M2M100_1.2B-B4",
        "Online-A",
        "Online-B",
        "Online-G",
        "Online-W",
        "Online-Y",
        "PROMT",
        "QUARTZ_TuneReranking",
        "SRPOL",
        "bleu_bestmbr",
        "comet_bestmbr",
        "eTranslation",
        "refA"
    ],
    "human_scores_file": "data/wmt22//en-ru/human-scores/en-ru.mqm.domain.score",
    "human_scores": {
        "HuaweiTSC": -1.7163333333333337,
        "JDExploreAcademy": -1.1436666666666666,
        "Lan-Bridge": -2.138666666666667,
        "M2M100_1.2B-B4": -3.7356666666666674,
        "Online-A": -1.8266666666666667,
        "Online-B": -1.586666666666667,
        "Online-G": -1.5040000000000004,
        "Online-W": -1.3456666666666666,
        "Online-Y": -2.056666666666667,
        "PROMT": -2.041000000000001,
        "QUARTZ_TuneReranking": -3.8220000000000036,
        "SRPOL": -2.0173333333333345,
        "bleu_bestmbr": -1.5743333333333331,
        "comet_bestmbr": -2.0090000000000003,
        "eTranslation": -2.297333333333335,
        "refA": -0.43133333333333324
    },
    "metric_scores_file": "data/wmt22//en-ru/domains/news/nlp-telescope-scores/en-ru-news/en-ru.refA.txt-news/results.csv",
    "metric_scores": {
        "HuaweiTSC": -0.6253615750676496,
        "JDExploreAcademy": -0.6197629933750116,
        "Lan-Bridge": -0.6066063263973127,
        "M2M100_1.2B-B4": -0.648688998786974,
        "Online-A": -0.6100587851077727,
        "Online-B": -0.5929831109452272,
        "Online-G": -0.6128580759540916,
        "Online-W": -0.6263879817112998,
        "Online-Y": -0.6127647662592143,
        "PROMT": -0.6315200149295512,
        "QUARTZ_TuneReranking": -0.6748157133526174,
        "SRPOL": -0.6231221423905944,
        "bleu_bestmbr": -0.5873845292525893,
        "comet_bestmbr": -0.6339460669963609,
        "eTranslation": -0.6307735373705328,
        "refA": -0.0
    }
}