{
    "system_accuracy": 0.7666666666666667,
    "spearman": 0.5764705882352941,
    "pearson": 0.4683460478450752,
    "kendall": 0.5333333333333333,
    "languages_pair": "en-ru",
    "domain": "news",
    "reference": "en-ru.refA.txt-news",
    "system_names": [
        "HuaweiTSC",
        "JDExploreAcademy",
        "Lan-Bridge",
        "M2M100_1.2B-B4",
        "Online-A",
        "Online-B",
        "Online-G",
        "Online-W",
        "Online-Y",
        "PROMT",
        "QUARTZ_TuneReranking",
        "SRPOL",
        "bleu_bestmbr",
        "comet_bestmbr",
        "eTranslation",
        "refA"
    ],
    "human_scores_file": "data/wmt22//en-ru/human-scores/en-ru.mqm.domain.score",
    "human_scores": {
        "HuaweiTSC": -1.7163333333333337,
        "JDExploreAcademy": -1.1436666666666666,
        "Lan-Bridge": -2.138666666666667,
        "M2M100_1.2B-B4": -3.7356666666666674,
        "Online-A": -1.8266666666666667,
        "Online-B": -1.586666666666667,
        "Online-G": -1.5040000000000004,
        "Online-W": -1.3456666666666666,
        "Online-Y": -2.056666666666667,
        "PROMT": -2.041000000000001,
        "QUARTZ_TuneReranking": -3.8220000000000036,
        "SRPOL": -2.0173333333333345,
        "bleu_bestmbr": -1.5743333333333331,
        "comet_bestmbr": -2.0090000000000003,
        "eTranslation": -2.297333333333335,
        "refA": -0.43133333333333324
    },
    "metric_scores_file": "data/wmt22//en-ru/domains/news/nlp-telescope-scores/en-ru-news/en-ru.refA.txt-news/universal_metrics/weighted_mean/weighted-mean-seed-24_-1_1_ranks_systems.csv",
    "metric_scores": {
        "HuaweiTSC": 0.1748960457216375,
        "JDExploreAcademy": 0.1762943668593205,
        "Lan-Bridge": 0.1661026853405362,
        "M2M100_1.2B-B4": 0.1700102831453323,
        "Online-A": 0.1735095239667365,
        "Online-B": 0.1755991351050643,
        "Online-G": 0.1767059005403829,
        "Online-W": 0.1807803476690918,
        "Online-Y": 0.1710657952452872,
        "PROMT": 0.1721704175679094,
        "QUARTZ_TuneReranking": 0.1834687070490389,
        "SRPOL": 0.1725668167609605,
        "bleu_bestmbr": 0.1743101239242726,
        "comet_bestmbr": 0.1834579882319143,
        "eTranslation": 0.1715880348371795,
        "refA": 0.2463633566843307
    }
}