{
    "system_accuracy": 0.8666666666666667,
    "spearman": 0.9,
    "pearson": 0.5353114886129091,
    "kendall": 0.7333333333333334,
    "languages_pair": "en-ru",
    "domain": "news",
    "reference": "en-ru.refA.txt-news",
    "system_names": [
        "HuaweiTSC",
        "JDExploreAcademy",
        "Lan-Bridge",
        "M2M100_1.2B-B4",
        "Online-A",
        "Online-B",
        "Online-G",
        "Online-W",
        "Online-Y",
        "PROMT",
        "QUARTZ_TuneReranking",
        "SRPOL",
        "bleu_bestmbr",
        "comet_bestmbr",
        "eTranslation",
        "refA"
    ],
    "human_scores_file": "data/wmt22//en-ru/human-scores/en-ru.mqm.domain.score",
    "human_scores": {
        "HuaweiTSC": -1.7163333333333337,
        "JDExploreAcademy": -1.1436666666666666,
        "Lan-Bridge": -2.138666666666667,
        "M2M100_1.2B-B4": -3.7356666666666674,
        "Online-A": -1.8266666666666667,
        "Online-B": -1.586666666666667,
        "Online-G": -1.5040000000000004,
        "Online-W": -1.3456666666666666,
        "Online-Y": -2.056666666666667,
        "PROMT": -2.041000000000001,
        "QUARTZ_TuneReranking": -3.8220000000000036,
        "SRPOL": -2.0173333333333345,
        "bleu_bestmbr": -1.5743333333333331,
        "comet_bestmbr": -2.0090000000000003,
        "eTranslation": -2.297333333333335,
        "refA": -0.43133333333333324
    },
    "metric_scores_file": "data/wmt22//en-ru/domains/news/nlp-telescope-scores/en-ru-news/en-ru.refA.txt-news/universal_metrics/weighted_mean/weighted-mean-seed-24_0_1_TER_ranks_systems.csv",
    "metric_scores": {
        "HuaweiTSC": 0.2649845300179784,
        "JDExploreAcademy": 0.2696097333969811,
        "Lan-Bridge": 0.2600729158143101,
        "M2M100_1.2B-B4": 0.2504416872817909,
        "Online-A": 0.2685834582984053,
        "Online-B": 0.275867748431178,
        "Online-G": 0.2721273148490615,
        "Online-W": 0.2729442581728286,
        "Online-Y": 0.2628131303929301,
        "PROMT": 0.2601754717467359,
        "QUARTZ_TuneReranking": 0.2597268767531828,
        "SRPOL": 0.2631890669940684,
        "bleu_bestmbr": 0.2749044066485253,
        "comet_bestmbr": 0.2704028575279457,
        "eTranslation": 0.2592419562377407,
        "refA": 0.5941139666717614
    }
}