{
    "system_accuracy": 0.775,
    "spearman": 0.5911764705882353,
    "pearson": 0.40266552441387693,
    "kendall": 0.5499999999999999,
    "languages_pair": "en-ru",
    "domain": "news",
    "reference": "en-ru.refA.txt-news",
    "system_names": [
        "HuaweiTSC",
        "JDExploreAcademy",
        "Lan-Bridge",
        "M2M100_1.2B-B4",
        "Online-A",
        "Online-B",
        "Online-G",
        "Online-W",
        "Online-Y",
        "PROMT",
        "QUARTZ_TuneReranking",
        "SRPOL",
        "bleu_bestmbr",
        "comet_bestmbr",
        "eTranslation",
        "refA"
    ],
    "human_scores_file": "data/wmt22//en-ru/human-scores/en-ru.mqm.domain.score",
    "human_scores": {
        "HuaweiTSC": -1.7163333333333337,
        "JDExploreAcademy": -1.1436666666666666,
        "Lan-Bridge": -2.138666666666667,
        "M2M100_1.2B-B4": -3.7356666666666674,
        "Online-A": -1.8266666666666667,
        "Online-B": -1.586666666666667,
        "Online-G": -1.5040000000000004,
        "Online-W": -1.3456666666666666,
        "Online-Y": -2.056666666666667,
        "PROMT": -2.041000000000001,
        "QUARTZ_TuneReranking": -3.8220000000000036,
        "SRPOL": -2.0173333333333345,
        "bleu_bestmbr": -1.5743333333333331,
        "comet_bestmbr": -2.0090000000000003,
        "eTranslation": -2.297333333333335,
        "refA": -0.43133333333333324
    },
    "metric_scores_file": "data/wmt22//en-ru/domains/news/nlp-telescope-scores/en-ru-news/en-ru.refA.txt-news/universal_metrics/weighted_mean/weighted-mean-seed-12_-1_1_ranks_systems.csv",
    "metric_scores": {
        "HuaweiTSC": 0.2622223302701599,
        "JDExploreAcademy": 0.263635065203114,
        "Lan-Bridge": 0.2520183168609515,
        "M2M100_1.2B-B4": 0.2561416048413559,
        "Online-A": 0.2609643383967721,
        "Online-B": 0.2637765658631079,
        "Online-G": 0.2645254794109629,
        "Online-W": 0.2682642133013222,
        "Online-Y": 0.2582198580313823,
        "PROMT": 0.2587636165489083,
        "QUARTZ_TuneReranking": 0.2699323287319154,
        "SRPOL": 0.2597264498522295,
        "bleu_bestmbr": 0.2626174079162814,
        "comet_bestmbr": 0.27061582003974,
        "eTranslation": 0.258542721739829,
        "refA": 0.2810715003962579
    }
}