{
    "system_accuracy": 0.8333333333333334,
    "spearman": 0.8588235294117647,
    "pearson": 0.525478097046615,
    "kendall": 0.6666666666666667,
    "languages_pair": "en-ru",
    "domain": "news",
    "reference": "en-ru.refA.txt-news",
    "system_names": [
        "HuaweiTSC",
        "JDExploreAcademy",
        "Lan-Bridge",
        "M2M100_1.2B-B4",
        "Online-A",
        "Online-B",
        "Online-G",
        "Online-W",
        "Online-Y",
        "PROMT",
        "QUARTZ_TuneReranking",
        "SRPOL",
        "bleu_bestmbr",
        "comet_bestmbr",
        "eTranslation",
        "refA"
    ],
    "human_scores_file": "data/wmt22//en-ru/human-scores/en-ru.mqm.domain.score",
    "human_scores": {
        "HuaweiTSC": -1.7163333333333337,
        "JDExploreAcademy": -1.1436666666666666,
        "Lan-Bridge": -2.138666666666667,
        "M2M100_1.2B-B4": -3.7356666666666674,
        "Online-A": -1.8266666666666667,
        "Online-B": -1.586666666666667,
        "Online-G": -1.5040000000000004,
        "Online-W": -1.3456666666666666,
        "Online-Y": -2.056666666666667,
        "PROMT": -2.041000000000001,
        "QUARTZ_TuneReranking": -3.8220000000000036,
        "SRPOL": -2.0173333333333345,
        "bleu_bestmbr": -1.5743333333333331,
        "comet_bestmbr": -2.0090000000000003,
        "eTranslation": -2.297333333333335,
        "refA": -0.43133333333333324
    },
    "metric_scores_file": "data/wmt22//en-ru/domains/news/nlp-telescope-scores/en-ru-news/en-ru.refA.txt-news/universal_metrics/weighted_mean/weighted-mean-seed-36_0_1_TER_ranks_systems.csv",
    "metric_scores": {
        "HuaweiTSC": 0.233316355873093,
        "JDExploreAcademy": 0.2370647974579386,
        "Lan-Bridge": 0.2273832094559433,
        "M2M100_1.2B-B4": 0.2214758457232093,
        "Online-A": 0.2359789332427859,
        "Online-B": 0.2420163552198006,
        "Online-G": 0.2387483860530836,
        "Online-W": 0.2401525663165946,
        "Online-Y": 0.2313990041026425,
        "PROMT": 0.2291051679636544,
        "QUARTZ_TuneReranking": 0.2301630657073886,
        "SRPOL": 0.2314377450817186,
        "bleu_bestmbr": 0.241173901845415,
        "comet_bestmbr": 0.2393509789064653,
        "eTranslation": 0.2282043970148772,
        "refA": 0.5466647963516323
    }
}