{
    "system_accuracy": 0.8583333333333333,
    "spearman": 0.8970588235294116,
    "pearson": 0.5463827852967449,
    "kendall": 0.7166666666666667,
    "languages_pair": "en-ru",
    "domain": "news",
    "reference": "en-ru.refA.txt-news",
    "system_names": [
        "HuaweiTSC",
        "JDExploreAcademy",
        "Lan-Bridge",
        "M2M100_1.2B-B4",
        "Online-A",
        "Online-B",
        "Online-G",
        "Online-W",
        "Online-Y",
        "PROMT",
        "QUARTZ_TuneReranking",
        "SRPOL",
        "bleu_bestmbr",
        "comet_bestmbr",
        "eTranslation",
        "refA"
    ],
    "human_scores_file": "data/wmt22//en-ru/human-scores/en-ru.mqm.domain.score",
    "human_scores": {
        "HuaweiTSC": -1.7163333333333337,
        "JDExploreAcademy": -1.1436666666666666,
        "Lan-Bridge": -2.138666666666667,
        "M2M100_1.2B-B4": -3.7356666666666674,
        "Online-A": -1.8266666666666667,
        "Online-B": -1.586666666666667,
        "Online-G": -1.5040000000000004,
        "Online-W": -1.3456666666666666,
        "Online-Y": -2.056666666666667,
        "PROMT": -2.041000000000001,
        "QUARTZ_TuneReranking": -3.8220000000000036,
        "SRPOL": -2.0173333333333345,
        "bleu_bestmbr": -1.5743333333333331,
        "comet_bestmbr": -2.0090000000000003,
        "eTranslation": -2.297333333333335,
        "refA": -0.43133333333333324
    },
    "metric_scores_file": "data/wmt22//en-ru/domains/news/nlp-telescope-scores/en-ru-news/en-ru.refA.txt-news/universal_metrics/weighted_mean/weighted-mean-seed-12_0_1_TER_ranks_systems.csv",
    "metric_scores": {
        "HuaweiTSC": 0.2695293808684393,
        "JDExploreAcademy": 0.2757830948832299,
        "Lan-Bridge": 0.2666399157021649,
        "M2M100_1.2B-B4": 0.2498108507501521,
        "Online-A": 0.2762617315480601,
        "Online-B": 0.2863194272706694,
        "Online-G": 0.2792005968392965,
        "Online-W": 0.2781293984188009,
        "Online-Y": 0.2686036989510429,
        "PROMT": 0.2637002886953445,
        "QUARTZ_TuneReranking": 0.2553648896383106,
        "SRPOL": 0.2682178354305801,
        "bleu_bestmbr": 0.2861057232678599,
        "comet_bestmbr": 0.2728801430699352,
        "eTranslation": 0.2627638030007526,
        "refA": 0.7012537397244261
    }
}