{
    "system_accuracy": 0.75,
    "spearman": 0.5617647058823529,
    "pearson": 0.2701447674101513,
    "kendall": 0.5,
    "languages_pair": "en-ru",
    "domain": "news",
    "reference": "en-ru.refA.txt-news",
    "system_names": [
        "HuaweiTSC",
        "JDExploreAcademy",
        "Lan-Bridge",
        "M2M100_1.2B-B4",
        "Online-A",
        "Online-B",
        "Online-G",
        "Online-W",
        "Online-Y",
        "PROMT",
        "QUARTZ_TuneReranking",
        "SRPOL",
        "bleu_bestmbr",
        "comet_bestmbr",
        "eTranslation",
        "refA"
    ],
    "human_scores_file": "data/wmt22//en-ru/human-scores/en-ru.mqm.domain.score",
    "human_scores": {
        "HuaweiTSC": -1.7163333333333337,
        "JDExploreAcademy": -1.1436666666666666,
        "Lan-Bridge": -2.138666666666667,
        "M2M100_1.2B-B4": -3.7356666666666674,
        "Online-A": -1.8266666666666667,
        "Online-B": -1.586666666666667,
        "Online-G": -1.5040000000000004,
        "Online-W": -1.3456666666666666,
        "Online-Y": -2.056666666666667,
        "PROMT": -2.041000000000001,
        "QUARTZ_TuneReranking": -3.8220000000000036,
        "SRPOL": -2.0173333333333345,
        "bleu_bestmbr": -1.5743333333333331,
        "comet_bestmbr": -2.0090000000000003,
        "eTranslation": -2.297333333333335,
        "refA": -0.43133333333333324
    },
    "metric_scores_file": "data/wmt22//en-ru/domains/news/nlp-telescope-scores/en-ru-news/en-ru.refA.txt-news/universal_metrics/weighted_mean/weighted-mean-seed-36_-1_1_ranks_systems.csv",
    "metric_scores": {
        "HuaweiTSC": 0.0052736998541966,
        "JDExploreAcademy": 0.0055765232138616,
        "Lan-Bridge": -0.001681207317072,
        "M2M100_1.2B-B4": 0.0024467917411095,
        "Online-A": 0.0042020721614626,
        "Online-B": 0.0055490598693208,
        "Online-G": 0.0058433598399656,
        "Online-W": 0.0095022892958691,
        "Online-Y": 0.0025495295820291,
        "PROMT": 0.0033043390113465,
        "QUARTZ_TuneReranking": 0.0142554850154268,
        "SRPOL": 0.0031251446943132,
        "bleu_bestmbr": 0.0047633834376112,
        "comet_bestmbr": 0.0129089070766578,
        "eTranslation": 0.0031501243345151,
        "refA": 0.0230630516720666
    }
}