{
    "system_accuracy": 0.7416666666666667,
    "spearman": 0.6264705882352941,
    "pearson": 0.3925904081830911,
    "kendall": 0.48333333333333334,
    "languages_pair": "en-de",
    "domain": "ecommerce",
    "reference": "en-de.refA.txt-ecommerce",
    "system_names": [
        "Online-B",
        "bleurt_bestmbr",
        "M2M100_1.2B-B4",
        "Online-G",
        "PROMT",
        "Online-W",
        "OpenNMT",
        "Lan-Bridge",
        "refA",
        "Online-A",
        "refB",
        "QUARTZ_TuneReranking",
        "Online-Y",
        "bleu_bestmbr",
        "comet_bestmbr",
        "JDExploreAcademy"
    ],
    "human_scores_file": "data/wmt22//en-de/human-scores/en-de.mqm.domain.score",
    "human_scores": {
        "Online-B": -0.882173913043478,
        "bleurt_bestmbr": -0.7234782608695651,
        "M2M100_1.2B-B4": -2.9347826086956528,
        "Online-G": -1.1652173913043473,
        "PROMT": -1.560434782608696,
        "Online-W": -0.9313043478260866,
        "OpenNMT": -1.7273913043478264,
        "Lan-Bridge": -1.0895652173913042,
        "refA": -0.5595652173913043,
        "Online-A": -1.3534782608695652,
        "refB": -1.1673913043478261,
        "QUARTZ_TuneReranking": -1.0978260869565215,
        "Online-Y": -1.0204347826086955,
        "bleu_bestmbr": -0.8178260869565217,
        "comet_bestmbr": -1.0091304347826084,
        "JDExploreAcademy": -1.197391304347826
    },
    "metric_scores_file": "data/wmt22//en-de/domains/ecommerce/nlp-telescope-scores/en-de-ecommerce/en-de.refA.txt-ecommerce/universal_metrics/average_ranks_systems.csv",
    "metric_scores": {
        "Online-B": 0.5499542418956183,
        "bleurt_bestmbr": 0.5291042422045562,
        "M2M100_1.2B-B4": 0.506214196948996,
        "Online-G": 0.5399507412261821,
        "PROMT": 0.5319125425275473,
        "Online-W": 0.5419070607144503,
        "OpenNMT": 0.5244405475901115,
        "Lan-Bridge": 0.5493567926086332,
        "refA": 0.9331076564171888,
        "Online-A": 0.543477192775746,
        "refB": 0.5269529622022592,
        "QUARTZ_TuneReranking": 0.5246094502746044,
        "Online-Y": 0.5444805435275578,
        "bleu_bestmbr": 0.5477606828938596,
        "comet_bestmbr": 0.5361446962407055,
        "JDExploreAcademy": 0.5394648601903274
    }
}