{
    "system_accuracy": 0.6916666666666667,
    "spearman": 0.4852941176470588,
    "pearson": 0.43745297522706694,
    "kendall": 0.38333333333333336,
    "languages_pair": "en-de",
    "domain": "ecommerce",
    "reference": "en-de.refA.txt-ecommerce",
    "system_names": [
        "Online-B",
        "bleurt_bestmbr",
        "M2M100_1.2B-B4",
        "Online-G",
        "PROMT",
        "Online-W",
        "OpenNMT",
        "Lan-Bridge",
        "refA",
        "Online-A",
        "refB",
        "QUARTZ_TuneReranking",
        "Online-Y",
        "bleu_bestmbr",
        "comet_bestmbr",
        "JDExploreAcademy"
    ],
    "human_scores_file": "data/wmt22//en-de/human-scores/en-de.mqm.domain.score",
    "human_scores": {
        "Online-B": -0.882173913043478,
        "bleurt_bestmbr": -0.7234782608695651,
        "M2M100_1.2B-B4": -2.9347826086956528,
        "Online-G": -1.1652173913043473,
        "PROMT": -1.560434782608696,
        "Online-W": -0.9313043478260866,
        "OpenNMT": -1.7273913043478264,
        "Lan-Bridge": -1.0895652173913042,
        "refA": -0.5595652173913043,
        "Online-A": -1.3534782608695652,
        "refB": -1.1673913043478261,
        "QUARTZ_TuneReranking": -1.0978260869565215,
        "Online-Y": -1.0204347826086955,
        "bleu_bestmbr": -0.8178260869565217,
        "comet_bestmbr": -1.0091304347826084,
        "JDExploreAcademy": -1.197391304347826
    },
    "metric_scores_file": "data/wmt22//en-de/domains/ecommerce/nlp-telescope-scores/en-de-ecommerce/en-de.refA.txt-ecommerce/results.csv",
    "metric_scores": {
        "Online-B": 0.8922145620831904,
        "bleurt_bestmbr": 0.8756299933172622,
        "M2M100_1.2B-B4": 0.8689168680388972,
        "Online-G": 0.8881764005939915,
        "PROMT": 0.8831258025934111,
        "Online-W": 0.888037997821592,
        "OpenNMT": 0.8781591689811563,
        "Lan-Bridge": 0.8918042465200964,
        "refA": 1.000000000562308,
        "Online-A": 0.8882084516984112,
        "refB": 0.8800664844377986,
        "QUARTZ_TuneReranking": 0.8762139079705724,
        "Online-Y": 0.8904757446837875,
        "bleu_bestmbr": 0.8914446450629324,
        "comet_bestmbr": 0.881898463447139,
        "JDExploreAcademy": 0.8871104394489864
    }
}