{
    "system_accuracy": 0.6666666666666666,
    "spearman": 0.37941176470588234,
    "pearson": 0.35184486708739826,
    "kendall": 0.33333333333333337,
    "languages_pair": "en-de",
    "domain": "ecommerce",
    "reference": "en-de.refA.txt-ecommerce",
    "system_names": [
        "Online-B",
        "bleurt_bestmbr",
        "M2M100_1.2B-B4",
        "Online-G",
        "PROMT",
        "Online-W",
        "OpenNMT",
        "Lan-Bridge",
        "refA",
        "Online-A",
        "refB",
        "QUARTZ_TuneReranking",
        "Online-Y",
        "bleu_bestmbr",
        "comet_bestmbr",
        "JDExploreAcademy"
    ],
    "human_scores_file": "data/wmt22//en-de/human-scores/en-de.mqm.domain.score",
    "human_scores": {
        "Online-B": -0.882173913043478,
        "bleurt_bestmbr": -0.7234782608695651,
        "M2M100_1.2B-B4": -2.9347826086956528,
        "Online-G": -1.1652173913043473,
        "PROMT": -1.560434782608696,
        "Online-W": -0.9313043478260866,
        "OpenNMT": -1.7273913043478264,
        "Lan-Bridge": -1.0895652173913042,
        "refA": -0.5595652173913043,
        "Online-A": -1.3534782608695652,
        "refB": -1.1673913043478261,
        "QUARTZ_TuneReranking": -1.0978260869565215,
        "Online-Y": -1.0204347826086955,
        "bleu_bestmbr": -0.8178260869565217,
        "comet_bestmbr": -1.0091304347826084,
        "JDExploreAcademy": -1.197391304347826
    },
    "metric_scores_file": "data/wmt22//en-de/domains/ecommerce/nlp-telescope-scores/en-de-ecommerce/en-de.refA.txt-ecommerce/results.csv",
    "metric_scores": {
        "Online-B": 0.3840861021404936,
        "bleurt_bestmbr": 0.3058888529892047,
        "M2M100_1.2B-B4": 0.3181144838155618,
        "Online-G": 0.3744009638032905,
        "PROMT": 0.3620581732727164,
        "Online-W": 0.3633011512154511,
        "OpenNMT": 0.3545404661863335,
        "Lan-Bridge": 0.3852865265247192,
        "refA": 1.0000000000000004,
        "Online-A": 0.378636281545072,
        "refB": 0.3232539792637073,
        "QUARTZ_TuneReranking": 0.3257119119224343,
        "Online-Y": 0.3748796626567152,
        "bleu_bestmbr": 0.3868372393325973,
        "comet_bestmbr": 0.3291850729944663,
        "JDExploreAcademy": 0.3677915593057449
    }
}