{
    "system_accuracy": 0.6833333333333333,
    "spearman": 0.488235294117647,
    "pearson": 0.4125506247957349,
    "kendall": 0.3666666666666667,
    "languages_pair": "en-de",
    "domain": "ecommerce",
    "reference": "en-de.refA.txt-ecommerce",
    "system_names": [
        "Online-B",
        "bleurt_bestmbr",
        "M2M100_1.2B-B4",
        "Online-G",
        "PROMT",
        "Online-W",
        "OpenNMT",
        "Lan-Bridge",
        "refA",
        "Online-A",
        "refB",
        "QUARTZ_TuneReranking",
        "Online-Y",
        "bleu_bestmbr",
        "comet_bestmbr",
        "JDExploreAcademy"
    ],
    "human_scores_file": "data/wmt22//en-de/human-scores/en-de.mqm.domain.score",
    "human_scores": {
        "Online-B": -0.882173913043478,
        "bleurt_bestmbr": -0.7234782608695651,
        "M2M100_1.2B-B4": -2.9347826086956528,
        "Online-G": -1.1652173913043473,
        "PROMT": -1.560434782608696,
        "Online-W": -0.9313043478260866,
        "OpenNMT": -1.7273913043478264,
        "Lan-Bridge": -1.0895652173913042,
        "refA": -0.5595652173913043,
        "Online-A": -1.3534782608695652,
        "refB": -1.1673913043478261,
        "QUARTZ_TuneReranking": -1.0978260869565215,
        "Online-Y": -1.0204347826086955,
        "bleu_bestmbr": -0.8178260869565217,
        "comet_bestmbr": -1.0091304347826084,
        "JDExploreAcademy": -1.197391304347826
    },
    "metric_scores_file": "data/wmt22//en-de/domains/ecommerce/nlp-telescope-scores/en-de-ecommerce/en-de.refA.txt-ecommerce/results.csv",
    "metric_scores": {
        "Online-B": 0.6533993121866579,
        "bleurt_bestmbr": 0.6147517519839316,
        "M2M100_1.2B-B4": 0.592974910553265,
        "Online-G": 0.644295127558087,
        "PROMT": 0.6324153455028059,
        "Online-W": 0.6401364982499602,
        "OpenNMT": 0.6214959781072241,
        "Lan-Bridge": 0.6539539521822475,
        "refA": 1.0,
        "Online-A": 0.6446418175644372,
        "refB": 0.6110499484041229,
        "QUARTZ_TuneReranking": 0.6103122710216482,
        "Online-Y": 0.6497717037147666,
        "bleu_bestmbr": 0.6512524536061853,
        "comet_bestmbr": 0.6233775183229956,
        "JDExploreAcademy": 0.6403960869241352
    }
}