{
    "system_accuracy": 0.6833333333333333,
    "spearman": 0.4794117647058824,
    "pearson": 0.5600860316395172,
    "kendall": 0.3666666666666667,
    "languages_pair": "en-de",
    "domain": "ecommerce",
    "reference": "en-de.refA.txt-ecommerce",
    "system_names": [
        "Online-B",
        "bleurt_bestmbr",
        "M2M100_1.2B-B4",
        "Online-G",
        "PROMT",
        "Online-W",
        "OpenNMT",
        "Lan-Bridge",
        "refA",
        "Online-A",
        "refB",
        "QUARTZ_TuneReranking",
        "Online-Y",
        "bleu_bestmbr",
        "comet_bestmbr",
        "JDExploreAcademy"
    ],
    "human_scores_file": "data/wmt22//en-de/human-scores/en-de.mqm.domain.score",
    "human_scores": {
        "Online-B": -0.882173913043478,
        "bleurt_bestmbr": -0.7234782608695651,
        "M2M100_1.2B-B4": -2.9347826086956528,
        "Online-G": -1.1652173913043473,
        "PROMT": -1.560434782608696,
        "Online-W": -0.9313043478260866,
        "OpenNMT": -1.7273913043478264,
        "Lan-Bridge": -1.0895652173913042,
        "refA": -0.5595652173913043,
        "Online-A": -1.3534782608695652,
        "refB": -1.1673913043478261,
        "QUARTZ_TuneReranking": -1.0978260869565215,
        "Online-Y": -1.0204347826086955,
        "bleu_bestmbr": -0.8178260869565217,
        "comet_bestmbr": -1.0091304347826084,
        "JDExploreAcademy": -1.197391304347826
    },
    "metric_scores_file": "data/wmt22//en-de/domains/ecommerce/nlp-telescope-scores/en-de-ecommerce/en-de.refA.txt-ecommerce/universal_metrics/social-choice-theory_ranks_systems.csv",
    "metric_scores": {
        "Online-B": -22.0,
        "bleurt_bestmbr": -99.0,
        "M2M100_1.2B-B4": -111.0,
        "Online-G": -54.0,
        "PROMT": -79.0,
        "Online-W": -62.0,
        "OpenNMT": -90.0,
        "Lan-Bridge": -20.0,
        "refA": -7.0,
        "Online-A": -45.0,
        "refB": -89.0,
        "QUARTZ_TuneReranking": -98.0,
        "Online-Y": -50.0,
        "bleu_bestmbr": -30.0,
        "comet_bestmbr": -77.0,
        "JDExploreAcademy": -66.0
    }
}