{
    "system_accuracy": 0.65,
    "spearman": 0.3764705882352941,
    "pearson": 0.35872785625364967,
    "kendall": 0.3,
    "languages_pair": "en-de",
    "domain": "ecommerce",
    "reference": "en-de.refA.txt-ecommerce",
    "system_names": [
        "Online-B",
        "bleurt_bestmbr",
        "M2M100_1.2B-B4",
        "Online-G",
        "PROMT",
        "Online-W",
        "OpenNMT",
        "Lan-Bridge",
        "refA",
        "Online-A",
        "refB",
        "QUARTZ_TuneReranking",
        "Online-Y",
        "bleu_bestmbr",
        "comet_bestmbr",
        "JDExploreAcademy"
    ],
    "human_scores_file": "data/wmt22//en-de/human-scores/en-de.mqm.domain.score",
    "human_scores": {
        "Online-B": -0.882173913043478,
        "bleurt_bestmbr": -0.7234782608695651,
        "M2M100_1.2B-B4": -2.9347826086956528,
        "Online-G": -1.1652173913043473,
        "PROMT": -1.560434782608696,
        "Online-W": -0.9313043478260866,
        "OpenNMT": -1.7273913043478264,
        "Lan-Bridge": -1.0895652173913042,
        "refA": -0.5595652173913043,
        "Online-A": -1.3534782608695652,
        "refB": -1.1673913043478261,
        "QUARTZ_TuneReranking": -1.0978260869565215,
        "Online-Y": -1.0204347826086955,
        "bleu_bestmbr": -0.8178260869565217,
        "comet_bestmbr": -1.0091304347826084,
        "JDExploreAcademy": -1.197391304347826
    },
    "metric_scores_file": "data/wmt22//en-de/domains/ecommerce/nlp-telescope-scores/en-de-ecommerce/en-de.refA.txt-ecommerce/results.csv",
    "metric_scores": {
        "Online-B": -0.4963486172632587,
        "bleurt_bestmbr": -0.5837423680114929,
        "M2M100_1.2B-B4": -0.563270681192386,
        "Online-G": -0.5055668622051958,
        "PROMT": -0.524961091823297,
        "Online-W": -0.5177780438165929,
        "OpenNMT": -0.5315455524961091,
        "Lan-Bridge": -0.4923979408595713,
        "refA": -0.0,
        "Online-A": -0.5064048844726445,
        "refB": -0.5566862205195738,
        "QUARTZ_TuneReranking": -0.5625523763917155,
        "Online-Y": -0.5085597988746559,
        "bleu_bestmbr": -0.4968274871303723,
        "comet_bestmbr": -0.5455524961091823,
        "JDExploreAcademy": -0.5178977612833713
    }
}