{
    "system_accuracy": 0.8166666666666667,
    "spearman": 0.7970588235294117,
    "pearson": 0.4557461237390417,
    "kendall": 0.6333333333333333,
    "languages_pair": "en-de",
    "domain": "ecommerce",
    "reference": "en-de.refA.txt-ecommerce",
    "system_names": [
        "Online-B",
        "bleurt_bestmbr",
        "M2M100_1.2B-B4",
        "Online-G",
        "PROMT",
        "Online-W",
        "OpenNMT",
        "Lan-Bridge",
        "refA",
        "Online-A",
        "refB",
        "QUARTZ_TuneReranking",
        "Online-Y",
        "bleu_bestmbr",
        "comet_bestmbr",
        "JDExploreAcademy"
    ],
    "human_scores_file": "data/wmt22//en-de/human-scores/en-de.mqm.domain.score",
    "human_scores": {
        "Online-B": -0.882173913043478,
        "bleurt_bestmbr": -0.7234782608695651,
        "M2M100_1.2B-B4": -2.9347826086956528,
        "Online-G": -1.1652173913043473,
        "PROMT": -1.560434782608696,
        "Online-W": -0.9313043478260866,
        "OpenNMT": -1.7273913043478264,
        "Lan-Bridge": -1.0895652173913042,
        "refA": -0.5595652173913043,
        "Online-A": -1.3534782608695652,
        "refB": -1.1673913043478261,
        "QUARTZ_TuneReranking": -1.0978260869565215,
        "Online-Y": -1.0204347826086955,
        "bleu_bestmbr": -0.8178260869565217,
        "comet_bestmbr": -1.0091304347826084,
        "JDExploreAcademy": -1.197391304347826
    },
    "metric_scores_file": "data/wmt22//en-de/domains/ecommerce/nlp-telescope-scores/en-de-ecommerce/en-de.refA.txt-ecommerce/universal_metrics/weighted_mean/weighted-mean-seed-24_-1_1_ranks_systems.csv",
    "metric_scores": {
        "Online-B": 0.1719163030580288,
        "bleurt_bestmbr": 0.1772611153806176,
        "M2M100_1.2B-B4": 0.1618149751241993,
        "Online-G": 0.1683096496620339,
        "PROMT": 0.1666400963534305,
        "Online-W": 0.1726405630875346,
        "OpenNMT": 0.1647132410575849,
        "Lan-Bridge": 0.1710610426272633,
        "refA": 0.2530299249760295,
        "Online-A": 0.169281950988575,
        "refB": 0.1729208585164826,
        "QUARTZ_TuneReranking": 0.1715911039174019,
        "Online-Y": 0.1707538570070366,
        "bleu_bestmbr": 0.1706181384133248,
        "comet_bestmbr": 0.177825474968071,
        "JDExploreAcademy": 0.1698855374946507
    }
}