{
    "system_accuracy": 0.875,
    "spearman": 0.8735294117647058,
    "pearson": 0.679105666604051,
    "kendall": 0.75,
    "languages_pair": "en-de",
    "domain": "ecommerce",
    "reference": "en-de.refA.txt-ecommerce",
    "system_names": [
        "Online-B",
        "bleurt_bestmbr",
        "M2M100_1.2B-B4",
        "Online-G",
        "PROMT",
        "Online-W",
        "OpenNMT",
        "Lan-Bridge",
        "refA",
        "Online-A",
        "refB",
        "QUARTZ_TuneReranking",
        "Online-Y",
        "bleu_bestmbr",
        "comet_bestmbr",
        "JDExploreAcademy"
    ],
    "human_scores_file": "data/wmt22//en-de/human-scores/en-de.mqm.domain.score",
    "human_scores": {
        "Online-B": -0.882173913043478,
        "bleurt_bestmbr": -0.7234782608695651,
        "M2M100_1.2B-B4": -2.9347826086956528,
        "Online-G": -1.1652173913043473,
        "PROMT": -1.560434782608696,
        "Online-W": -0.9313043478260866,
        "OpenNMT": -1.7273913043478264,
        "Lan-Bridge": -1.0895652173913042,
        "refA": -0.5595652173913043,
        "Online-A": -1.3534782608695652,
        "refB": -1.1673913043478261,
        "QUARTZ_TuneReranking": -1.0978260869565215,
        "Online-Y": -1.0204347826086955,
        "bleu_bestmbr": -0.8178260869565217,
        "comet_bestmbr": -1.0091304347826084,
        "JDExploreAcademy": -1.197391304347826
    },
    "metric_scores_file": "data/wmt22//en-de/domains/ecommerce/nlp-telescope-scores/en-de-ecommerce/en-de.refA.txt-ecommerce/universal_metrics/weighted_mean/weighted-mean-seed-12_-1_1_ranks_systems.csv",
    "metric_scores": {
        "Online-B": 0.2599698804579121,
        "bleurt_bestmbr": 0.2642096891487464,
        "M2M100_1.2B-B4": 0.248146595402965,
        "Online-G": 0.2569121297209403,
        "PROMT": 0.2548268278456432,
        "Online-W": 0.2611188053751156,
        "OpenNMT": 0.2523712402424156,
        "Lan-Bridge": 0.2590491463693239,
        "refA": 0.2880281081238217,
        "Online-A": 0.2565142938801389,
        "refB": 0.2598633299936335,
        "QUARTZ_TuneReranking": 0.2585232281063357,
        "Online-Y": 0.2598025591907155,
        "bleu_bestmbr": 0.2590156351007934,
        "comet_bestmbr": 0.2659687707135806,
        "JDExploreAcademy": 0.2583536984128157
    }
}