{
    "system_accuracy": 0.7,
    "spearman": 0.5205882352941177,
    "pearson": 0.3976137368353104,
    "kendall": 0.39999999999999997,
    "languages_pair": "en-de",
    "domain": "ecommerce",
    "reference": "en-de.refA.txt-ecommerce",
    "system_names": [
        "Online-B",
        "bleurt_bestmbr",
        "M2M100_1.2B-B4",
        "Online-G",
        "PROMT",
        "Online-W",
        "OpenNMT",
        "Lan-Bridge",
        "refA",
        "Online-A",
        "refB",
        "QUARTZ_TuneReranking",
        "Online-Y",
        "bleu_bestmbr",
        "comet_bestmbr",
        "JDExploreAcademy"
    ],
    "human_scores_file": "data/wmt22//en-de/human-scores/en-de.mqm.domain.score",
    "human_scores": {
        "Online-B": -0.882173913043478,
        "bleurt_bestmbr": -0.7234782608695651,
        "M2M100_1.2B-B4": -2.9347826086956528,
        "Online-G": -1.1652173913043473,
        "PROMT": -1.560434782608696,
        "Online-W": -0.9313043478260866,
        "OpenNMT": -1.7273913043478264,
        "Lan-Bridge": -1.0895652173913042,
        "refA": -0.5595652173913043,
        "Online-A": -1.3534782608695652,
        "refB": -1.1673913043478261,
        "QUARTZ_TuneReranking": -1.0978260869565215,
        "Online-Y": -1.0204347826086955,
        "bleu_bestmbr": -0.8178260869565217,
        "comet_bestmbr": -1.0091304347826084,
        "JDExploreAcademy": -1.197391304347826
    },
    "metric_scores_file": "data/wmt22//en-de/domains/ecommerce/nlp-telescope-scores/en-de-ecommerce/en-de.refA.txt-ecommerce/universal_metrics/weighted_mean/weighted-mean-seed-12_0_1_TER_ranks_systems.csv",
    "metric_scores": {
        "Online-B": 0.3332360652104636,
        "bleurt_bestmbr": 0.3015113193985471,
        "M2M100_1.2B-B4": 0.2831121281672789,
        "Online-G": 0.3231245854622099,
        "PROMT": 0.3121586523359429,
        "Online-W": 0.3232696488759282,
        "OpenNMT": 0.3042289748112095,
        "Lan-Bridge": 0.3335109492309453,
        "refA": 0.7084690832085679,
        "Online-A": 0.3248963336692418,
        "refB": 0.3036889109217534,
        "QUARTZ_TuneReranking": 0.299903117539167,
        "Online-Y": 0.3267912188193285,
        "bleu_bestmbr": 0.3309317470875526,
        "comet_bestmbr": 0.3153122017075502,
        "JDExploreAcademy": 0.3203776661184535
    }
}