{
    "system_accuracy": 0.75,
    "spearman": 0.6382352941176471,
    "pearson": 0.38811940635841125,
    "kendall": 0.5,
    "languages_pair": "en-de",
    "domain": "ecommerce",
    "reference": "en-de.refA.txt-ecommerce",
    "system_names": [
        "Online-B",
        "bleurt_bestmbr",
        "M2M100_1.2B-B4",
        "Online-G",
        "PROMT",
        "Online-W",
        "OpenNMT",
        "Lan-Bridge",
        "refA",
        "Online-A",
        "refB",
        "QUARTZ_TuneReranking",
        "Online-Y",
        "bleu_bestmbr",
        "comet_bestmbr",
        "JDExploreAcademy"
    ],
    "human_scores_file": "data/wmt22//en-de/human-scores/en-de.mqm.domain.score",
    "human_scores": {
        "Online-B": -0.882173913043478,
        "bleurt_bestmbr": -0.7234782608695651,
        "M2M100_1.2B-B4": -2.9347826086956528,
        "Online-G": -1.1652173913043473,
        "PROMT": -1.560434782608696,
        "Online-W": -0.9313043478260866,
        "OpenNMT": -1.7273913043478264,
        "Lan-Bridge": -1.0895652173913042,
        "refA": -0.5595652173913043,
        "Online-A": -1.3534782608695652,
        "refB": -1.1673913043478261,
        "QUARTZ_TuneReranking": -1.0978260869565215,
        "Online-Y": -1.0204347826086955,
        "bleu_bestmbr": -0.8178260869565217,
        "comet_bestmbr": -1.0091304347826084,
        "JDExploreAcademy": -1.197391304347826
    },
    "metric_scores_file": "data/wmt22//en-de/domains/ecommerce/nlp-telescope-scores/en-de-ecommerce/en-de.refA.txt-ecommerce/universal_metrics/weighted_mean/weighted-mean-seed-36_0_1_TER_ranks_systems.csv",
    "metric_scores": {
        "Online-B": 0.2640150408744769,
        "bleurt_bestmbr": 0.2499400962039026,
        "M2M100_1.2B-B4": 0.2339730985376353,
        "Online-G": 0.2563737217745871,
        "PROMT": 0.2499421534081609,
        "Online-W": 0.2586786904979998,
        "OpenNMT": 0.2455523522066983,
        "Lan-Bridge": 0.2637043198005565,
        "refA": 0.5533401482555721,
        "Online-A": 0.2590856702113895,
        "refB": 0.2498963330135743,
        "QUARTZ_TuneReranking": 0.2471337394946105,
        "Online-Y": 0.2590240165264535,
        "bleu_bestmbr": 0.2618727185077828,
        "comet_bestmbr": 0.2569279432517616,
        "JDExploreAcademy": 0.2557319921876612
    }
}