{
    "system_accuracy": 0.75,
    "spearman": 0.6441176470588235,
    "pearson": 0.3985160061324654,
    "kendall": 0.5,
    "languages_pair": "en-de",
    "domain": "ecommerce",
    "reference": "en-de.refA.txt-ecommerce",
    "system_names": [
        "Online-B",
        "bleurt_bestmbr",
        "M2M100_1.2B-B4",
        "Online-G",
        "PROMT",
        "Online-W",
        "OpenNMT",
        "Lan-Bridge",
        "refA",
        "Online-A",
        "refB",
        "QUARTZ_TuneReranking",
        "Online-Y",
        "bleu_bestmbr",
        "comet_bestmbr",
        "JDExploreAcademy"
    ],
    "human_scores_file": "data/wmt22//en-de/human-scores/en-de.mqm.domain.score",
    "human_scores": {
        "Online-B": -0.882173913043478,
        "bleurt_bestmbr": -0.7234782608695651,
        "M2M100_1.2B-B4": -2.9347826086956528,
        "Online-G": -1.1652173913043473,
        "PROMT": -1.560434782608696,
        "Online-W": -0.9313043478260866,
        "OpenNMT": -1.7273913043478264,
        "Lan-Bridge": -1.0895652173913042,
        "refA": -0.5595652173913043,
        "Online-A": -1.3534782608695652,
        "refB": -1.1673913043478261,
        "QUARTZ_TuneReranking": -1.0978260869565215,
        "Online-Y": -1.0204347826086955,
        "bleu_bestmbr": -0.8178260869565217,
        "comet_bestmbr": -1.0091304347826084,
        "JDExploreAcademy": -1.197391304347826
    },
    "metric_scores_file": "data/wmt22//en-de/domains/ecommerce/nlp-telescope-scores/en-de-ecommerce/en-de.refA.txt-ecommerce/universal_metrics/weighted_mean/weighted-mean-seed-24_0_1_TER_ranks_systems.csv",
    "metric_scores": {
        "Online-B": 0.304114133202401,
        "bleurt_bestmbr": 0.286760340832777,
        "M2M100_1.2B-B4": 0.2681125629049824,
        "Online-G": 0.2958898142997332,
        "PROMT": 0.2882431184381375,
        "Online-W": 0.2978967812685108,
        "OpenNMT": 0.2827545148729731,
        "Lan-Bridge": 0.3038475056148814,
        "refA": 0.6012767672588438,
        "Online-A": 0.2980160681853072,
        "refB": 0.2859156634553741,
        "QUARTZ_TuneReranking": 0.2832355499110098,
        "Online-Y": 0.2992268826384252,
        "bleu_bestmbr": 0.3018851524903109,
        "comet_bestmbr": 0.2949563718710801,
        "JDExploreAcademy": 0.2948741586484554
    }
}