{
    "system_accuracy": 0.8083333333333333,
    "spearman": 0.7764705882352941,
    "pearson": 0.5341217396260481,
    "kendall": 0.6166666666666666,
    "languages_pair": "en-de",
    "domain": "ecommerce",
    "reference": "en-de.refA.txt-ecommerce",
    "system_names": [
        "Online-B",
        "bleurt_bestmbr",
        "M2M100_1.2B-B4",
        "Online-G",
        "PROMT",
        "Online-W",
        "OpenNMT",
        "Lan-Bridge",
        "refA",
        "Online-A",
        "refB",
        "QUARTZ_TuneReranking",
        "Online-Y",
        "bleu_bestmbr",
        "comet_bestmbr",
        "JDExploreAcademy"
    ],
    "human_scores_file": "data/wmt22//en-de/human-scores/en-de.mqm.domain.score",
    "human_scores": {
        "Online-B": -0.882173913043478,
        "bleurt_bestmbr": -0.7234782608695651,
        "M2M100_1.2B-B4": -2.9347826086956528,
        "Online-G": -1.1652173913043473,
        "PROMT": -1.560434782608696,
        "Online-W": -0.9313043478260866,
        "OpenNMT": -1.7273913043478264,
        "Lan-Bridge": -1.0895652173913042,
        "refA": -0.5595652173913043,
        "Online-A": -1.3534782608695652,
        "refB": -1.1673913043478261,
        "QUARTZ_TuneReranking": -1.0978260869565215,
        "Online-Y": -1.0204347826086955,
        "bleu_bestmbr": -0.8178260869565217,
        "comet_bestmbr": -1.0091304347826084,
        "JDExploreAcademy": -1.197391304347826
    },
    "metric_scores_file": "data/wmt22//en-de/domains/ecommerce/nlp-telescope-scores/en-de-ecommerce/en-de.refA.txt-ecommerce/universal_metrics/weighted_mean/weighted-mean-seed-36_-1_1_ranks_systems.csv",
    "metric_scores": {
        "Online-B": -0.0007608684732479,
        "bleurt_bestmbr": 0.0045528916090427,
        "M2M100_1.2B-B4": -0.0059760916988143,
        "Online-G": -0.0026956172143219,
        "PROMT": -0.0032614918271531,
        "Online-W": 0.0005544217525072,
        "OpenNMT": -0.0041044253991406,
        "Lan-Bridge": -0.001418959515478,
        "refA": 0.0289066365710824,
        "Online-A": -0.0024688232413529,
        "refB": 0.0008141266675392,
        "QUARTZ_TuneReranking": 0.0007533770785823,
        "Online-Y": -0.0010249319986074,
        "bleu_bestmbr": -0.0011978035218521,
        "comet_bestmbr": 0.005026344027634,
        "JDExploreAcademy": -0.0012981374392519
    }
}