,PPV,FDR,FOR,NPV,TPR,FPR,FNR,TNR
neutral,0.0,0.0,0.0,1.0,0.0,0.0,0.0,1.0
female,0.8333333333333334,0.16666666666666666,0.08333333333333333,0.9166666666666666,0.8333333333333334,0.08333333333333333,0.16666666666666666,0.9166666666666666
male,0.9166666666666666,0.08333333333333333,0.16666666666666666,0.8333333333333334,0.9166666666666666,0.16666666666666666,0.08333333333333333,0.8333333333333334
