,Precison,FDR,FOR,NPV,Recall,FPR,FNR,TNR
neutral,1.0,0.0,0.12903225806451613,0.8709677419354839,0.30434782608695654,0.0,0.6956521739130435,1.0
female,0.7346938775510204,0.2653061224489796,0.0,1.0,1.0,0.1368421052631579,0.0,0.8631578947368421
male,0.9066666666666666,0.09333333333333334,0.07142857142857142,0.9285714285714286,0.9444444444444444,0.11864406779661017,0.05555555555555555,0.8813559322033898
