,ALMAnaCH-Inria,refC,CUNI-DocTransformer,CUNI-Transformer,JDExploreAcademy,Lan-Bridge,Online-A,Online-B,Online-G,Online-W,Online-Y
Demographic-Parity,0.11536815773016029,0.04059006177106306,0.02905324599804704,0.026063438772039538,0.020506237451038523,0.03162064009304055,0.02776954895055017,0.013242925951526763,0.03162064009304055,0.02477974172454278,0.025202154855556658
Accuracy,0.9734513274336283,0.9823008849557522,0.9911504424778761,0.9893805309734514,0.9893805309734514,0.9893805309734514,0.9867256637168141,0.9920353982300885,0.9902654867256637,0.988495575221239,0.984070796460177
Precision,0.9606623567301317,0.9644795218579861,0.9854123951325624,0.9843535384174507,0.9788609275921987,0.9787430296423629,0.9732423490488006,0.9833844126206129,0.9814752700795214,0.9783134974776629,0.9706183133091048
Recall,0.9458634599841275,0.9707949778553117,0.9840433896916568,0.9830467872829876,0.9840433896916566,0.9820501848743183,0.9807664878268216,0.9873202915564918,0.9848991877233213,0.9826188882671553,0.9756371855216529
F1-score,0.9527257492086919,0.9672481961067104,0.9847204375149476,0.9836194017382844,0.9813367957071722,0.9801558289845826,0.9766365790406653,0.9852867852355213,0.9829452292635227,0.9802494860151038,0.9730140761541216
