,Precison,FDR,FOR,NPV,Recall,FPR,FNR,TNR
neutral,0.0,0.0,0.0,1.0,0.0,0.0,0.0,1.0
female,0.9714285714285714,0.02857142857142857,0.05813953488372093,0.9418604651162791,0.9315068493150684,0.024096385542168676,0.0684931506849315,0.9759036144578314
male,0.9418604651162791,0.05813953488372093,0.02857142857142857,0.9714285714285714,0.9759036144578314,0.0684931506849315,0.024096385542168676,0.9315068493150684
