,Precison,FDR,FOR,NPV,Recall,FPR,FNR,TNR
neutral,0.9285714285714286,0.07142857142857142,0.027777777777777776,0.9722222222222222,0.9285714285714286,0.027777777777777776,0.07142857142857142,0.9722222222222222
female,1.0,0.0,0.0,1.0,1.0,0.0,0.0,1.0
male,0.9696969696969697,0.030303030303030304,0.058823529411764705,0.9411764705882353,0.9696969696969697,0.058823529411764705,0.030303030303030304,0.9411764705882353
