,Precison,FDR,FOR,NPV,Recall,FPR,FNR,TNR
neutral,1.0,0.0,0.0038461538461538464,0.9961538461538462,0.9949238578680203,0.0,0.005076142131979695,1.0
female,0.9807692307692307,0.019230769230769232,0.0,1.0,1.0,0.0024691358024691358,0.0,0.9975308641975309
male,0.9951923076923077,0.004807692307692308,0.004032258064516129,0.9959677419354839,0.9951923076923077,0.004032258064516129,0.004807692307692308,0.9959677419354839
