,bleu_bestmbr,chrf_bestmbr,comet_bestmbr,eTranslation,HuaweiTSC,JDExploreAcademy,Lan-Bridge,M2M100_1.2B-B4,Online-A,Online-B,Online-G,Online-W,Online-Y,PROMT,QUARTZ_TuneReranking,refA,SRPOL
COMET,0.744622778758969,0.756619848079874,0.7387947540879601,0.6543341740016948,0.6685196405610526,0.7095512493803464,0.7346218603601644,0.6108498111182719,0.7139040835746476,0.7445308718487691,0.7468853503483225,0.7392275072792369,0.7475795465231574,0.626000580810151,0.5917050366562282,1.648640021850478,0.6237717121101494
BERTScore,0.8911631721370625,0.8898640709103278,0.8752934127483728,0.8795840825112361,0.8817815588330323,0.8863828516793701,0.8888097910386211,0.8706668053595525,0.8862080247897022,0.8905943956015245,0.8880349204225361,0.8867280162730307,0.8905351517335424,0.875735387937078,0.8550363902775746,0.9999999957264595,0.8790997376981772
TER,0.4993721747865394,0.517579105976896,0.5826217980914113,0.5492214967353088,0.548216976393772,0.5212204922149674,0.5052737317930688,0.5680562531391261,0.5261175288799598,0.5059015570065294,0.5244851833249623,0.5379206428930186,0.5115519839276745,0.562405826217981,0.6421396283274735,0.0,0.5497237569060773
BLEU,0.3699415033340875,0.3621157307861751,0.2997117377661487,0.33309582455814996,0.32602656827264576,0.3538504375868211,0.36239961557209077,0.3069190445264986,0.3500911730533296,0.3665266210209751,0.3501316387161952,0.33950861087161227,0.3529361475435005,0.31252472001309145,0.25161707679102,1.0000000000000004,0.3239982252365408
chrF,0.6206668605062535,0.6338048145708453,0.5800319180347324,0.5952138269050099,0.5905239623177149,0.6155089735387376,0.6208168919609949,0.5680016929589591,0.6137030265944818,0.6209782592845159,0.6251812688235452,0.6076700993614953,0.6167300658400197,0.5822776242353673,0.5245964126747571,1.0,0.5914514835185808
ZeroEdit,0.033962264150943396,0.02830188679245283,0.018867924528301886,0.02830188679245283,0.024528301886792454,0.035849056603773584,0.033962264150943396,0.016981132075471698,0.026415094339622643,0.033962264150943396,0.03207547169811321,0.03018867924528302,0.03018867924528302,0.018867924528301886,0.007547169811320755,1.0,0.016981132075471698
GLEU,0.695546684446497,0.6935165787808074,0.6611968291571759,0.6712298829501793,0.6695382113082864,0.6860564796238748,0.6915593894451216,0.648328686240199,0.6843177615824071,0.692460325387657,0.6925602445345233,0.6854987185058077,0.6908480781229429,0.6573751581493015,0.6102644134105235,1.0,0.6669874892978717
