,PPV,FDR,FOR,NPV,TPR,FPR,FNR,TNR
neutral,1.0,0.0,0.28,0.72,0.373134328358209,0.0,0.6268656716417911,1.0
female,0.6285714285714286,0.37142857142857144,0.01904761904761905,0.9809523809523809,0.9565217391304348,0.20155038759689922,0.043478260869565216,0.7984496124031008
male,0.775,0.225,0.0,1.0,1.0,0.1592920353982301,0.0,0.8407079646017699
