,Precison,FDR,FOR,NPV,Recall,FPR,FNR,TNR
neutral,1.0,0.0,0.008849557522123894,0.9911504424778761,0.9658119658119658,0.0,0.03418803418803419,1.0
female,0.9508196721311475,0.04918032786885246,0.000992063492063492,0.9990079365079365,0.9914529914529915,0.005923000987166831,0.008547008547008548,0.9940769990128332
male,0.9936061381074168,0.00639386189258312,0.005747126436781609,0.9942528735632183,0.9974326059050064,0.014245014245014245,0.0025673940949935813,0.9857549857549858
