,bing,google
Accuracy,0.9146341463414634,0.926829268292683
F1-score,0.8841167941441223,0.8935064655056246
