,PPV,FDR,FOR,NPV,TPR,FPR,FNR,TNR
neutral,0.9908536585365854,0.009146341463414634,0.0058953574060427415,0.9941046425939573,0.975975975975976,0.0022189349112426036,0.024024024024024024,0.9977810650887574
female,0.9601990049751243,0.03980099502487562,0.0047169811320754715,0.9952830188679245,0.965,0.0053872053872053875,0.035,0.9946127946127946
male,0.990484429065744,0.009515570934256055,0.013232514177693762,0.9867674858223062,0.9939236111111112,0.020637898686679174,0.006076388888888889,0.9793621013133208
