,PPV,FDR,FOR,NPV,TPR,FPR,FNR,TNR
neutral,1.0,0.0,0.3,0.7,0.35384615384615387,0.0,0.6461538461538462,1.0
female,0.5283018867924528,0.4716981132075472,0.00909090909090909,0.990909090909091,0.9655172413793104,0.1865671641791045,0.034482758620689655,0.8134328358208955
male,0.7471264367816092,0.25287356321839083,0.05263157894736842,0.9473684210526315,0.9420289855072463,0.23404255319148937,0.057971014492753624,0.7659574468085106
