,Precison,FDR,FOR,NPV,Recall,FPR,FNR,TNR
neutral,1.0,0.0,0.007751937984496124,0.9922480620155039,0.9700854700854701,0.0,0.029914529914529916,1.0
female,0.9426229508196722,0.05737704918032787,0.001984126984126984,0.998015873015873,0.9829059829059829,0.006910167818361303,0.017094017094017096,0.9930898321816387
male,0.9923175416133163,0.0076824583866837385,0.011461318051575931,0.9885386819484241,0.9948652118100129,0.017094017094017096,0.005134788189987163,0.9829059829059829
