,Precison,FDR,FOR,NPV,Recall,FPR,FNR,TNR
neutral,0.0,0.0,0.0,1.0,0.0,0.0,0.0,1.0
female,0.9696969696969697,0.030303030303030304,0.10256410256410256,0.8974358974358975,0.8888888888888888,0.027777777777777776,0.1111111111111111,0.9722222222222222
male,0.8974358974358975,0.10256410256410256,0.030303030303030304,0.9696969696969697,0.9722222222222222,0.1111111111111111,0.027777777777777776,0.8888888888888888
