,bing,google
GLEU,0.7500136698183878,0.9204747932252761
