,Precison,FDR,FOR,NPV,Recall,FPR,FNR,TNR
neutral,1.0,0.0,0.12903225806451613,0.8709677419354839,0.30434782608695654,0.0,0.6956521739130435,1.0
female,0.7674418604651163,0.23255813953488372,0.03409090909090909,0.9659090909090909,0.9166666666666666,0.10526315789473684,0.08333333333333333,0.8947368421052632
male,0.8641975308641975,0.13580246913580246,0.04,0.96,0.9722222222222222,0.1864406779661017,0.027777777777777776,0.8135593220338984
