,bing,google
Accuracy,0.6993865030674846,0.7116564417177914
F1-score,0.6685017880670054,0.6796624784429662
