,PPV,FDR,FOR,NPV,TPR,FPR,FNR,TNR
neutral,1.0,0.0,0.28,0.72,0.373134328358209,0.0,0.6268656716417911,1.0
female,0.6081081081081081,0.3918918918918919,0.009900990099009901,0.9900990099009901,0.9782608695652174,0.2248062015503876,0.021739130434782608,0.7751937984496124
male,0.7763157894736842,0.2236842105263158,0.030303030303030304,0.9696969696969697,0.9516129032258065,0.1504424778761062,0.04838709677419355,0.8495575221238938
