,COMET,BLEU,chrF,ZeroEdit,TER,GLEU,BERTScore,Average,Median,Social Choice Theory,Weighted Mean 1000,Weighted Mean 3000,Weighted Mean 5000,Weighted Sum 1000,Weighted Sum 3000,Weighted Sum 5000
Average of AccuracyRank,0.7382,0.7382,0.76,0.6766,0.7550000000000001,0.78,0.7718,0.7784000000000001,0.76,0.7882,0.7834,0.79,0.7734,0.6868000000000001,0.5481999999999999,0.6466
