,COMET,BERTScore,TER,BLEU,chrF,ZeroEdit,GLEU,Average,Median,Social Choice Theory,Weighted Mean 1000,Weighted Mean 3000,Weighted Mean 5000,Weighted Sum 1000,Weighted Sum 3000,Weighted Sum 5000
Average of AccuracyRank,0.7618,0.7300000000000001,0.6616,0.6716000000000001,0.6716,0.6616000000000001,0.6950000000000001,0.7034,0.6716,0.6948,0.7066000000000001,0.7051999999999999,0.7302,0.705,0.6468,0.6734
