,bing,google
Demographic-Parity,0.023219814241486114,0.01754385964912286
Accuracy,0.96,0.992
Precision,0.9604037267080745,0.9927536231884058
Recall,0.9589783281733746,0.9912280701754386
F1-score,0.9596279310122084,0.9919255862024418
