,Precison,FDR,FOR,NPV,Recall,FPR,FNR,TNR
neutral,1.0,0.0,0.00022935779816513763,0.9997706422018349,0.995260663507109,0.0,0.004739336492890996,1.0
female,0.9586170770036668,0.04138292299633316,0.04021044720030064,0.9597895527996994,0.9447599380485286,0.030003797949107482,0.055240061951471346,0.9699962020508925
male,0.9563443492452061,0.04365565075479396,0.03680981595092025,0.9631901840490797,0.967795210569777,0.04981378026070764,0.03220478943022296,0.9501862197392924
