,bing,google
Demographic-Parity,0.7680555555555556,0.7805555555555556
Accuracy,0.8044692737430168,0.8044692737430168
Precision,0.862483553377796,0.8624287992709045
Recall,0.7031084656084657,0.701984126984127
F1-score,0.6869417427628909,0.6866223698781839
