,bleu_bestmbr,bleurt_bestmbr,chrf_bestmbr,comet_bestmbr,JDExploreAcademy,Lan-Bridge,M2M100_1.2B-B4,Online-A,Online-B,Online-G,Online-W,Online-Y,OpenNMT,PROMT,QUARTZ_TuneReranking,refA,refB
COMET,0.6982207914702748,0.7114363619490057,0.7110388731643603,0.7040263841559818,0.6891970909883707,0.688576099845727,0.4261382447530646,0.6938607481381401,0.6856959682825784,0.6623615952899433,0.6975813437030027,0.6383283285680035,0.6884649831374476,0.6254321184742442,0.5954077804743982,1.6688579219924518,0.759263277272232
BLEU,0.43715201904610196,0.3854838750083283,0.42521268000767515,0.39011523897475847,0.407824025657329,0.40615212573931136,0.3231006441095286,0.40267140542631985,0.42833355680610097,0.3980775776693141,0.40893308537015377,0.3999043742432356,0.3892309856881102,0.3937123088037077,0.3461226466181394,1.0000000000000004,0.3890035426149976
chrF,0.6794439314901026,0.6538270044407222,0.6870172785666597,0.6526459783154174,0.6657780195183036,0.6728502754659048,0.5828985366694456,0.6703149121773704,0.6774574831517731,0.6593195948979911,0.6651737519913129,0.6587995190275453,0.6418204330806684,0.6460133013471444,0.6192617657767681,1.0,0.6548360269396931
ZeroEdit,0.049586776859504134,0.05371900826446281,0.05578512396694215,0.05165289256198347,0.05165289256198347,0.045454545454545456,0.024793388429752067,0.05578512396694215,0.049586776859504134,0.030991735537190084,0.05785123966942149,0.0371900826446281,0.10330578512396695,0.06198347107438017,0.030991735537190084,1.0,0.0743801652892562
TER,0.4490749056942698,0.5119453924914675,0.4562601041853781,0.49182683671636424,0.47601940003592597,0.4670379019220406,0.5670917909107239,0.4850008981498114,0.46362493263876414,0.48536015807436683,0.47601940003592597,0.5088916831327466,0.5128435423028561,0.5047601940003592,0.5843362672893838,0.0,0.4997305550565834
GLEU,0.7365848117166942,0.7158646833351309,0.73825777944502,0.718201914397935,0.7308663453781865,0.7328036509052401,0.6327736881004979,0.7334838034745776,0.733246543189514,0.7264611120569117,0.7289778552523726,0.7092825371498216,0.7140501025987736,0.7117010749753097,0.6930524130208808,1.0,0.7366874714282687
BERTScore,0.8897864099376458,0.8848342003901143,0.8904662911803269,0.8831059320652781,0.8887895686813623,0.8872076577145206,0.8548308344911938,0.8875016714176855,0.8894449503214892,0.8863665593310821,0.8860249306298484,0.879765329528446,0.8833535234790203,0.8820682814544882,0.8738233534511456,1.000000002832452,0.890504627065225
