,PPV,FDR,FOR,NPV,TPR,FPR,FNR,TNR
neutral,1.0,0.0,0.008797653958944282,0.9912023460410557,0.963963963963964,0.0,0.036036036036036036,1.0
female,0.9656862745098039,0.03431372549019608,0.002025658338960162,0.9979743416610398,0.985,0.0047138047138047135,0.015,0.9952861952861953
male,0.9905172413793103,0.009482758620689655,0.005714285714285714,0.9942857142857143,0.9973958333333334,0.020637898686679174,0.0026041666666666665,0.9793621013133208
