,PPV,FDR,FOR,NPV,TPR,FPR,FNR,TNR
neutral,0.0,0.0,0.0,1.0,0.0,0.0,0.0,1.0
female,0.9983753046303818,0.0016246953696181965,0.0058953574060427415,0.9941046425939573,0.9935327405012127,0.0014803849000740192,0.0064672594987873885,0.9985196150999259
male,0.9941046425939573,0.0058953574060427415,0.0016246953696181965,0.9983753046303818,0.9985196150999259,0.0064672594987873885,0.0014803849000740192,0.9935327405012127
