,PPV,FDR,FOR,NPV,TPR,FPR,FNR,TNR
neutral,1.0,0.0,0.12643678160919541,0.8735632183908046,0.45,0.0,0.55,1.0
female,0.9069767441860465,0.09302325581395349,0.03773584905660377,0.9622641509433962,0.9512195121951219,0.07272727272727272,0.04878048780487805,0.9272727272727272
male,0.7954545454545454,0.20454545454545456,0.0,1.0,1.0,0.14754098360655737,0.0,0.8524590163934426
