,bing,google
Accuracy,0.7255813953488373,0.6930232558139535
F1-score,0.7174995313085866,0.6869045250332749
