{
    "system_accuracy": 0.6916666666666667,
    "spearman": 0.4768213211412608,
    "pearson": 0.19094425715272065,
    "kendall": 0.3765723339400754,
    "languages_pair": "en-de",
    "domain": "news",
    "reference": "en-de.refB.txt-news",
    "system_names": [
        "Online-B",
        "bleurt_bestmbr",
        "M2M100_1.2B-B4",
        "Online-G",
        "PROMT",
        "Online-W",
        "OpenNMT",
        "Lan-Bridge",
        "refA",
        "Online-A",
        "refB",
        "QUARTZ_TuneReranking",
        "Online-Y",
        "bleu_bestmbr",
        "comet_bestmbr",
        "JDExploreAcademy"
    ],
    "human_scores_file": "data/wmt22//en-de/human-scores/en-de.mqm.domain.score",
    "human_scores": {
        "Online-B": -1.4349999999999998,
        "bleurt_bestmbr": -1.553666666666667,
        "M2M100_1.2B-B4": -3.4640000000000017,
        "Online-G": -1.7820000000000016,
        "PROMT": -2.414333333333334,
        "Online-W": -0.9479999999999997,
        "OpenNMT": -1.9773333333333332,
        "Lan-Bridge": -2.4250000000000007,
        "refA": -0.965,
        "Online-A": -1.4,
        "refB": -1.380333333333333,
        "QUARTZ_TuneReranking": -1.8520000000000005,
        "Online-Y": -1.9943333333333335,
        "bleu_bestmbr": -1.291,
        "comet_bestmbr": -1.4,
        "JDExploreAcademy": -1.3596666666666668
    },
    "metric_scores_file": "data/wmt22//en-de/domains/news/nlp-telescope-scores/en-de-news/en-de.refB.txt-news/universal_metrics/average_ranks_systems.csv",
    "metric_scores": {
        "Online-B": 0.5199572407735559,
        "bleurt_bestmbr": 0.5058629776127248,
        "M2M100_1.2B-B4": 0.4915845651875674,
        "Online-G": 0.5136440982076387,
        "PROMT": 0.5114921794491994,
        "Online-W": 0.5137753256295118,
        "OpenNMT": 0.5123834129804439,
        "Lan-Bridge": 0.5000615463433148,
        "refA": 0.4988392379768118,
        "Online-A": 0.5172071985148776,
        "refB": 0.9048220541245916,
        "QUARTZ_TuneReranking": 0.5030937831576378,
        "Online-Y": 0.5171966877349098,
        "bleu_bestmbr": 0.5206589697659906,
        "comet_bestmbr": 0.5066223088561206,
        "JDExploreAcademy": 0.5236554871771785
    }
}