{
    "system_accuracy": 0.6583333333333333,
    "spearman": 0.4135394791379453,
    "pearson": 0.22113833171252056,
    "kendall": 0.3096261412396175,
    "languages_pair": "en-de",
    "domain": "news",
    "reference": "en-de.refB.txt-news",
    "system_names": [
        "Online-B",
        "bleurt_bestmbr",
        "M2M100_1.2B-B4",
        "Online-G",
        "PROMT",
        "Online-W",
        "OpenNMT",
        "Lan-Bridge",
        "refA",
        "Online-A",
        "refB",
        "QUARTZ_TuneReranking",
        "Online-Y",
        "bleu_bestmbr",
        "comet_bestmbr",
        "JDExploreAcademy"
    ],
    "human_scores_file": "data/wmt22//en-de/human-scores/en-de.mqm.domain.score",
    "human_scores": {
        "Online-B": -1.4349999999999998,
        "bleurt_bestmbr": -1.553666666666667,
        "M2M100_1.2B-B4": -3.4640000000000017,
        "Online-G": -1.7820000000000016,
        "PROMT": -2.414333333333334,
        "Online-W": -0.9479999999999997,
        "OpenNMT": -1.9773333333333332,
        "Lan-Bridge": -2.4250000000000007,
        "refA": -0.965,
        "Online-A": -1.4,
        "refB": -1.380333333333333,
        "QUARTZ_TuneReranking": -1.8520000000000005,
        "Online-Y": -1.9943333333333335,
        "bleu_bestmbr": -1.291,
        "comet_bestmbr": -1.4,
        "JDExploreAcademy": -1.3596666666666668
    },
    "metric_scores_file": "data/wmt22//en-de/domains/news/nlp-telescope-scores/en-de-news/en-de.refB.txt-news/results.csv",
    "metric_scores": {
        "Online-B": 0.8871411299752162,
        "bleurt_bestmbr": 0.873598641262129,
        "M2M100_1.2B-B4": 0.8697215189205924,
        "Online-G": 0.8805122583113071,
        "PROMT": 0.8821460984924302,
        "Online-W": 0.8784518930076853,
        "OpenNMT": 0.8823795599713484,
        "Lan-Bridge": 0.8719950462973981,
        "refA": 0.8749532165359377,
        "Online-A": 0.8835450227713165,
        "refB": 0.9999999956842038,
        "QUARTZ_TuneReranking": 0.8721855213964056,
        "Online-Y": 0.8843620854581172,
        "bleu_bestmbr": 0.8870346213740146,
        "comet_bestmbr": 0.8758798815499547,
        "JDExploreAcademy": 0.8889397963619046
    }
}