{
    "system_accuracy": 0.5583333333333333,
    "spearman": 0.12803535475089411,
    "pearson": 0.16279560707595303,
    "kendall": 0.108787563138244,
    "languages_pair": "en-de",
    "domain": "news",
    "reference": "en-de.refB.txt-news",
    "system_names": [
        "Online-B",
        "bleurt_bestmbr",
        "M2M100_1.2B-B4",
        "Online-G",
        "PROMT",
        "Online-W",
        "OpenNMT",
        "Lan-Bridge",
        "refA",
        "Online-A",
        "refB",
        "QUARTZ_TuneReranking",
        "Online-Y",
        "bleu_bestmbr",
        "comet_bestmbr",
        "JDExploreAcademy"
    ],
    "human_scores_file": "data/wmt22//en-de/human-scores/en-de.mqm.domain.score",
    "human_scores": {
        "Online-B": -1.4349999999999998,
        "bleurt_bestmbr": -1.553666666666667,
        "M2M100_1.2B-B4": -3.4640000000000017,
        "Online-G": -1.7820000000000016,
        "PROMT": -2.414333333333334,
        "Online-W": -0.9479999999999997,
        "OpenNMT": -1.9773333333333332,
        "Lan-Bridge": -2.4250000000000007,
        "refA": -0.965,
        "Online-A": -1.4,
        "refB": -1.380333333333333,
        "QUARTZ_TuneReranking": -1.8520000000000005,
        "Online-Y": -1.9943333333333335,
        "bleu_bestmbr": -1.291,
        "comet_bestmbr": -1.4,
        "JDExploreAcademy": -1.3596666666666668
    },
    "metric_scores_file": "data/wmt22//en-de/domains/news/nlp-telescope-scores/en-de-news/en-de.refB.txt-news/results.csv",
    "metric_scores": {
        "Online-B": 0.3701173667275595,
        "bleurt_bestmbr": 0.3116592471997335,
        "M2M100_1.2B-B4": 0.3149208402445999,
        "Online-G": 0.3499483481301274,
        "PROMT": 0.3576156711956491,
        "Online-W": 0.3352134662541629,
        "OpenNMT": 0.3599644391683804,
        "Lan-Bridge": 0.3363985626976769,
        "refA": 0.3100588306427841,
        "Online-A": 0.3599497942250885,
        "refB": 1.0000000000000004,
        "QUARTZ_TuneReranking": 0.3157311826936608,
        "Online-Y": 0.3620230142691336,
        "bleu_bestmbr": 0.3729603804438565,
        "comet_bestmbr": 0.3074243911923817,
        "JDExploreAcademy": 0.3838805015152502
    }
}