{
    "system_accuracy": 0.5833333333333334,
    "spearman": 0.22516562387226202,
    "pearson": 0.17993250628625124,
    "kendall": 0.15899720766358738,
    "languages_pair": "en-de",
    "domain": "news",
    "reference": "en-de.refB.txt-news",
    "system_names": [
        "Online-B",
        "bleurt_bestmbr",
        "M2M100_1.2B-B4",
        "Online-G",
        "PROMT",
        "Online-W",
        "OpenNMT",
        "Lan-Bridge",
        "refA",
        "Online-A",
        "refB",
        "QUARTZ_TuneReranking",
        "Online-Y",
        "bleu_bestmbr",
        "comet_bestmbr",
        "JDExploreAcademy"
    ],
    "human_scores_file": "data/wmt22//en-de/human-scores/en-de.mqm.domain.score",
    "human_scores": {
        "Online-B": -1.4349999999999998,
        "bleurt_bestmbr": -1.553666666666667,
        "M2M100_1.2B-B4": -3.4640000000000017,
        "Online-G": -1.7820000000000016,
        "PROMT": -2.414333333333334,
        "Online-W": -0.9479999999999997,
        "OpenNMT": -1.9773333333333332,
        "Lan-Bridge": -2.4250000000000007,
        "refA": -0.965,
        "Online-A": -1.4,
        "refB": -1.380333333333333,
        "QUARTZ_TuneReranking": -1.8520000000000005,
        "Online-Y": -1.9943333333333335,
        "bleu_bestmbr": -1.291,
        "comet_bestmbr": -1.4,
        "JDExploreAcademy": -1.3596666666666668
    },
    "metric_scores_file": "data/wmt22//en-de/domains/news/nlp-telescope-scores/en-de-news/en-de.refB.txt-news/results.csv",
    "metric_scores": {
        "Online-B": 0.6425431243632204,
        "bleurt_bestmbr": 0.610304032108592,
        "M2M100_1.2B-B4": 0.6010580634409352,
        "Online-G": 0.6308586267416146,
        "PROMT": 0.6321549107962251,
        "Online-W": 0.6289218198509362,
        "OpenNMT": 0.630004825962478,
        "Lan-Bridge": 0.6339374064242225,
        "refA": 0.6019532553757996,
        "Online-A": 0.6405928025385115,
        "refB": 1.0,
        "QUARTZ_TuneReranking": 0.6099304829362535,
        "Online-Y": 0.6348556912134065,
        "bleu_bestmbr": 0.6419307031422139,
        "comet_bestmbr": 0.6103818327994629,
        "JDExploreAcademy": 0.6483017483271186
    }
}