{
    "system_accuracy": 0.75,
    "spearman": 0.5798382732396813,
    "pearson": 0.23583537082805128,
    "kendall": 0.4937281711658766,
    "languages_pair": "en-de",
    "domain": "news",
    "reference": "en-de.refB.txt-news",
    "system_names": [
        "Online-B",
        "bleurt_bestmbr",
        "M2M100_1.2B-B4",
        "Online-G",
        "PROMT",
        "Online-W",
        "OpenNMT",
        "Lan-Bridge",
        "refA",
        "Online-A",
        "refB",
        "QUARTZ_TuneReranking",
        "Online-Y",
        "bleu_bestmbr",
        "comet_bestmbr",
        "JDExploreAcademy"
    ],
    "human_scores_file": "data/wmt22//en-de/human-scores/en-de.mqm.domain.score",
    "human_scores": {
        "Online-B": -1.4349999999999998,
        "bleurt_bestmbr": -1.553666666666667,
        "M2M100_1.2B-B4": -3.4640000000000017,
        "Online-G": -1.7820000000000016,
        "PROMT": -2.414333333333334,
        "Online-W": -0.9479999999999997,
        "OpenNMT": -1.9773333333333332,
        "Lan-Bridge": -2.4250000000000007,
        "refA": -0.965,
        "Online-A": -1.4,
        "refB": -1.380333333333333,
        "QUARTZ_TuneReranking": -1.8520000000000005,
        "Online-Y": -1.9943333333333335,
        "bleu_bestmbr": -1.291,
        "comet_bestmbr": -1.4,
        "JDExploreAcademy": -1.3596666666666668
    },
    "metric_scores_file": "data/wmt22//en-de/domains/news/nlp-telescope-scores/en-de-news/en-de.refB.txt-news/results.csv",
    "metric_scores": {
        "Online-B": 0.508508970417855,
        "bleurt_bestmbr": 0.4850853540134523,
        "M2M100_1.2B-B4": 0.4125788680791724,
        "Online-G": 0.4910988233447687,
        "PROMT": 0.4724092749302838,
        "Online-W": 0.4976305913074405,
        "OpenNMT": 0.4793061927332745,
        "Lan-Bridge": 0.4296361691010441,
        "refA": 0.4466673426636278,
        "Online-A": 0.5030957039294367,
        "refB": 1.333754383187938,
        "QUARTZ_TuneReranking": 0.4760439326483647,
        "Online-Y": 0.5049949374428992,
        "bleu_bestmbr": 0.5138115133423132,
        "comet_bestmbr": 0.4956578444470806,
        "JDExploreAcademy": 0.5135699164645414
    }
}