{
    "system_accuracy": 0.65,
    "spearman": 0.38410606425268223,
    "pearson": 0.1921604667900247,
    "kendall": 0.2928895930645031,
    "languages_pair": "en-de",
    "domain": "news",
    "reference": "en-de.refB.txt-news",
    "system_names": [
        "Online-B",
        "bleurt_bestmbr",
        "M2M100_1.2B-B4",
        "Online-G",
        "PROMT",
        "Online-W",
        "OpenNMT",
        "Lan-Bridge",
        "refA",
        "Online-A",
        "refB",
        "QUARTZ_TuneReranking",
        "Online-Y",
        "bleu_bestmbr",
        "comet_bestmbr",
        "JDExploreAcademy"
    ],
    "human_scores_file": "data/wmt22//en-de/human-scores/en-de.mqm.domain.score",
    "human_scores": {
        "Online-B": -1.4349999999999998,
        "bleurt_bestmbr": -1.553666666666667,
        "M2M100_1.2B-B4": -3.4640000000000017,
        "Online-G": -1.7820000000000016,
        "PROMT": -2.414333333333334,
        "Online-W": -0.9479999999999997,
        "OpenNMT": -1.9773333333333332,
        "Lan-Bridge": -2.4250000000000007,
        "refA": -0.965,
        "Online-A": -1.4,
        "refB": -1.380333333333333,
        "QUARTZ_TuneReranking": -1.8520000000000005,
        "Online-Y": -1.9943333333333335,
        "bleu_bestmbr": -1.291,
        "comet_bestmbr": -1.4,
        "JDExploreAcademy": -1.3596666666666668
    },
    "metric_scores_file": "data/wmt22//en-de/domains/news/nlp-telescope-scores/en-de-news/en-de.refB.txt-news/results.csv",
    "metric_scores": {
        "Online-B": 0.7185373443557187,
        "bleurt_bestmbr": 0.6883017011101394,
        "M2M100_1.2B-B4": 0.6840011228507807,
        "Online-G": 0.7088371031402144,
        "PROMT": 0.7088134154206186,
        "Online-W": 0.7044576754450577,
        "OpenNMT": 0.70382051526418,
        "Lan-Bridge": 0.7031032798655011,
        "refA": 0.689087891249137,
        "Online-A": 0.7139353018514432,
        "refB": 1.0,
        "QUARTZ_TuneReranking": 0.6874083908996951,
        "Online-Y": 0.7114875435407776,
        "bleu_bestmbr": 0.7180300900910135,
        "comet_bestmbr": 0.6946868714418551,
        "JDExploreAcademy": 0.7210888680181052
    }
}