{
    "system_accuracy": 0.5583333333333333,
    "spearman": 0.13245036698368357,
    "pearson": 0.1463433016548513,
    "kendall": 0.12552411131335847,
    "languages_pair": "en-de",
    "domain": "news",
    "reference": "en-de.refB.txt-news",
    "system_names": [
        "Online-B",
        "bleurt_bestmbr",
        "M2M100_1.2B-B4",
        "Online-G",
        "PROMT",
        "Online-W",
        "OpenNMT",
        "Lan-Bridge",
        "refA",
        "Online-A",
        "refB",
        "QUARTZ_TuneReranking",
        "Online-Y",
        "bleu_bestmbr",
        "comet_bestmbr",
        "JDExploreAcademy"
    ],
    "human_scores_file": "data/wmt22//en-de/human-scores/en-de.mqm.domain.score",
    "human_scores": {
        "Online-B": -1.4349999999999998,
        "bleurt_bestmbr": -1.553666666666667,
        "M2M100_1.2B-B4": -3.4640000000000017,
        "Online-G": -1.7820000000000016,
        "PROMT": -2.414333333333334,
        "Online-W": -0.9479999999999997,
        "OpenNMT": -1.9773333333333332,
        "Lan-Bridge": -2.4250000000000007,
        "refA": -0.965,
        "Online-A": -1.4,
        "refB": -1.380333333333333,
        "QUARTZ_TuneReranking": -1.8520000000000005,
        "Online-Y": -1.9943333333333335,
        "bleu_bestmbr": -1.291,
        "comet_bestmbr": -1.4,
        "JDExploreAcademy": -1.3596666666666668
    },
    "metric_scores_file": "data/wmt22//en-de/domains/news/nlp-telescope-scores/en-de-news/en-de.refB.txt-news/universal_metrics/median_ranks_systems.csv",
    "metric_scores": {
        "Online-B": 0.508508970417855,
        "bleurt_bestmbr": 0.5681779732701743,
        "M2M100_1.2B-B4": 0.5548976484520386,
        "Online-G": 0.5205548976484521,
        "PROMT": 0.5155642023346303,
        "Online-W": 0.54001015056674,
        "OpenNMT": 0.5175097276264592,
        "Lan-Bridge": 0.5136186770428015,
        "refA": 0.5613263407206902,
        "Online-A": 0.5115039756386398,
        "refB": 1.0,
        "QUARTZ_TuneReranking": 0.5525291828793775,
        "Online-Y": 0.5109118592454746,
        "bleu_bestmbr": 0.5138115133423132,
        "comet_bestmbr": 0.5505836575875487,
        "JDExploreAcademy": 0.5135699164645414
    }
}