{
    "system_accuracy": 0.6416666666666667,
    "spearman": 0.34437095415757724,
    "pearson": 0.18969776068117172,
    "kendall": 0.2761530448893886,
    "languages_pair": "en-de",
    "domain": "news",
    "reference": "en-de.refB.txt-news",
    "system_names": [
        "Online-B",
        "bleurt_bestmbr",
        "M2M100_1.2B-B4",
        "Online-G",
        "PROMT",
        "Online-W",
        "OpenNMT",
        "Lan-Bridge",
        "refA",
        "Online-A",
        "refB",
        "QUARTZ_TuneReranking",
        "Online-Y",
        "bleu_bestmbr",
        "comet_bestmbr",
        "JDExploreAcademy"
    ],
    "human_scores_file": "data/wmt22//en-de/human-scores/en-de.mqm.domain.score",
    "human_scores": {
        "Online-B": -1.4349999999999998,
        "bleurt_bestmbr": -1.553666666666667,
        "M2M100_1.2B-B4": -3.4640000000000017,
        "Online-G": -1.7820000000000016,
        "PROMT": -2.414333333333334,
        "Online-W": -0.9479999999999997,
        "OpenNMT": -1.9773333333333332,
        "Lan-Bridge": -2.4250000000000007,
        "refA": -0.965,
        "Online-A": -1.4,
        "refB": -1.380333333333333,
        "QUARTZ_TuneReranking": -1.8520000000000005,
        "Online-Y": -1.9943333333333335,
        "bleu_bestmbr": -1.291,
        "comet_bestmbr": -1.4,
        "JDExploreAcademy": -1.3596666666666668
    },
    "metric_scores_file": "data/wmt22//en-de/domains/news/nlp-telescope-scores/en-de-news/en-de.refB.txt-news/universal_metrics/weighted_mean/weighted-mean-seed-12_0_1_TER_ranks_systems.csv",
    "metric_scores": {
        "Online-B": 0.3061551652469476,
        "bleurt_bestmbr": 0.2829783039489176,
        "M2M100_1.2B-B4": 0.2719315804907082,
        "Online-G": 0.297224100645036,
        "PROMT": 0.2954355434352907,
        "Online-W": 0.294405891837275,
        "OpenNMT": 0.2954460940204623,
        "Lan-Bridge": 0.2875133943634025,
        "refA": 0.2777172162251691,
        "Online-A": 0.3019779225979734,
        "refB": 0.680220681851873,
        "QUARTZ_TuneReranking": 0.2835564850601568,
        "Online-Y": 0.3016697195428336,
        "bleu_bestmbr": 0.3078179251888012,
        "comet_bestmbr": 0.2882462098745705,
        "JDExploreAcademy": 0.3088102639946221
    }
}