{
    "system_accuracy": 0.6916666666666667,
    "spearman": 0.5239147849576816,
    "pearson": 0.4006406663372268,
    "kendall": 0.39330888211518983,
    "languages_pair": "en-de",
    "domain": "news",
    "reference": "en-de.refB.txt-news",
    "system_names": [
        "Online-B",
        "bleurt_bestmbr",
        "M2M100_1.2B-B4",
        "Online-G",
        "PROMT",
        "Online-W",
        "OpenNMT",
        "Lan-Bridge",
        "refA",
        "Online-A",
        "refB",
        "QUARTZ_TuneReranking",
        "Online-Y",
        "bleu_bestmbr",
        "comet_bestmbr",
        "JDExploreAcademy"
    ],
    "human_scores_file": "data/wmt22//en-de/human-scores/en-de.mqm.domain.score",
    "human_scores": {
        "Online-B": -1.4349999999999998,
        "bleurt_bestmbr": -1.553666666666667,
        "M2M100_1.2B-B4": -3.4640000000000017,
        "Online-G": -1.7820000000000016,
        "PROMT": -2.414333333333334,
        "Online-W": -0.9479999999999997,
        "OpenNMT": -1.9773333333333332,
        "Lan-Bridge": -2.4250000000000007,
        "refA": -0.965,
        "Online-A": -1.4,
        "refB": -1.380333333333333,
        "QUARTZ_TuneReranking": -1.8520000000000005,
        "Online-Y": -1.9943333333333335,
        "bleu_bestmbr": -1.291,
        "comet_bestmbr": -1.4,
        "JDExploreAcademy": -1.3596666666666668
    },
    "metric_scores_file": "data/wmt22//en-de/domains/news/nlp-telescope-scores/en-de-news/en-de.refB.txt-news/universal_metrics/weighted_mean/weighted-mean-seed-36_-1_1_ranks_systems.csv",
    "metric_scores": {
        "Online-B": -0.0164154036551631,
        "bleurt_bestmbr": -0.0100785155273792,
        "M2M100_1.2B-B4": -0.0183541608178406,
        "Online-G": -0.0152426632657042,
        "PROMT": -0.0178938437205763,
        "Online-W": -0.0127900751615905,
        "OpenNMT": -0.0167642340823347,
        "Lan-Bridge": -0.0237483635322555,
        "refA": -0.0144666783739193,
        "Online-A": -0.0156985845436608,
        "refB": 0.0060287265385568,
        "QUARTZ_TuneReranking": -0.0126266435774165,
        "Online-Y": -0.0149087305998323,
        "bleu_bestmbr": -0.0163034118183929,
        "comet_bestmbr": -0.0112685717653646,
        "JDExploreAcademy": -0.0161670474351862
    }
}