{
    "system_accuracy": 0.6916666666666667,
    "spearman": 0.5209714434691554,
    "pearson": 0.5280459218187694,
    "kendall": 0.39330888211518983,
    "languages_pair": "en-de",
    "domain": "news",
    "reference": "en-de.refB.txt-news",
    "system_names": [
        "Online-B",
        "bleurt_bestmbr",
        "M2M100_1.2B-B4",
        "Online-G",
        "PROMT",
        "Online-W",
        "OpenNMT",
        "Lan-Bridge",
        "refA",
        "Online-A",
        "refB",
        "QUARTZ_TuneReranking",
        "Online-Y",
        "bleu_bestmbr",
        "comet_bestmbr",
        "JDExploreAcademy"
    ],
    "human_scores_file": "data/wmt22//en-de/human-scores/en-de.mqm.domain.score",
    "human_scores": {
        "Online-B": -1.4349999999999998,
        "bleurt_bestmbr": -1.553666666666667,
        "M2M100_1.2B-B4": -3.4640000000000017,
        "Online-G": -1.7820000000000016,
        "PROMT": -2.414333333333334,
        "Online-W": -0.9479999999999997,
        "OpenNMT": -1.9773333333333332,
        "Lan-Bridge": -2.4250000000000007,
        "refA": -0.965,
        "Online-A": -1.4,
        "refB": -1.380333333333333,
        "QUARTZ_TuneReranking": -1.8520000000000005,
        "Online-Y": -1.9943333333333335,
        "bleu_bestmbr": -1.291,
        "comet_bestmbr": -1.4,
        "JDExploreAcademy": -1.3596666666666668
    },
    "metric_scores_file": "data/wmt22//en-de/domains/news/nlp-telescope-scores/en-de-news/en-de.refB.txt-news/universal_metrics/weighted_mean/weighted-mean-seed-12_-1_1_ranks_systems.csv",
    "metric_scores": {
        "Online-B": 0.2407698417261539,
        "bleurt_bestmbr": 0.2461871920429143,
        "M2M100_1.2B-B4": 0.2346255415911478,
        "Online-G": 0.240758726781614,
        "PROMT": 0.2377440419722339,
        "Online-W": 0.2438340025768897,
        "OpenNMT": 0.2388899537567199,
        "Lan-Bridge": 0.2294495842896337,
        "refA": 0.2409625037864426,
        "Online-A": 0.2411741668131441,
        "refB": 0.2607926703951105,
        "QUARTZ_TuneReranking": 0.242565632586244,
        "Online-Y": 0.2418344700418682,
        "bleu_bestmbr": 0.2406429435827481,
        "comet_bestmbr": 0.2457125301322241,
        "JDExploreAcademy": 0.2409920926734862
    }
}