{
    "system_accuracy": 0.7083333333333334,
    "spearman": 0.5518765290986815,
    "pearson": 0.2700750780493151,
    "kendall": 0.4267819784654187,
    "languages_pair": "en-de",
    "domain": "news",
    "reference": "en-de.refB.txt-news",
    "system_names": [
        "Online-B",
        "bleurt_bestmbr",
        "M2M100_1.2B-B4",
        "Online-G",
        "PROMT",
        "Online-W",
        "OpenNMT",
        "Lan-Bridge",
        "refA",
        "Online-A",
        "refB",
        "QUARTZ_TuneReranking",
        "Online-Y",
        "bleu_bestmbr",
        "comet_bestmbr",
        "JDExploreAcademy"
    ],
    "human_scores_file": "data/wmt22//en-de/human-scores/en-de.mqm.domain.score",
    "human_scores": {
        "Online-B": -1.4349999999999998,
        "bleurt_bestmbr": -1.553666666666667,
        "M2M100_1.2B-B4": -3.4640000000000017,
        "Online-G": -1.7820000000000016,
        "PROMT": -2.414333333333334,
        "Online-W": -0.9479999999999997,
        "OpenNMT": -1.9773333333333332,
        "Lan-Bridge": -2.4250000000000007,
        "refA": -0.965,
        "Online-A": -1.4,
        "refB": -1.380333333333333,
        "QUARTZ_TuneReranking": -1.8520000000000005,
        "Online-Y": -1.9943333333333335,
        "bleu_bestmbr": -1.291,
        "comet_bestmbr": -1.4,
        "JDExploreAcademy": -1.3596666666666668
    },
    "metric_scores_file": "data/wmt22//en-de/domains/news/nlp-telescope-scores/en-de-news/en-de.refB.txt-news/universal_metrics/weighted_mean/weighted-mean-seed-24_-1_1_ranks_systems.csv",
    "metric_scores": {
        "Online-B": 0.15196953962313,
        "bleurt_bestmbr": 0.1583146478717028,
        "M2M100_1.2B-B4": 0.1475489417656343,
        "Online-G": 0.1528008459674244,
        "PROMT": 0.1494986470755633,
        "Online-W": 0.1559509104190317,
        "OpenNMT": 0.1506341009108473,
        "Lan-Bridge": 0.1426560269743852,
        "refA": 0.1535796386209362,
        "Online-A": 0.1523369502836342,
        "refB": 0.2269300021826263,
        "QUARTZ_TuneReranking": 0.155189867949461,
        "Online-Y": 0.1531721852942555,
        "bleu_bestmbr": 0.152105555160284,
        "comet_bestmbr": 0.1583819437287954,
        "JDExploreAcademy": 0.1518188352624294
    }
}