{
    "system_accuracy": 0.675,
    "spearman": 0.43119952806910306,
    "pearson": 0.19437952919368906,
    "kendall": 0.34309923758984645,
    "languages_pair": "en-de",
    "domain": "news",
    "reference": "en-de.refB.txt-news",
    "system_names": [
        "Online-B",
        "bleurt_bestmbr",
        "M2M100_1.2B-B4",
        "Online-G",
        "PROMT",
        "Online-W",
        "OpenNMT",
        "Lan-Bridge",
        "refA",
        "Online-A",
        "refB",
        "QUARTZ_TuneReranking",
        "Online-Y",
        "bleu_bestmbr",
        "comet_bestmbr",
        "JDExploreAcademy"
    ],
    "human_scores_file": "data/wmt22//en-de/human-scores/en-de.mqm.domain.score",
    "human_scores": {
        "Online-B": -1.4349999999999998,
        "bleurt_bestmbr": -1.553666666666667,
        "M2M100_1.2B-B4": -3.4640000000000017,
        "Online-G": -1.7820000000000016,
        "PROMT": -2.414333333333334,
        "Online-W": -0.9479999999999997,
        "OpenNMT": -1.9773333333333332,
        "Lan-Bridge": -2.4250000000000007,
        "refA": -0.965,
        "Online-A": -1.4,
        "refB": -1.380333333333333,
        "QUARTZ_TuneReranking": -1.8520000000000005,
        "Online-Y": -1.9943333333333335,
        "bleu_bestmbr": -1.291,
        "comet_bestmbr": -1.4,
        "JDExploreAcademy": -1.3596666666666668
    },
    "metric_scores_file": "data/wmt22//en-de/domains/news/nlp-telescope-scores/en-de-news/en-de.refB.txt-news/universal_metrics/weighted_mean/weighted-mean-seed-24_0_1_TER_ranks_systems.csv",
    "metric_scores": {
        "Online-B": 0.2778151958529676,
        "bleurt_bestmbr": 0.2662066015869225,
        "M2M100_1.2B-B4": 0.2543955319087084,
        "Online-G": 0.272625604798037,
        "PROMT": 0.270178864654026,
        "Online-W": 0.2724712236231072,
        "OpenNMT": 0.2709254240150351,
        "Lan-Bridge": 0.2626476568726649,
        "refA": 0.2605039982666307,
        "Online-A": 0.2754374957073823,
        "refB": 0.5732340738655187,
        "QUARTZ_TuneReranking": 0.2651824803750338,
        "Online-Y": 0.2755169628213552,
        "bleu_bestmbr": 0.278928580941726,
        "comet_bestmbr": 0.2691193220948731,
        "JDExploreAcademy": 0.2796301731979926
    }
}