{
    "system_accuracy": 0.6916666666666667,
    "spearman": 0.4915380285838923,
    "pearson": 0.1905226571915007,
    "kendall": 0.3765723339400754,
    "languages_pair": "en-de",
    "domain": "news",
    "reference": "en-de.refB.txt-news",
    "system_names": [
        "Online-B",
        "bleurt_bestmbr",
        "M2M100_1.2B-B4",
        "Online-G",
        "PROMT",
        "Online-W",
        "OpenNMT",
        "Lan-Bridge",
        "refA",
        "Online-A",
        "refB",
        "QUARTZ_TuneReranking",
        "Online-Y",
        "bleu_bestmbr",
        "comet_bestmbr",
        "JDExploreAcademy"
    ],
    "human_scores_file": "data/wmt22//en-de/human-scores/en-de.mqm.domain.score",
    "human_scores": {
        "Online-B": -1.4349999999999998,
        "bleurt_bestmbr": -1.553666666666667,
        "M2M100_1.2B-B4": -3.4640000000000017,
        "Online-G": -1.7820000000000016,
        "PROMT": -2.414333333333334,
        "Online-W": -0.9479999999999997,
        "OpenNMT": -1.9773333333333332,
        "Lan-Bridge": -2.4250000000000007,
        "refA": -0.965,
        "Online-A": -1.4,
        "refB": -1.380333333333333,
        "QUARTZ_TuneReranking": -1.8520000000000005,
        "Online-Y": -1.9943333333333335,
        "bleu_bestmbr": -1.291,
        "comet_bestmbr": -1.4,
        "JDExploreAcademy": -1.3596666666666668
    },
    "metric_scores_file": "data/wmt22//en-de/domains/news/nlp-telescope-scores/en-de-news/en-de.refB.txt-news/universal_metrics/weighted_mean/weighted-mean-seed-36_0_1_TER_ranks_systems.csv",
    "metric_scores": {
        "Online-B": 0.2390823083190716,
        "bleurt_bestmbr": 0.2301358888969294,
        "M2M100_1.2B-B4": 0.2197987776759918,
        "Online-G": 0.2350067834696184,
        "PROMT": 0.2325919910654363,
        "Online-W": 0.2348596968133573,
        "OpenNMT": 0.2335448330888387,
        "Lan-Bridge": 0.2249849100130403,
        "refA": 0.225798374943012,
        "Online-A": 0.2366456270554027,
        "refB": 0.5272058400223109,
        "QUARTZ_TuneReranking": 0.2293112901524749,
        "Online-Y": 0.2374198402171421,
        "bleu_bestmbr": 0.2403255798622398,
        "comet_bestmbr": 0.2332790464792483,
        "JDExploreAcademy": 0.2403306492083253
    }
}