{
    "system_accuracy": 0.6083333333333333,
    "spearman": 0.285592671997601,
    "pearson": 0.15012246148383085,
    "kendall": 0.22917462425705284,
    "languages_pair": "en-de",
    "domain": "news",
    "reference": "en-de.refB.txt-news",
    "system_names": [
        "Online-B",
        "bleurt_bestmbr",
        "M2M100_1.2B-B4",
        "Online-G",
        "PROMT",
        "Online-W",
        "OpenNMT",
        "Lan-Bridge",
        "refA",
        "Online-A",
        "refB",
        "QUARTZ_TuneReranking",
        "Online-Y",
        "bleu_bestmbr",
        "comet_bestmbr",
        "JDExploreAcademy"
    ],
    "human_scores_file": "data/wmt22//en-de/human-scores/en-de.mqm.domain.score",
    "human_scores": {
        "Online-B": -1.4349999999999998,
        "bleurt_bestmbr": -1.553666666666667,
        "M2M100_1.2B-B4": -3.4640000000000017,
        "Online-G": -1.7820000000000016,
        "PROMT": -2.414333333333334,
        "Online-W": -0.9479999999999997,
        "OpenNMT": -1.9773333333333332,
        "Lan-Bridge": -2.4250000000000007,
        "refA": -0.965,
        "Online-A": -1.4,
        "refB": -1.380333333333333,
        "QUARTZ_TuneReranking": -1.8520000000000005,
        "Online-Y": -1.9943333333333335,
        "bleu_bestmbr": -1.291,
        "comet_bestmbr": -1.4,
        "JDExploreAcademy": -1.3596666666666668
    },
    "metric_scores_file": "data/wmt22//en-de/domains/news/nlp-telescope-scores/en-de-news/en-de.refB.txt-news/results.csv",
    "metric_scores": {
        "Online-B": 0.0136986301369863,
        "bleurt_bestmbr": 0.0039138943248532,
        "M2M100_1.2B-B4": 0.0039138943248532,
        "Online-G": 0.0136986301369863,
        "PROMT": 0.0117416829745596,
        "Online-W": 0.0117416829745596,
        "OpenNMT": 0.0136986301369863,
        "Lan-Bridge": 0.0117416829745596,
        "refA": 0.0078277886497064,
        "Online-A": 0.0078277886497064,
        "refB": 1.0,
        "QUARTZ_TuneReranking": 0.0078277886497064,
        "Online-Y": 0.0117416829745596,
        "bleu_bestmbr": 0.0176125244618395,
        "comet_bestmbr": 0.0117416829745596,
        "JDExploreAcademy": 0.0136986301369863
    }
}