,Borderline,DIDI-NLP,Facebook-AI,IIE-MT,metricsystem1,metricsystem2,metricsystem3,metricsystem4,metricsystem5,MiSS,NiuTrans,Online-W,refA,refB,SMU
COMET,0.3924714708650576,0.3973636214197776,0.3773985159032628,0.38091895589772307,0.38535953665896105,0.3930257589506555,0.34736667431315343,0.31328397196549274,0.34143285553312425,0.3968312759191425,0.37063773022056223,0.2972455927561892,1.2267409358976802,0.3563241969368055,0.38003947941640875
BERTScore,0.9421310253762611,0.9430963113383836,0.9415392469025735,0.9406724556270811,0.9421956126694807,0.9423272533216026,0.9378469767205769,0.9384304302490223,0.9369084176586394,0.9425573291169055,0.9413339389178298,0.9336299498773943,0.999999994033416,0.9391003933714156,0.94057773026108
TER,0.5850294844968613,0.5826517024919156,0.5916397184706106,0.5951429839578974,0.5907678650687972,0.5827151100120475,0.6133409422357492,0.6008496607697673,0.6294464523492487,0.5782924354828483,0.6081256737049014,0.626989410944138,0.0,0.6338057193583159,0.5963635787204362
BLEU,0.3341007280859089,0.32541398724404397,0.3207210175727858,0.31659766887116536,0.31981374183058675,0.3253110312140741,0.2945429698846872,0.30261822820692585,0.2960764289188893,0.3255910163311742,0.318863623757625,0.2854182109576152,1.0000000000000004,0.28167764080059604,0.3221001951454555
chrF,0.6171761372233924,0.6165664357729128,0.6041481072566344,0.6092381796940344,0.6052678869689114,0.6113715707571803,0.5839423970974859,0.571384941211074,0.5938251177785812,0.6130348603470481,0.6106967700959216,0.5753058778768374,1.0,0.5955889966278894,0.6086226434650585
ZeroEdit,0.008213552361396304,0.010780287474332649,0.007186858316221766,0.006160164271047228,0.006673511293634497,0.01026694045174538,0.00513347022587269,0.004106776180698152,0.005646817248459959,0.008213552361396304,0.00513347022587269,0.00513347022587269,1.0,0.00513347022587269,0.006160164271047228
GLEU,0.6873380960611915,0.6881579227648993,0.6766643728517491,0.6773956335225121,0.6764567712827906,0.6823369575253704,0.6633774995300145,0.6505195203714192,0.6598689822674564,0.6850125387768322,0.6783893810476179,0.6596605152195408,1.0,0.6636408603171511,0.6824804950930883
