,PPV,FDR,FOR,NPV,TPR,FPR,FNR,TNR
neutral,1.0,0.0,0.013245033112582781,0.9867549668874173,0.99,0.0,0.01,1.0
female,0.953125,0.046875,0.0035087719298245615,0.9964912280701754,0.9838709677419355,0.010452961672473868,0.016129032258064516,0.9895470383275261
male,0.9770114942528736,0.022988505747126436,0.007633587786259542,0.9923664122137404,0.9770114942528736,0.007633587786259542,0.022988505747126436,0.9923664122137404
