,Precison,FDR,FOR,NPV,Recall,FPR,FNR,TNR
neutral,1.0,0.0,0.30714285714285716,0.6928571428571428,0.3484848484848485,0.0,0.6515151515151515,1.0
female,0.5283018867924528,0.4716981132075472,0.00909090909090909,0.990909090909091,0.9655172413793104,0.1865671641791045,0.034482758620689655,0.8134328358208955
male,0.735632183908046,0.26436781609195403,0.05263157894736842,0.9473684210526315,0.9411764705882353,0.24210526315789474,0.058823529411764705,0.7578947368421053
