,bleu_bestmbr,chrf_bestmbr,comet_bestmbr,eTranslation,HuaweiTSC,JDExploreAcademy,Lan-Bridge,M2M100_1.2B-B4,Online-A,Online-B,Online-G,Online-W,Online-Y,PROMT,QUARTZ_TuneReranking,refA,SRPOL
COMET,0.574636594437923,0.5850889079870543,0.587990506738971,0.5055821170645844,0.5368114271567526,0.5539130269506046,0.5022437060078689,0.46992074359215635,0.5426189511250741,0.5799313889089206,0.5705541315144056,0.5826855406644453,0.5203553835538793,0.5081874595256978,0.5495717909365688,1.4811796825925898,0.5221100089872901
BERTScore,0.8745936161151371,0.8731475512108924,0.8645928869508717,0.8636383756032895,0.8671688131856825,0.8699332840755261,0.8566719845316415,0.8578392295221526,0.870038569556757,0.8744911964392242,0.8704423650136899,0.8685131024007928,0.8667605535624778,0.8632834208454871,0.8538954287125873,0.9999999916016938,0.8667450194956039
TER,0.5873845292525893,0.6027806289073435,0.6339460669963609,0.6307735373705328,0.6253615750676496,0.6197629933750116,0.6066063263973127,0.648688998786974,0.6100587851077727,0.5929831109452272,0.6128580759540916,0.6263879817112998,0.6127647662592143,0.6315200149295512,0.6748157133526174,0.0,0.6231221423905944
BLEU,0.308558119494942,0.30233605353984827,0.25989679561933776,0.26827037730702175,0.271231210457712,0.27416532534563254,0.26735811967241646,0.2493094820341996,0.29187135930588076,0.3048350029416713,0.27604180706395537,0.26747784084841864,0.2821063107396466,0.26571065921377235,0.2308466780069668,1.0000000000000004,0.2703182540237544
chrF,0.5796109671989641,0.5860993514148501,0.5479529651841197,0.55428005161636,0.559421214143656,0.5689587266284027,0.5703953205620017,0.5347890698438664,0.5705898410303557,0.5809607204002222,0.5745896787844027,0.5675643252187971,0.5588208224760155,0.555601498372876,0.5305620074435892,1.0,0.5616107814924741
ZeroEdit,0.009784735812133072,0.009784735812133072,0.009784735812133072,0.005870841487279843,0.007827788649706457,0.011741682974559686,0.009784735812133072,0.005870841487279843,0.011741682974559686,0.011741682974559686,0.007827788649706457,0.009784735812133072,0.009784735812133072,0.009784735812133072,0.0019569471624266144,1.0,0.007827788649706457
GLEU,0.6607119901290529,0.6589232780243058,0.6351190231277525,0.6401950667685192,0.6430447456571664,0.6515108045827717,0.6391416142725079,0.6243647815510158,0.6545173593421696,0.6594093932910711,0.6498496767876072,0.6488900963426378,0.6412249510160474,0.6416595323976981,0.6160763249777823,1.0,0.6451590710283852
