{
    "system_accuracy": 0.7166666666666667,
    "spearman": 0.6225167248233127,
    "pearson": 0.3819340569674637,
    "kendall": 0.4267819784654187,
    "languages_pair": "en-de",
    "domain": "news",
    "reference": "en-de.refA.txt-news",
    "system_names": [
        "Online-B",
        "bleurt_bestmbr",
        "M2M100_1.2B-B4",
        "Online-G",
        "PROMT",
        "Online-W",
        "OpenNMT",
        "Lan-Bridge",
        "refA",
        "Online-A",
        "refB",
        "QUARTZ_TuneReranking",
        "Online-Y",
        "bleu_bestmbr",
        "comet_bestmbr",
        "JDExploreAcademy"
    ],
    "human_scores_file": "data/wmt22//en-de/human-scores/en-de.mqm.domain.score",
    "human_scores": {
        "Online-B": -1.4349999999999998,
        "bleurt_bestmbr": -1.553666666666667,
        "M2M100_1.2B-B4": -3.4640000000000017,
        "Online-G": -1.7820000000000016,
        "PROMT": -2.414333333333334,
        "Online-W": -0.9479999999999997,
        "OpenNMT": -1.9773333333333332,
        "Lan-Bridge": -2.4250000000000007,
        "refA": -0.965,
        "Online-A": -1.4,
        "refB": -1.380333333333333,
        "QUARTZ_TuneReranking": -1.8520000000000005,
        "Online-Y": -1.9943333333333335,
        "bleu_bestmbr": -1.291,
        "comet_bestmbr": -1.4,
        "JDExploreAcademy": -1.3596666666666668
    },
    "metric_scores_file": "data/wmt22//en-de/domains/news/nlp-telescope-scores/en-de-news/en-de.refA.txt-news/universal_metrics/average_ranks_systems.csv",
    "metric_scores": {
        "Online-B": 0.5315662848855907,
        "bleurt_bestmbr": 0.5193914182037318,
        "M2M100_1.2B-B4": 0.4992214963812312,
        "Online-G": 0.5231222287244494,
        "PROMT": 0.5233508954074957,
        "Online-W": 0.5321712871566177,
        "OpenNMT": 0.523212956046564,
        "Lan-Bridge": 0.5098960382073469,
        "refA": 0.90557918272473,
        "Online-A": 0.5254681115712839,
        "refB": 0.5028676674348416,
        "QUARTZ_TuneReranking": 0.5162400605487808,
        "Online-Y": 0.5256722771071513,
        "bleu_bestmbr": 0.5340389248588714,
        "comet_bestmbr": 0.5171403729662518,
        "JDExploreAcademy": 0.5367490016421393
    }
}