{
    "system_accuracy": 0.675,
    "spearman": 0.4650479551871556,
    "pearson": 0.4092899749374346,
    "kendall": 0.34309923758984645,
    "languages_pair": "en-de",
    "domain": "news",
    "reference": "en-de.refA.txt-news",
    "system_names": [
        "Online-B",
        "bleurt_bestmbr",
        "M2M100_1.2B-B4",
        "Online-G",
        "PROMT",
        "Online-W",
        "OpenNMT",
        "Lan-Bridge",
        "refA",
        "Online-A",
        "refB",
        "QUARTZ_TuneReranking",
        "Online-Y",
        "bleu_bestmbr",
        "comet_bestmbr",
        "JDExploreAcademy"
    ],
    "human_scores_file": "data/wmt22//en-de/human-scores/en-de.mqm.domain.score",
    "human_scores": {
        "Online-B": -1.4349999999999998,
        "bleurt_bestmbr": -1.553666666666667,
        "M2M100_1.2B-B4": -3.4640000000000017,
        "Online-G": -1.7820000000000016,
        "PROMT": -2.414333333333334,
        "Online-W": -0.9479999999999997,
        "OpenNMT": -1.9773333333333332,
        "Lan-Bridge": -2.4250000000000007,
        "refA": -0.965,
        "Online-A": -1.4,
        "refB": -1.380333333333333,
        "QUARTZ_TuneReranking": -1.8520000000000005,
        "Online-Y": -1.9943333333333335,
        "bleu_bestmbr": -1.291,
        "comet_bestmbr": -1.4,
        "JDExploreAcademy": -1.3596666666666668
    },
    "metric_scores_file": "data/wmt22//en-de/domains/news/nlp-telescope-scores/en-de-news/en-de.refA.txt-news/results.csv",
    "metric_scores": {
        "Online-B": 0.8920249943630569,
        "bleurt_bestmbr": 0.880182134545246,
        "M2M100_1.2B-B4": 0.873321416093412,
        "Online-G": 0.8842138007662301,
        "PROMT": 0.8881191387335148,
        "Online-W": 0.8872338153144851,
        "OpenNMT": 0.8874910072571144,
        "Lan-Bridge": 0.8774693142877866,
        "refA": 0.999999992534839,
        "Online-A": 0.8860216813777991,
        "refB": 0.8749532161860083,
        "QUARTZ_TuneReranking": 0.8791097595033813,
        "Online-Y": 0.8887078365467765,
        "bleu_bestmbr": 0.8926415298782916,
        "comet_bestmbr": 0.8809386820709169,
        "JDExploreAcademy": 0.8948452875105602
    }
}