{
    "system_accuracy": 0.65,
    "spearman": 0.39735110095105064,
    "pearson": 0.36279041930991585,
    "kendall": 0.2928895930645031,
    "languages_pair": "en-de",
    "domain": "news",
    "reference": "en-de.refA.txt-news",
    "system_names": [
        "Online-B",
        "bleurt_bestmbr",
        "M2M100_1.2B-B4",
        "Online-G",
        "PROMT",
        "Online-W",
        "OpenNMT",
        "Lan-Bridge",
        "refA",
        "Online-A",
        "refB",
        "QUARTZ_TuneReranking",
        "Online-Y",
        "bleu_bestmbr",
        "comet_bestmbr",
        "JDExploreAcademy"
    ],
    "human_scores_file": "data/wmt22//en-de/human-scores/en-de.mqm.domain.score",
    "human_scores": {
        "Online-B": -1.4349999999999998,
        "bleurt_bestmbr": -1.553666666666667,
        "M2M100_1.2B-B4": -3.4640000000000017,
        "Online-G": -1.7820000000000016,
        "PROMT": -2.414333333333334,
        "Online-W": -0.9479999999999997,
        "OpenNMT": -1.9773333333333332,
        "Lan-Bridge": -2.4250000000000007,
        "refA": -0.965,
        "Online-A": -1.4,
        "refB": -1.380333333333333,
        "QUARTZ_TuneReranking": -1.8520000000000005,
        "Online-Y": -1.9943333333333335,
        "bleu_bestmbr": -1.291,
        "comet_bestmbr": -1.4,
        "JDExploreAcademy": -1.3596666666666668
    },
    "metric_scores_file": "data/wmt22//en-de/domains/news/nlp-telescope-scores/en-de-news/en-de.refA.txt-news/results.csv",
    "metric_scores": {
        "Online-B": 0.3780850673186356,
        "bleurt_bestmbr": 0.3212294763644167,
        "M2M100_1.2B-B4": 0.3094079895478288,
        "Online-G": 0.3529848990309255,
        "PROMT": 0.3642884366258319,
        "Online-W": 0.3543331163878402,
        "OpenNMT": 0.3673657325177018,
        "Lan-Bridge": 0.3399206533870939,
        "refA": 1.0000000000000004,
        "Online-A": 0.3583299591897306,
        "refB": 0.309801439378064,
        "QUARTZ_TuneReranking": 0.3213245296108307,
        "Online-Y": 0.3679689244529577,
        "bleu_bestmbr": 0.384719610149268,
        "comet_bestmbr": 0.3226351313271453,
        "JDExploreAcademy": 0.3827226953823393
    }
}