{
    "system_accuracy": 0.6583333333333333,
    "spearman": 0.5268581264462079,
    "pearson": 0.3793201835051182,
    "kendall": 0.3096261412396175,
    "languages_pair": "en-de",
    "domain": "news",
    "reference": "en-de.refA.txt-news",
    "system_names": [
        "Online-B",
        "bleurt_bestmbr",
        "M2M100_1.2B-B4",
        "Online-G",
        "PROMT",
        "Online-W",
        "OpenNMT",
        "Lan-Bridge",
        "refA",
        "Online-A",
        "refB",
        "QUARTZ_TuneReranking",
        "Online-Y",
        "bleu_bestmbr",
        "comet_bestmbr",
        "JDExploreAcademy"
    ],
    "human_scores_file": "data/wmt22//en-de/human-scores/en-de.mqm.domain.score",
    "human_scores": {
        "Online-B": -1.4349999999999998,
        "bleurt_bestmbr": -1.553666666666667,
        "M2M100_1.2B-B4": -3.4640000000000017,
        "Online-G": -1.7820000000000016,
        "PROMT": -2.414333333333334,
        "Online-W": -0.9479999999999997,
        "OpenNMT": -1.9773333333333332,
        "Lan-Bridge": -2.4250000000000007,
        "refA": -0.965,
        "Online-A": -1.4,
        "refB": -1.380333333333333,
        "QUARTZ_TuneReranking": -1.8520000000000005,
        "Online-Y": -1.9943333333333335,
        "bleu_bestmbr": -1.291,
        "comet_bestmbr": -1.4,
        "JDExploreAcademy": -1.3596666666666668
    },
    "metric_scores_file": "data/wmt22//en-de/domains/news/nlp-telescope-scores/en-de-news/en-de.refA.txt-news/results.csv",
    "metric_scores": {
        "Online-B": 0.6564011424142346,
        "bleurt_bestmbr": 0.6278495741270383,
        "M2M100_1.2B-B4": 0.6095184446607343,
        "Online-G": 0.6460010825164185,
        "PROMT": 0.6462880377107648,
        "Online-W": 0.6524329252779482,
        "OpenNMT": 0.6454561578934644,
        "Lan-Bridge": 0.6489985654297048,
        "refA": 1.0,
        "Online-A": 0.6507715156329383,
        "refB": 0.6099850427140014,
        "QUARTZ_TuneReranking": 0.6256342925327378,
        "Online-Y": 0.6462882258637902,
        "bleu_bestmbr": 0.6587139445267748,
        "comet_bestmbr": 0.6222008819433492,
        "JDExploreAcademy": 0.6621728580546125
    }
}