{
    "system_accuracy": 0.6666666666666666,
    "spearman": 0.5033113945379974,
    "pearson": 0.3855102603489299,
    "kendall": 0.326362689414732,
    "languages_pair": "en-de",
    "domain": "news",
    "reference": "en-de.refA.txt-news",
    "system_names": [
        "Online-B",
        "bleurt_bestmbr",
        "M2M100_1.2B-B4",
        "Online-G",
        "PROMT",
        "Online-W",
        "OpenNMT",
        "Lan-Bridge",
        "refA",
        "Online-A",
        "refB",
        "QUARTZ_TuneReranking",
        "Online-Y",
        "bleu_bestmbr",
        "comet_bestmbr",
        "JDExploreAcademy"
    ],
    "human_scores_file": "data/wmt22//en-de/human-scores/en-de.mqm.domain.score",
    "human_scores": {
        "Online-B": -1.4349999999999998,
        "bleurt_bestmbr": -1.553666666666667,
        "M2M100_1.2B-B4": -3.4640000000000017,
        "Online-G": -1.7820000000000016,
        "PROMT": -2.414333333333334,
        "Online-W": -0.9479999999999997,
        "OpenNMT": -1.9773333333333332,
        "Lan-Bridge": -2.4250000000000007,
        "refA": -0.965,
        "Online-A": -1.4,
        "refB": -1.380333333333333,
        "QUARTZ_TuneReranking": -1.8520000000000005,
        "Online-Y": -1.9943333333333335,
        "bleu_bestmbr": -1.291,
        "comet_bestmbr": -1.4,
        "JDExploreAcademy": -1.3596666666666668
    },
    "metric_scores_file": "data/wmt22//en-de/domains/news/nlp-telescope-scores/en-de-news/en-de.refA.txt-news/results.csv",
    "metric_scores": {
        "Online-B": 0.7340417412027872,
        "bleurt_bestmbr": 0.7051774972008199,
        "M2M100_1.2B-B4": 0.6936518118733377,
        "Online-G": 0.7231274055706816,
        "PROMT": 0.7267722047738578,
        "Online-W": 0.7268927309200853,
        "OpenNMT": 0.7180898466374536,
        "Lan-Bridge": 0.7171070479688204,
        "refA": 1.0,
        "Online-A": 0.7258368862491097,
        "refB": 0.689087891249137,
        "QUARTZ_TuneReranking": 0.7068918480039851,
        "Online-Y": 0.7241957812442648,
        "bleu_bestmbr": 0.7365261867321634,
        "comet_bestmbr": 0.7066716303885596,
        "JDExploreAcademy": 0.7381275816998493
    }
}