{
    "system_accuracy": 0.5833333333333334,
    "spearman": 0.23546731908210405,
    "pearson": 0.34625563046086266,
    "kendall": 0.15899720766358738,
    "languages_pair": "en-de",
    "domain": "news",
    "reference": "en-de.refA.txt-news",
    "system_names": [
        "Online-B",
        "bleurt_bestmbr",
        "M2M100_1.2B-B4",
        "Online-G",
        "PROMT",
        "Online-W",
        "OpenNMT",
        "Lan-Bridge",
        "refA",
        "Online-A",
        "refB",
        "QUARTZ_TuneReranking",
        "Online-Y",
        "bleu_bestmbr",
        "comet_bestmbr",
        "JDExploreAcademy"
    ],
    "human_scores_file": "data/wmt22//en-de/human-scores/en-de.mqm.domain.score",
    "human_scores": {
        "Online-B": -1.4349999999999998,
        "bleurt_bestmbr": -1.553666666666667,
        "M2M100_1.2B-B4": -3.4640000000000017,
        "Online-G": -1.7820000000000016,
        "PROMT": -2.414333333333334,
        "Online-W": -0.9479999999999997,
        "OpenNMT": -1.9773333333333332,
        "Lan-Bridge": -2.4250000000000007,
        "refA": -0.965,
        "Online-A": -1.4,
        "refB": -1.380333333333333,
        "QUARTZ_TuneReranking": -1.8520000000000005,
        "Online-Y": -1.9943333333333335,
        "bleu_bestmbr": -1.291,
        "comet_bestmbr": -1.4,
        "JDExploreAcademy": -1.3596666666666668
    },
    "metric_scores_file": "data/wmt22//en-de/domains/news/nlp-telescope-scores/en-de-news/en-de.refA.txt-news/results.csv",
    "metric_scores": {
        "Online-B": -0.4984064088207425,
        "bleurt_bestmbr": -0.5617193556723232,
        "M2M100_1.2B-B4": -0.5556895512102679,
        "Online-G": -0.5146007408045482,
        "PROMT": -0.5071065552588508,
        "Online-W": -0.519769144629167,
        "OpenNMT": -0.5116719786372642,
        "Lan-Bridge": -0.5082263760875183,
        "refA": -0.0,
        "Online-A": -0.5090016366612111,
        "refB": -0.5713670428116117,
        "QUARTZ_TuneReranking": -0.5467309845809286,
        "Online-Y": -0.5076233956413128,
        "bleu_bestmbr": -0.4876389008527866,
        "comet_bestmbr": -0.5431131019036954,
        "JDExploreAcademy": -0.4935825652510983
    }
}