{
    "system_accuracy": 0.7166666666666667,
    "spearman": 0.6122150296134706,
    "pearson": 0.5922642838698374,
    "kendall": 0.4435185266405332,
    "languages_pair": "en-de",
    "domain": "news",
    "reference": "en-de.refA.txt-news",
    "system_names": [
        "Online-B",
        "bleurt_bestmbr",
        "M2M100_1.2B-B4",
        "Online-G",
        "PROMT",
        "Online-W",
        "OpenNMT",
        "Lan-Bridge",
        "refA",
        "Online-A",
        "refB",
        "QUARTZ_TuneReranking",
        "Online-Y",
        "bleu_bestmbr",
        "comet_bestmbr",
        "JDExploreAcademy"
    ],
    "human_scores_file": "data/wmt22//en-de/human-scores/en-de.mqm.domain.score",
    "human_scores": {
        "Online-B": -1.4349999999999998,
        "bleurt_bestmbr": -1.553666666666667,
        "M2M100_1.2B-B4": -3.4640000000000017,
        "Online-G": -1.7820000000000016,
        "PROMT": -2.414333333333334,
        "Online-W": -0.9479999999999997,
        "OpenNMT": -1.9773333333333332,
        "Lan-Bridge": -2.4250000000000007,
        "refA": -0.965,
        "Online-A": -1.4,
        "refB": -1.380333333333333,
        "QUARTZ_TuneReranking": -1.8520000000000005,
        "Online-Y": -1.9943333333333335,
        "bleu_bestmbr": -1.291,
        "comet_bestmbr": -1.4,
        "JDExploreAcademy": -1.3596666666666668
    },
    "metric_scores_file": "data/wmt22//en-de/domains/news/nlp-telescope-scores/en-de-news/en-de.refA.txt-news/universal_metrics/weighted_mean/weighted-mean-seed-36_-1_1_ranks_systems.csv",
    "metric_scores": {
        "Online-B": -0.0127251718991371,
        "bleurt_bestmbr": -0.0075855264912827,
        "M2M100_1.2B-B4": -0.016163927257383,
        "Online-G": -0.0123275495042565,
        "PROMT": -0.014227461955725,
        "Online-W": -0.0088103728784066,
        "OpenNMT": -0.014353236601706,
        "Lan-Bridge": -0.0216863924906418,
        "refA": 0.0066411067475493,
        "Online-A": -0.0130172003648309,
        "refB": -0.0131592399585132,
        "QUARTZ_TuneReranking": -0.0087988459755451,
        "Online-Y": -0.0127780930647038,
        "bleu_bestmbr": -0.0124836160924998,
        "comet_bestmbr": -0.0079722933463994,
        "JDExploreAcademy": -0.0123741829025817
    }
}