{
    "system_accuracy": 0.75,
    "spearman": 0.6666668471512072,
    "pearson": 0.38416570395374783,
    "kendall": 0.4937281711658766,
    "languages_pair": "en-de",
    "domain": "news",
    "reference": "en-de.refA.txt-news",
    "system_names": [
        "Online-B",
        "bleurt_bestmbr",
        "M2M100_1.2B-B4",
        "Online-G",
        "PROMT",
        "Online-W",
        "OpenNMT",
        "Lan-Bridge",
        "refA",
        "Online-A",
        "refB",
        "QUARTZ_TuneReranking",
        "Online-Y",
        "bleu_bestmbr",
        "comet_bestmbr",
        "JDExploreAcademy"
    ],
    "human_scores_file": "data/wmt22//en-de/human-scores/en-de.mqm.domain.score",
    "human_scores": {
        "Online-B": -1.4349999999999998,
        "bleurt_bestmbr": -1.553666666666667,
        "M2M100_1.2B-B4": -3.4640000000000017,
        "Online-G": -1.7820000000000016,
        "PROMT": -2.414333333333334,
        "Online-W": -0.9479999999999997,
        "OpenNMT": -1.9773333333333332,
        "Lan-Bridge": -2.4250000000000007,
        "refA": -0.965,
        "Online-A": -1.4,
        "refB": -1.380333333333333,
        "QUARTZ_TuneReranking": -1.8520000000000005,
        "Online-Y": -1.9943333333333335,
        "bleu_bestmbr": -1.291,
        "comet_bestmbr": -1.4,
        "JDExploreAcademy": -1.3596666666666668
    },
    "metric_scores_file": "data/wmt22//en-de/domains/news/nlp-telescope-scores/en-de-news/en-de.refA.txt-news/universal_metrics/weighted_mean/weighted-mean-seed-24_0_1_TER_ranks_systems.csv",
    "metric_scores": {
        "Online-B": 0.2864086783338876,
        "bleurt_bestmbr": 0.2766582864550253,
        "M2M100_1.2B-B4": 0.2610714601798347,
        "Online-G": 0.2807894991675833,
        "PROMT": 0.2800965619963668,
        "Online-W": 0.2878299563369323,
        "OpenNMT": 0.2795209849364856,
        "Lan-Bridge": 0.2707882657226126,
        "refA": 0.5739847005663912,
        "Online-A": 0.2826088419452866,
        "refB": 0.2627836574682928,
        "QUARTZ_TuneReranking": 0.2758418010445108,
        "Online-Y": 0.2819865295834404,
        "bleu_bestmbr": 0.2890818560373823,
        "comet_bestmbr": 0.2771054091205268,
        "JDExploreAcademy": 0.2906259097723152
    }
}