{
    "system_accuracy": 0.75,
    "spearman": 0.6666668471512072,
    "pearson": 0.3769963095540721,
    "kendall": 0.4937281711658766,
    "languages_pair": "en-de",
    "domain": "news",
    "reference": "en-de.refA.txt-news",
    "system_names": [
        "Online-B",
        "bleurt_bestmbr",
        "M2M100_1.2B-B4",
        "Online-G",
        "PROMT",
        "Online-W",
        "OpenNMT",
        "Lan-Bridge",
        "refA",
        "Online-A",
        "refB",
        "QUARTZ_TuneReranking",
        "Online-Y",
        "bleu_bestmbr",
        "comet_bestmbr",
        "JDExploreAcademy"
    ],
    "human_scores_file": "data/wmt22//en-de/human-scores/en-de.mqm.domain.score",
    "human_scores": {
        "Online-B": -1.4349999999999998,
        "bleurt_bestmbr": -1.553666666666667,
        "M2M100_1.2B-B4": -3.4640000000000017,
        "Online-G": -1.7820000000000016,
        "PROMT": -2.414333333333334,
        "Online-W": -0.9479999999999997,
        "OpenNMT": -1.9773333333333332,
        "Lan-Bridge": -2.4250000000000007,
        "refA": -0.965,
        "Online-A": -1.4,
        "refB": -1.380333333333333,
        "QUARTZ_TuneReranking": -1.8520000000000005,
        "Online-Y": -1.9943333333333335,
        "bleu_bestmbr": -1.291,
        "comet_bestmbr": -1.4,
        "JDExploreAcademy": -1.3596666666666668
    },
    "metric_scores_file": "data/wmt22//en-de/domains/news/nlp-telescope-scores/en-de-news/en-de.refA.txt-news/universal_metrics/weighted_mean/weighted-mean-seed-36_0_1_TER_ranks_systems.csv",
    "metric_scores": {
        "Online-B": 0.2460195314552063,
        "bleurt_bestmbr": 0.2389334272482192,
        "M2M100_1.2B-B4": 0.2256751075087825,
        "Online-G": 0.2411369792331046,
        "PROMT": 0.2407142114580922,
        "Online-W": 0.2476416201413078,
        "OpenNMT": 0.2404182087290101,
        "Lan-Bridge": 0.2314039111832169,
        "refA": 0.5279053843111338,
        "Online-A": 0.2426377806886372,
        "refB": 0.2271895190792641,
        "QUARTZ_TuneReranking": 0.238105209675133,
        "Online-Y": 0.2425628998313941,
        "bleu_bestmbr": 0.2484928365396909,
        "comet_bestmbr": 0.239744694422554,
        "JDExploreAcademy": 0.2499462573178188
    }
}