{
    "system_accuracy": 0.7416666666666667,
    "spearman": 0.654893481197102,
    "pearson": 0.7058877071508327,
    "kendall": 0.4937281711658766,
    "languages_pair": "en-de",
    "domain": "news",
    "reference": "en-de.refA.txt-news",
    "system_names": [
        "Online-B",
        "bleurt_bestmbr",
        "M2M100_1.2B-B4",
        "Online-G",
        "PROMT",
        "Online-W",
        "OpenNMT",
        "Lan-Bridge",
        "refA",
        "Online-A",
        "refB",
        "QUARTZ_TuneReranking",
        "Online-Y",
        "bleu_bestmbr",
        "comet_bestmbr",
        "JDExploreAcademy"
    ],
    "human_scores_file": "data/wmt22//en-de/human-scores/en-de.mqm.domain.score",
    "human_scores": {
        "Online-B": -1.4349999999999998,
        "bleurt_bestmbr": -1.553666666666667,
        "M2M100_1.2B-B4": -3.4640000000000017,
        "Online-G": -1.7820000000000016,
        "PROMT": -2.414333333333334,
        "Online-W": -0.9479999999999997,
        "OpenNMT": -1.9773333333333332,
        "Lan-Bridge": -2.4250000000000007,
        "refA": -0.965,
        "Online-A": -1.4,
        "refB": -1.380333333333333,
        "QUARTZ_TuneReranking": -1.8520000000000005,
        "Online-Y": -1.9943333333333335,
        "bleu_bestmbr": -1.291,
        "comet_bestmbr": -1.4,
        "JDExploreAcademy": -1.3596666666666668
    },
    "metric_scores_file": "data/wmt22//en-de/domains/news/nlp-telescope-scores/en-de-news/en-de.refA.txt-news/universal_metrics/weighted_mean/weighted-mean-seed-12_-1_1_ranks_systems.csv",
    "metric_scores": {
        "Online-B": 0.2466901259270992,
        "bleurt_bestmbr": 0.2511610427894344,
        "M2M100_1.2B-B4": 0.23891422824912,
        "Online-G": 0.2460363892338249,
        "PROMT": 0.2441671339395187,
        "Online-W": 0.2510977186466013,
        "OpenNMT": 0.2435452102575694,
        "Lan-Bridge": 0.2340846578724359,
        "refA": 0.2615216889309634,
        "Online-A": 0.2456243284056987,
        "refB": 0.2429009037409057,
        "QUARTZ_TuneReranking": 0.2495361017049592,
        "Online-Y": 0.2458139579251822,
        "bleu_bestmbr": 0.2468587048383053,
        "comet_bestmbr": 0.2507784383204585,
        "JDExploreAcademy": 0.2477776410489525
    }
}