{
    "system_accuracy": 0.7583333333333333,
    "spearman": 0.704930286502049,
    "pearson": 0.4536290151876151,
    "kendall": 0.5272012675161055,
    "languages_pair": "en-de",
    "domain": "news",
    "reference": "en-de.refA.txt-news",
    "system_names": [
        "Online-B",
        "bleurt_bestmbr",
        "M2M100_1.2B-B4",
        "Online-G",
        "PROMT",
        "Online-W",
        "OpenNMT",
        "Lan-Bridge",
        "refA",
        "Online-A",
        "refB",
        "QUARTZ_TuneReranking",
        "Online-Y",
        "bleu_bestmbr",
        "comet_bestmbr",
        "JDExploreAcademy"
    ],
    "human_scores_file": "data/wmt22//en-de/human-scores/en-de.mqm.domain.score",
    "human_scores": {
        "Online-B": -1.4349999999999998,
        "bleurt_bestmbr": -1.553666666666667,
        "M2M100_1.2B-B4": -3.4640000000000017,
        "Online-G": -1.7820000000000016,
        "PROMT": -2.414333333333334,
        "Online-W": -0.9479999999999997,
        "OpenNMT": -1.9773333333333332,
        "Lan-Bridge": -2.4250000000000007,
        "refA": -0.965,
        "Online-A": -1.4,
        "refB": -1.380333333333333,
        "QUARTZ_TuneReranking": -1.8520000000000005,
        "Online-Y": -1.9943333333333335,
        "bleu_bestmbr": -1.291,
        "comet_bestmbr": -1.4,
        "JDExploreAcademy": -1.3596666666666668
    },
    "metric_scores_file": "data/wmt22//en-de/domains/news/nlp-telescope-scores/en-de-news/en-de.refA.txt-news/universal_metrics/weighted_mean/weighted-mean-seed-24_-1_1_ranks_systems.csv",
    "metric_scores": {
        "Online-B": 0.1570597986505933,
        "bleurt_bestmbr": 0.1630390847800211,
        "M2M100_1.2B-B4": 0.1519200421233127,
        "Online-G": 0.1569785820226255,
        "PROMT": 0.1548739477562149,
        "Online-W": 0.1622725219291093,
        "OpenNMT": 0.154610204909435,
        "Lan-Bridge": 0.1464862845466097,
        "refA": 0.2276286263713409,
        "Online-A": 0.156636117733076,
        "refB": 0.1553770182292372,
        "QUARTZ_TuneReranking": 0.1611755465593104,
        "Online-Y": 0.1564561979221224,
        "bleu_bestmbr": 0.1573789309615392,
        "comet_bestmbr": 0.1623531600483834,
        "JDExploreAcademy": 0.1585237038450315
    }
}