{
    "system_accuracy": 0.7,
    "spearman": 0.566593236541313,
    "pearson": 0.38123907778665944,
    "kendall": 0.39330888211518983,
    "languages_pair": "en-de",
    "domain": "news",
    "reference": "en-de.refA.txt-news",
    "system_names": [
        "Online-B",
        "bleurt_bestmbr",
        "M2M100_1.2B-B4",
        "Online-G",
        "PROMT",
        "Online-W",
        "OpenNMT",
        "Lan-Bridge",
        "refA",
        "Online-A",
        "refB",
        "QUARTZ_TuneReranking",
        "Online-Y",
        "bleu_bestmbr",
        "comet_bestmbr",
        "JDExploreAcademy"
    ],
    "human_scores_file": "data/wmt22//en-de/human-scores/en-de.mqm.domain.score",
    "human_scores": {
        "Online-B": -1.4349999999999998,
        "bleurt_bestmbr": -1.553666666666667,
        "M2M100_1.2B-B4": -3.4640000000000017,
        "Online-G": -1.7820000000000016,
        "PROMT": -2.414333333333334,
        "Online-W": -0.9479999999999997,
        "OpenNMT": -1.9773333333333332,
        "Lan-Bridge": -2.4250000000000007,
        "refA": -0.965,
        "Online-A": -1.4,
        "refB": -1.380333333333333,
        "QUARTZ_TuneReranking": -1.8520000000000005,
        "Online-Y": -1.9943333333333335,
        "bleu_bestmbr": -1.291,
        "comet_bestmbr": -1.4,
        "JDExploreAcademy": -1.3596666666666668
    },
    "metric_scores_file": "data/wmt22//en-de/domains/news/nlp-telescope-scores/en-de-news/en-de.refA.txt-news/universal_metrics/weighted_mean/weighted-mean-seed-12_0_1_TER_ranks_systems.csv",
    "metric_scores": {
        "Online-B": 0.3167532055793046,
        "bleurt_bestmbr": 0.2961378559870415,
        "M2M100_1.2B-B4": 0.2795135189778722,
        "Online-G": 0.3079834366989818,
        "PROMT": 0.3084725760369489,
        "Online-W": 0.3148429468201205,
        "OpenNMT": 0.3065120959936039,
        "Lan-Bridge": 0.2980455712971999,
        "refA": 0.6809768148076005,
        "Online-A": 0.3107794905788008,
        "refB": 0.2791433024584012,
        "QUARTZ_TuneReranking": 0.297179148145861,
        "Online-Y": 0.3100794843218165,
        "bleu_bestmbr": 0.3209015545290125,
        "comet_bestmbr": 0.2986945498965316,
        "JDExploreAcademy": 0.3219108688411571
    }
}