,Precison,FDR,FOR,NPV,Recall,FPR,FNR,TNR
neutral,0.8598130841121495,0.14018691588785046,0.058823529411764705,0.9411764705882353,0.9484536082474226,0.15789473684210525,0.05154639175257732,0.8421052631578947
female,0.9090909090909091,0.09090909090909091,0.05660377358490566,0.9433962264150944,0.7692307692307693,0.0196078431372549,0.23076923076923078,0.9803921568627451
male,0.8846153846153846,0.11538461538461539,0.07142857142857142,0.9285714285714286,0.8214285714285714,0.04411764705882353,0.17857142857142858,0.9558823529411765
