,Precison,FDR,FOR,NPV,Recall,FPR,FNR,TNR
neutral,0.0,0.0,0.0,1.0,0.0,0.0,0.0,1.0
female,0.9111111111111111,0.08888888888888889,0.0,1.0,1.0,0.05194805194805195,0.0,0.948051948051948
male,1.0,0.0,0.08888888888888889,0.9111111111111111,0.948051948051948,0.0,0.05194805194805195,1.0
