,PPV,FDR,FOR,NPV,TPR,FPR,FNR,TNR
neutral,0.9975845410628019,0.0024154589371980675,0.006666666666666667,0.9933333333333333,0.9927884615384616,0.002232142857142857,0.007211538461538462,0.9977678571428571
female,1.0,0.0,0.0,1.0,1.0,0.0,0.0,1.0
male,0.990990990990991,0.009009009009009009,0.0018832391713747645,0.9981167608286252,0.9969788519637462,0.005628517823639775,0.0030211480362537764,0.9943714821763602
