,bing,google
Accuracy,0.7371428571428571,0.7485714285714286
F1-score,0.716183574879227,0.7251127957148187
