,PPV,FDR,FOR,NPV,TPR,FPR,FNR,TNR
neutral,1.0,0.0,0.0004203446826397646,0.9995796553173603,0.9957264957264957,0.0,0.004273504273504274,1.0
female,0.9908998988877654,0.00910010111223458,0.006777572396796057,0.9932224276032039,0.9889001009081736,0.005552128315854411,0.011099899091826439,0.9944478716841456
male,0.9913669064748202,0.008633093525179856,0.007364975450081833,0.9926350245499181,0.9935111751982696,0.009795918367346938,0.006488824801730353,0.990204081632653
