,PPV,FDR,FOR,NPV,TPR,FPR,FNR,TNR
neutral,0.9975903614457832,0.0024096385542168677,0.004454342984409799,0.9955456570155902,0.9951923076923077,0.002232142857142857,0.004807692307692308,0.9977678571428571
female,0.9831932773109243,0.01680672268907563,0.0,1.0,1.0,0.002677376171352075,0.0,0.9973226238286479
male,0.9939393939393939,0.006060606060606061,0.0056179775280898875,0.9943820224719101,0.9909365558912386,0.00375234521575985,0.00906344410876133,0.9962476547842402
