{
    "system_accuracy": 0.8833333333333333,
    "spearman": 0.9088235294117648,
    "pearson": 0.5801702881393412,
    "kendall": 0.7666666666666667,
    "languages_pair": "en-ru",
    "domain": "social",
    "reference": "en-ru.refA.txt-social",
    "system_names": [
        "HuaweiTSC",
        "JDExploreAcademy",
        "Lan-Bridge",
        "M2M100_1.2B-B4",
        "Online-A",
        "Online-B",
        "Online-G",
        "Online-W",
        "Online-Y",
        "PROMT",
        "QUARTZ_TuneReranking",
        "SRPOL",
        "bleu_bestmbr",
        "comet_bestmbr",
        "eTranslation",
        "refA"
    ],
    "human_scores_file": "data/wmt22//en-ru/human-scores/en-ru.mqm.domain.score",
    "human_scores": {
        "HuaweiTSC": -8.06647058823529,
        "JDExploreAcademy": -4.625294117647058,
        "Lan-Bridge": -5.487352941176468,
        "M2M100_1.2B-B4": -9.274117647058816,
        "Online-A": -6.559411764705882,
        "Online-B": -4.293529411764704,
        "Online-G": -4.332647058823531,
        "Online-W": -2.962058823529413,
        "Online-Y": -5.788235294117646,
        "PROMT": -6.881176470588235,
        "QUARTZ_TuneReranking": -7.024411764705879,
        "SRPOL": -8.189705882352936,
        "bleu_bestmbr": -4.012941176470589,
        "comet_bestmbr": -4.734999999999996,
        "eTranslation": -8.542941176470583,
        "refA": -2.1717647058823544
    },
    "metric_scores_file": "data/wmt22//en-ru/domains/social/nlp-telescope-scores/en-ru-social/en-ru.refA.txt-social/universal_metrics/average_ranks_systems.csv",
    "metric_scores": {
        "HuaweiTSC": 0.4829640616033229,
        "JDExploreAcademy": 0.5139902028504438,
        "Lan-Bridge": 0.503786097912135,
        "M2M100_1.2B-B4": 0.4597816308296725,
        "Online-A": 0.4981197977651145,
        "Online-B": 0.5111810966673123,
        "Online-G": 0.518758213090602,
        "Online-W": 0.5127406409207858,
        "Online-Y": 0.4984275955049458,
        "PROMT": 0.4841044599991274,
        "QUARTZ_TuneReranking": 0.4662600746587121,
        "SRPOL": 0.4864938911047005,
        "bleu_bestmbr": 0.512085482263136,
        "comet_bestmbr": 0.4942976048379323,
        "eTranslation": 0.4789658673944179,
        "refA": 0.9384985920540724
    }
}