{
    "system_accuracy": 0.875,
    "spearman": 0.8735294117647058,
    "pearson": 0.6372759392379683,
    "kendall": 0.75,
    "languages_pair": "en-ru",
    "domain": "social",
    "reference": "en-ru.refA.txt-social",
    "system_names": [
        "HuaweiTSC",
        "JDExploreAcademy",
        "Lan-Bridge",
        "M2M100_1.2B-B4",
        "Online-A",
        "Online-B",
        "Online-G",
        "Online-W",
        "Online-Y",
        "PROMT",
        "QUARTZ_TuneReranking",
        "SRPOL",
        "bleu_bestmbr",
        "comet_bestmbr",
        "eTranslation",
        "refA"
    ],
    "human_scores_file": "data/wmt22//en-ru/human-scores/en-ru.mqm.domain.score",
    "human_scores": {
        "HuaweiTSC": -8.06647058823529,
        "JDExploreAcademy": -4.625294117647058,
        "Lan-Bridge": -5.487352941176468,
        "M2M100_1.2B-B4": -9.274117647058816,
        "Online-A": -6.559411764705882,
        "Online-B": -4.293529411764704,
        "Online-G": -4.332647058823531,
        "Online-W": -2.962058823529413,
        "Online-Y": -5.788235294117646,
        "PROMT": -6.881176470588235,
        "QUARTZ_TuneReranking": -7.024411764705879,
        "SRPOL": -8.189705882352936,
        "bleu_bestmbr": -4.012941176470589,
        "comet_bestmbr": -4.734999999999996,
        "eTranslation": -8.542941176470583,
        "refA": -2.1717647058823544
    },
    "metric_scores_file": "data/wmt22//en-ru/domains/social/nlp-telescope-scores/en-ru-social/en-ru.refA.txt-social/results.csv",
    "metric_scores": {
        "HuaweiTSC": 0.8665942910593003,
        "JDExploreAcademy": 0.8790484118508175,
        "Lan-Bridge": 0.8759449799545109,
        "M2M100_1.2B-B4": 0.8532563680200838,
        "Online-A": 0.8740106323966756,
        "Online-B": 0.8812581605743617,
        "Online-G": 0.8800444287480786,
        "Online-W": 0.8797420983901247,
        "Online-Y": 0.8754606780130416,
        "PROMT": 0.867371742031537,
        "QUARTZ_TuneReranking": 0.8483580648899078,
        "SRPOL": 0.8694781457306817,
        "bleu_bestmbr": 0.8826590622775257,
        "comet_bestmbr": 0.865482012857683,
        "eTranslation": 0.8640462692128494,
        "refA": 0.9999999955762178
    }
}