{
    "system_accuracy": 0.8416666666666667,
    "spearman": 0.8117647058823528,
    "pearson": 0.568022393183759,
    "kendall": 0.6833333333333333,
    "languages_pair": "en-ru",
    "domain": "social",
    "reference": "en-ru.refA.txt-social",
    "system_names": [
        "HuaweiTSC",
        "JDExploreAcademy",
        "Lan-Bridge",
        "M2M100_1.2B-B4",
        "Online-A",
        "Online-B",
        "Online-G",
        "Online-W",
        "Online-Y",
        "PROMT",
        "QUARTZ_TuneReranking",
        "SRPOL",
        "bleu_bestmbr",
        "comet_bestmbr",
        "eTranslation",
        "refA"
    ],
    "human_scores_file": "data/wmt22//en-ru/human-scores/en-ru.mqm.domain.score",
    "human_scores": {
        "HuaweiTSC": -8.06647058823529,
        "JDExploreAcademy": -4.625294117647058,
        "Lan-Bridge": -5.487352941176468,
        "M2M100_1.2B-B4": -9.274117647058816,
        "Online-A": -6.559411764705882,
        "Online-B": -4.293529411764704,
        "Online-G": -4.332647058823531,
        "Online-W": -2.962058823529413,
        "Online-Y": -5.788235294117646,
        "PROMT": -6.881176470588235,
        "QUARTZ_TuneReranking": -7.024411764705879,
        "SRPOL": -8.189705882352936,
        "bleu_bestmbr": -4.012941176470589,
        "comet_bestmbr": -4.734999999999996,
        "eTranslation": -8.542941176470583,
        "refA": -2.1717647058823544
    },
    "metric_scores_file": "data/wmt22//en-ru/domains/social/nlp-telescope-scores/en-ru-social/en-ru.refA.txt-social/results.csv",
    "metric_scores": {
        "HuaweiTSC": 0.3191179457614999,
        "JDExploreAcademy": 0.3586089482647969,
        "Lan-Bridge": 0.3550567831047134,
        "M2M100_1.2B-B4": 0.2893531525810237,
        "Online-A": 0.3387650001589355,
        "Online-B": 0.3593308496601751,
        "Online-G": 0.357823322719457,
        "Online-W": 0.3564066881053223,
        "Online-Y": 0.3339517228186632,
        "PROMT": 0.3172829669808551,
        "QUARTZ_TuneReranking": 0.2638239340611791,
        "SRPOL": 0.3086620090890195,
        "bleu_bestmbr": 0.3689183770872746,
        "comet_bestmbr": 0.2884922871710853,
        "eTranslation": 0.3068149584729072,
        "refA": 1.0000000000000004
    }
}