{
    "system_accuracy": 0.9166666666666666,
    "spearman": 0.9441176470588234,
    "pearson": 0.6367897323098279,
    "kendall": 0.8333333333333333,
    "languages_pair": "en-ru",
    "domain": "social",
    "reference": "en-ru.refA.txt-social",
    "system_names": [
        "HuaweiTSC",
        "JDExploreAcademy",
        "Lan-Bridge",
        "M2M100_1.2B-B4",
        "Online-A",
        "Online-B",
        "Online-G",
        "Online-W",
        "Online-Y",
        "PROMT",
        "QUARTZ_TuneReranking",
        "SRPOL",
        "bleu_bestmbr",
        "comet_bestmbr",
        "eTranslation",
        "refA"
    ],
    "human_scores_file": "data/wmt22//en-ru/human-scores/en-ru.mqm.domain.score",
    "human_scores": {
        "HuaweiTSC": -8.06647058823529,
        "JDExploreAcademy": -4.625294117647058,
        "Lan-Bridge": -5.487352941176468,
        "M2M100_1.2B-B4": -9.274117647058816,
        "Online-A": -6.559411764705882,
        "Online-B": -4.293529411764704,
        "Online-G": -4.332647058823531,
        "Online-W": -2.962058823529413,
        "Online-Y": -5.788235294117646,
        "PROMT": -6.881176470588235,
        "QUARTZ_TuneReranking": -7.024411764705879,
        "SRPOL": -8.189705882352936,
        "bleu_bestmbr": -4.012941176470589,
        "comet_bestmbr": -4.734999999999996,
        "eTranslation": -8.542941176470583,
        "refA": -2.1717647058823544
    },
    "metric_scores_file": "data/wmt22//en-ru/domains/social/nlp-telescope-scores/en-ru-social/en-ru.refA.txt-social/results.csv",
    "metric_scores": {
        "HuaweiTSC": 0.4244324810069884,
        "JDExploreAcademy": 0.5361302059154696,
        "Lan-Bridge": 0.5094987429633875,
        "M2M100_1.2B-B4": 0.3500718022842193,
        "Online-A": 0.4871162913223088,
        "Online-B": 0.5373915348582159,
        "Online-G": 0.5567149528887967,
        "Online-W": 0.5415270049716128,
        "Online-Y": 0.4988349045197537,
        "PROMT": 0.4243641764151107,
        "QUARTZ_TuneReranking": 0.4089874891742511,
        "SRPOL": 0.4381173261244839,
        "bleu_bestmbr": 0.5368643042829717,
        "comet_bestmbr": 0.5236790320223008,
        "eTranslation": 0.4132599361546454,
        "refA": 1.569490148802288
    }
}