{
    "system_accuracy": 0.8416666666666667,
    "spearman": 0.8470588235294119,
    "pearson": 0.6189434453788346,
    "kendall": 0.6833333333333333,
    "languages_pair": "en-ru",
    "domain": "social",
    "reference": "en-ru.refA.txt-social",
    "system_names": [
        "HuaweiTSC",
        "JDExploreAcademy",
        "Lan-Bridge",
        "M2M100_1.2B-B4",
        "Online-A",
        "Online-B",
        "Online-G",
        "Online-W",
        "Online-Y",
        "PROMT",
        "QUARTZ_TuneReranking",
        "SRPOL",
        "bleu_bestmbr",
        "comet_bestmbr",
        "eTranslation",
        "refA"
    ],
    "human_scores_file": "data/wmt22//en-ru/human-scores/en-ru.mqm.domain.score",
    "human_scores": {
        "HuaweiTSC": -8.06647058823529,
        "JDExploreAcademy": -4.625294117647058,
        "Lan-Bridge": -5.487352941176468,
        "M2M100_1.2B-B4": -9.274117647058816,
        "Online-A": -6.559411764705882,
        "Online-B": -4.293529411764704,
        "Online-G": -4.332647058823531,
        "Online-W": -2.962058823529413,
        "Online-Y": -5.788235294117646,
        "PROMT": -6.881176470588235,
        "QUARTZ_TuneReranking": -7.024411764705879,
        "SRPOL": -8.189705882352936,
        "bleu_bestmbr": -4.012941176470589,
        "comet_bestmbr": -4.734999999999996,
        "eTranslation": -8.542941176470583,
        "refA": -2.1717647058823544
    },
    "metric_scores_file": "data/wmt22//en-ru/domains/social/nlp-telescope-scores/en-ru-social/en-ru.refA.txt-social/results.csv",
    "metric_scores": {
        "HuaweiTSC": 0.6182013353918074,
        "JDExploreAcademy": 0.6548351501173615,
        "Lan-Bridge": 0.6448477315050936,
        "M2M100_1.2B-B4": 0.5869460620856556,
        "Online-A": 0.6357120299109663,
        "Online-B": 0.6527153342882955,
        "Online-G": 0.6555876989756013,
        "Online-W": 0.6526735621046115,
        "Online-Y": 0.6391340484314424,
        "PROMT": 0.6191809438147944,
        "QUARTZ_TuneReranking": 0.5767858519970511,
        "SRPOL": 0.6260747352115164,
        "bleu_bestmbr": 0.6553771013382467,
        "comet_bestmbr": 0.6169632468749551,
        "eTranslation": 0.6141004463197027,
        "refA": 1.0
    }
}