{
    "system_accuracy": 0.8416666666666667,
    "spearman": 0.8176470588235294,
    "pearson": 0.605404671067934,
    "kendall": 0.6833333333333333,
    "languages_pair": "en-ru",
    "domain": "social",
    "reference": "en-ru.refA.txt-social",
    "system_names": [
        "HuaweiTSC",
        "JDExploreAcademy",
        "Lan-Bridge",
        "M2M100_1.2B-B4",
        "Online-A",
        "Online-B",
        "Online-G",
        "Online-W",
        "Online-Y",
        "PROMT",
        "QUARTZ_TuneReranking",
        "SRPOL",
        "bleu_bestmbr",
        "comet_bestmbr",
        "eTranslation",
        "refA"
    ],
    "human_scores_file": "data/wmt22//en-ru/human-scores/en-ru.mqm.domain.score",
    "human_scores": {
        "HuaweiTSC": -8.06647058823529,
        "JDExploreAcademy": -4.625294117647058,
        "Lan-Bridge": -5.487352941176468,
        "M2M100_1.2B-B4": -9.274117647058816,
        "Online-A": -6.559411764705882,
        "Online-B": -4.293529411764704,
        "Online-G": -4.332647058823531,
        "Online-W": -2.962058823529413,
        "Online-Y": -5.788235294117646,
        "PROMT": -6.881176470588235,
        "QUARTZ_TuneReranking": -7.024411764705879,
        "SRPOL": -8.189705882352936,
        "bleu_bestmbr": -4.012941176470589,
        "comet_bestmbr": -4.734999999999996,
        "eTranslation": -8.542941176470583,
        "refA": -2.1717647058823544
    },
    "metric_scores_file": "data/wmt22//en-ru/domains/social/nlp-telescope-scores/en-ru-social/en-ru.refA.txt-social/results.csv",
    "metric_scores": {
        "HuaweiTSC": -0.5806628321007943,
        "JDExploreAcademy": -0.5358805806628321,
        "Lan-Bridge": -0.5312243221035333,
        "M2M100_1.2B-B4": -0.61147630786086,
        "Online-A": -0.5624486442070665,
        "Online-B": -0.5295809367296631,
        "Online-G": -0.5432758148452479,
        "Online-W": -0.5399890440975076,
        "Online-Y": -0.5493015612161052,
        "PROMT": -0.5898384004382361,
        "QUARTZ_TuneReranking": -0.6432484250890167,
        "SRPOL": -0.5902492467817037,
        "bleu_bestmbr": -0.5176663927691043,
        "comet_bestmbr": -0.5987400712133663,
        "eTranslation": -0.5962749931525609,
        "refA": -0.0
    }
}