{
    "system_accuracy": 0.875,
    "spearman": 0.9088235294117648,
    "pearson": 0.5911282514388512,
    "kendall": 0.75,
    "languages_pair": "en-ru",
    "domain": "social",
    "reference": "en-ru.refA.txt-social",
    "system_names": [
        "HuaweiTSC",
        "JDExploreAcademy",
        "Lan-Bridge",
        "M2M100_1.2B-B4",
        "Online-A",
        "Online-B",
        "Online-G",
        "Online-W",
        "Online-Y",
        "PROMT",
        "QUARTZ_TuneReranking",
        "SRPOL",
        "bleu_bestmbr",
        "comet_bestmbr",
        "eTranslation",
        "refA"
    ],
    "human_scores_file": "data/wmt22//en-ru/human-scores/en-ru.mqm.domain.score",
    "human_scores": {
        "HuaweiTSC": -8.06647058823529,
        "JDExploreAcademy": -4.625294117647058,
        "Lan-Bridge": -5.487352941176468,
        "M2M100_1.2B-B4": -9.274117647058816,
        "Online-A": -6.559411764705882,
        "Online-B": -4.293529411764704,
        "Online-G": -4.332647058823531,
        "Online-W": -2.962058823529413,
        "Online-Y": -5.788235294117646,
        "PROMT": -6.881176470588235,
        "QUARTZ_TuneReranking": -7.024411764705879,
        "SRPOL": -8.189705882352936,
        "bleu_bestmbr": -4.012941176470589,
        "comet_bestmbr": -4.734999999999996,
        "eTranslation": -8.542941176470583,
        "refA": -2.1717647058823544
    },
    "metric_scores_file": "data/wmt22//en-ru/domains/social/nlp-telescope-scores/en-ru-social/en-ru.refA.txt-social/universal_metrics/weighted_mean/weighted-mean-seed-24_0_1_TER_ranks_systems.csv",
    "metric_scores": {
        "HuaweiTSC": 0.2489012105449681,
        "JDExploreAcademy": 0.2750535975494933,
        "Lan-Bridge": 0.2678847261253055,
        "M2M100_1.2B-B4": 0.2301918147044656,
        "Online-A": 0.2615501653136383,
        "Online-B": 0.2737182650488658,
        "Online-G": 0.2785445018609287,
        "Online-W": 0.2741978623653501,
        "Online-Y": 0.2638853137209273,
        "PROMT": 0.248882623660833,
        "QUARTZ_TuneReranking": 0.2366311840473116,
        "SRPOL": 0.2515565033503288,
        "bleu_bestmbr": 0.2746190854871821,
        "comet_bestmbr": 0.2618668910115708,
        "eTranslation": 0.2452411410743696,
        "refA": 0.6066214072373179
    }
}