{
    "system_accuracy": 0.8416666666666667,
    "spearman": 0.8764705882352942,
    "pearson": 0.7386207286771661,
    "kendall": 0.6833333333333333,
    "languages_pair": "en-ru",
    "domain": "social",
    "reference": "en-ru.refA.txt-social",
    "system_names": [
        "HuaweiTSC",
        "JDExploreAcademy",
        "Lan-Bridge",
        "M2M100_1.2B-B4",
        "Online-A",
        "Online-B",
        "Online-G",
        "Online-W",
        "Online-Y",
        "PROMT",
        "QUARTZ_TuneReranking",
        "SRPOL",
        "bleu_bestmbr",
        "comet_bestmbr",
        "eTranslation",
        "refA"
    ],
    "human_scores_file": "data/wmt22//en-ru/human-scores/en-ru.mqm.domain.score",
    "human_scores": {
        "HuaweiTSC": -8.06647058823529,
        "JDExploreAcademy": -4.625294117647058,
        "Lan-Bridge": -5.487352941176468,
        "M2M100_1.2B-B4": -9.274117647058816,
        "Online-A": -6.559411764705882,
        "Online-B": -4.293529411764704,
        "Online-G": -4.332647058823531,
        "Online-W": -2.962058823529413,
        "Online-Y": -5.788235294117646,
        "PROMT": -6.881176470588235,
        "QUARTZ_TuneReranking": -7.024411764705879,
        "SRPOL": -8.189705882352936,
        "bleu_bestmbr": -4.012941176470589,
        "comet_bestmbr": -4.734999999999996,
        "eTranslation": -8.542941176470583,
        "refA": -2.1717647058823544
    },
    "metric_scores_file": "data/wmt22//en-ru/domains/social/nlp-telescope-scores/en-ru-social/en-ru.refA.txt-social/universal_metrics/weighted_mean/weighted-mean-seed-12_-1_1_ranks_systems.csv",
    "metric_scores": {
        "HuaweiTSC": 0.2413202775723169,
        "JDExploreAcademy": 0.250315350087526,
        "Lan-Bridge": 0.2462387762831786,
        "M2M100_1.2B-B4": 0.234662383812716,
        "Online-A": 0.2479835358588905,
        "Online-B": 0.2502687398530689,
        "Online-G": 0.2537084208121657,
        "Online-W": 0.252334620496817,
        "Online-Y": 0.2479793858923134,
        "PROMT": 0.2427948942721149,
        "QUARTZ_TuneReranking": 0.2464317974896619,
        "SRPOL": 0.2452772793630313,
        "bleu_bestmbr": 0.2488076319023164,
        "comet_bestmbr": 0.2576895333202021,
        "eTranslation": 0.2422580818902066,
        "refA": 0.2932188935087881
    }
}