{
    "system_accuracy": 0.8666666666666667,
    "spearman": 0.9029411764705882,
    "pearson": 0.599643452523162,
    "kendall": 0.7333333333333334,
    "languages_pair": "en-ru",
    "domain": "social",
    "reference": "en-ru.refA.txt-social",
    "system_names": [
        "HuaweiTSC",
        "JDExploreAcademy",
        "Lan-Bridge",
        "M2M100_1.2B-B4",
        "Online-A",
        "Online-B",
        "Online-G",
        "Online-W",
        "Online-Y",
        "PROMT",
        "QUARTZ_TuneReranking",
        "SRPOL",
        "bleu_bestmbr",
        "comet_bestmbr",
        "eTranslation",
        "refA"
    ],
    "human_scores_file": "data/wmt22//en-ru/human-scores/en-ru.mqm.domain.score",
    "human_scores": {
        "HuaweiTSC": -8.06647058823529,
        "JDExploreAcademy": -4.625294117647058,
        "Lan-Bridge": -5.487352941176468,
        "M2M100_1.2B-B4": -9.274117647058816,
        "Online-A": -6.559411764705882,
        "Online-B": -4.293529411764704,
        "Online-G": -4.332647058823531,
        "Online-W": -2.962058823529413,
        "Online-Y": -5.788235294117646,
        "PROMT": -6.881176470588235,
        "QUARTZ_TuneReranking": -7.024411764705879,
        "SRPOL": -8.189705882352936,
        "bleu_bestmbr": -4.012941176470589,
        "comet_bestmbr": -4.734999999999996,
        "eTranslation": -8.542941176470583,
        "refA": -2.1717647058823544
    },
    "metric_scores_file": "data/wmt22//en-ru/domains/social/nlp-telescope-scores/en-ru-social/en-ru.refA.txt-social/universal_metrics/weighted_mean/weighted-mean-seed-12_0_1_TER_ranks_systems.csv",
    "metric_scores": {
        "HuaweiTSC": 0.2552320033290374,
        "JDExploreAcademy": 0.2907266629414195,
        "Lan-Bridge": 0.2831873288519976,
        "M2M100_1.2B-B4": 0.2294749182454458,
        "Online-A": 0.2721654451618058,
        "Online-B": 0.290194046778983,
        "Online-G": 0.2937117932205181,
        "Online-W": 0.2892362606474527,
        "Online-Y": 0.2762535146748179,
        "PROMT": 0.2542308135788184,
        "QUARTZ_TuneReranking": 0.2309445983230946,
        "SRPOL": 0.2573861540582796,
        "bleu_bestmbr": 0.2926835902511411,
        "comet_bestmbr": 0.2656208748385168,
        "eTranslation": 0.2491532233908026,
        "refA": 0.7138529289644204
    }
}