{
    "system_accuracy": 0.7583333333333333,
    "spearman": 0.6941176470588235,
    "pearson": 0.6399207834339375,
    "kendall": 0.5166666666666667,
    "languages_pair": "en-ru",
    "domain": "social",
    "reference": "en-ru.refA.txt-social",
    "system_names": [
        "HuaweiTSC",
        "JDExploreAcademy",
        "Lan-Bridge",
        "M2M100_1.2B-B4",
        "Online-A",
        "Online-B",
        "Online-G",
        "Online-W",
        "Online-Y",
        "PROMT",
        "QUARTZ_TuneReranking",
        "SRPOL",
        "bleu_bestmbr",
        "comet_bestmbr",
        "eTranslation",
        "refA"
    ],
    "human_scores_file": "data/wmt22//en-ru/human-scores/en-ru.mqm.domain.score",
    "human_scores": {
        "HuaweiTSC": -8.06647058823529,
        "JDExploreAcademy": -4.625294117647058,
        "Lan-Bridge": -5.487352941176468,
        "M2M100_1.2B-B4": -9.274117647058816,
        "Online-A": -6.559411764705882,
        "Online-B": -4.293529411764704,
        "Online-G": -4.332647058823531,
        "Online-W": -2.962058823529413,
        "Online-Y": -5.788235294117646,
        "PROMT": -6.881176470588235,
        "QUARTZ_TuneReranking": -7.024411764705879,
        "SRPOL": -8.189705882352936,
        "bleu_bestmbr": -4.012941176470589,
        "comet_bestmbr": -4.734999999999996,
        "eTranslation": -8.542941176470583,
        "refA": -2.1717647058823544
    },
    "metric_scores_file": "data/wmt22//en-ru/domains/social/nlp-telescope-scores/en-ru-social/en-ru.refA.txt-social/universal_metrics/weighted_mean/weighted-mean-seed-36_-1_1_ranks_systems.csv",
    "metric_scores": {
        "HuaweiTSC": -0.0085610939144334,
        "JDExploreAcademy": -0.0033400936527695,
        "Lan-Bridge": -0.0062558514381732,
        "M2M100_1.2B-B4": -0.0114554594813416,
        "Online-A": -0.0044954868565712,
        "Online-B": -0.0042750615834499,
        "Online-G": -0.0010587961422134,
        "Online-W": -0.0018530286648354,
        "Online-Y": -0.0052893326524979,
        "PROMT": -0.0074545146024998,
        "QUARTZ_TuneReranking": -0.0009870701049142,
        "SRPOL": -0.0062735442772038,
        "bleu_bestmbr": -0.005380105851646,
        "comet_bestmbr": 0.0043819200366203,
        "eTranslation": -0.0073125742073732,
        "refA": 0.0332669249178956
    }
}