{
    "system_accuracy": 0.825,
    "spearman": 0.8382352941176471,
    "pearson": 0.6029891075765834,
    "kendall": 0.65,
    "languages_pair": "en-ru",
    "domain": "social",
    "reference": "en-ru.refA.txt-social",
    "system_names": [
        "HuaweiTSC",
        "JDExploreAcademy",
        "Lan-Bridge",
        "M2M100_1.2B-B4",
        "Online-A",
        "Online-B",
        "Online-G",
        "Online-W",
        "Online-Y",
        "PROMT",
        "QUARTZ_TuneReranking",
        "SRPOL",
        "bleu_bestmbr",
        "comet_bestmbr",
        "eTranslation",
        "refA"
    ],
    "human_scores_file": "data/wmt22//en-ru/human-scores/en-ru.mqm.domain.score",
    "human_scores": {
        "HuaweiTSC": -8.06647058823529,
        "JDExploreAcademy": -4.625294117647058,
        "Lan-Bridge": -5.487352941176468,
        "M2M100_1.2B-B4": -9.274117647058816,
        "Online-A": -6.559411764705882,
        "Online-B": -4.293529411764704,
        "Online-G": -4.332647058823531,
        "Online-W": -2.962058823529413,
        "Online-Y": -5.788235294117646,
        "PROMT": -6.881176470588235,
        "QUARTZ_TuneReranking": -7.024411764705879,
        "SRPOL": -8.189705882352936,
        "bleu_bestmbr": -4.012941176470589,
        "comet_bestmbr": -4.734999999999996,
        "eTranslation": -8.542941176470583,
        "refA": -2.1717647058823544
    },
    "metric_scores_file": "data/wmt22//en-ru/domains/social/nlp-telescope-scores/en-ru-social/en-ru.refA.txt-social/universal_metrics/weighted_mean/weighted-mean-seed-24_-1_1_ranks_systems.csv",
    "metric_scores": {
        "HuaweiTSC": 0.1561029187856592,
        "JDExploreAcademy": 0.1650054389141967,
        "Lan-Bridge": 0.1601752002085989,
        "M2M100_1.2B-B4": 0.149962473971704,
        "Online-A": 0.1616556455044886,
        "Online-B": 0.1635460438975788,
        "Online-G": 0.1679920127650996,
        "Online-W": 0.1661892493164258,
        "Online-Y": 0.1617628259257608,
        "PROMT": 0.1574996937073526,
        "QUARTZ_TuneReranking": 0.1624271587856529,
        "SRPOL": 0.160053899522465,
        "bleu_bestmbr": 0.1622030333200303,
        "comet_bestmbr": 0.1726689844584986,
        "eTranslation": 0.1571378297734726,
        "refA": 0.2580042938009346
    }
}