{
    "system_accuracy": 0.9,
    "spearman": 0.9235294117647058,
    "pearson": 0.5795529717319662,
    "kendall": 0.7999999999999999,
    "languages_pair": "en-ru",
    "domain": "social",
    "reference": "en-ru.refA.txt-social",
    "system_names": [
        "HuaweiTSC",
        "JDExploreAcademy",
        "Lan-Bridge",
        "M2M100_1.2B-B4",
        "Online-A",
        "Online-B",
        "Online-G",
        "Online-W",
        "Online-Y",
        "PROMT",
        "QUARTZ_TuneReranking",
        "SRPOL",
        "bleu_bestmbr",
        "comet_bestmbr",
        "eTranslation",
        "refA"
    ],
    "human_scores_file": "data/wmt22//en-ru/human-scores/en-ru.mqm.domain.score",
    "human_scores": {
        "HuaweiTSC": -8.06647058823529,
        "JDExploreAcademy": -4.625294117647058,
        "Lan-Bridge": -5.487352941176468,
        "M2M100_1.2B-B4": -9.274117647058816,
        "Online-A": -6.559411764705882,
        "Online-B": -4.293529411764704,
        "Online-G": -4.332647058823531,
        "Online-W": -2.962058823529413,
        "Online-Y": -5.788235294117646,
        "PROMT": -6.881176470588235,
        "QUARTZ_TuneReranking": -7.024411764705879,
        "SRPOL": -8.189705882352936,
        "bleu_bestmbr": -4.012941176470589,
        "comet_bestmbr": -4.734999999999996,
        "eTranslation": -8.542941176470583,
        "refA": -2.1717647058823544
    },
    "metric_scores_file": "data/wmt22//en-ru/domains/social/nlp-telescope-scores/en-ru-social/en-ru.refA.txt-social/universal_metrics/weighted_mean/weighted-mean-seed-36_0_1_TER_ranks_systems.csv",
    "metric_scores": {
        "HuaweiTSC": 0.221350482317655,
        "JDExploreAcademy": 0.2438455880576198,
        "Lan-Bridge": 0.2370808531492045,
        "M2M100_1.2B-B4": 0.2052302596262661,
        "Online-A": 0.231961295591456,
        "Online-B": 0.2420291544131425,
        "Online-G": 0.2464799558044339,
        "Online-W": 0.2431116549943439,
        "Online-Y": 0.2341455391877253,
        "PROMT": 0.2214655667377698,
        "QUARTZ_TuneReranking": 0.2121952349028291,
        "SRPOL": 0.2241344736000151,
        "bleu_bestmbr": 0.2429819997406743,
        "comet_bestmbr": 0.234358456465474,
        "eTranslation": 0.2185382624202546,
        "refA": 0.5583210700311383
    }
}