{
    "system_accuracy": 0.8583333333333333,
    "spearman": 0.8907029845004508,
    "pearson": 0.4951214457630222,
    "kendall": 0.7405931817601114,
    "languages_pair": "en-ru",
    "domain": "social",
    "reference": "en-ru.refA.txt-social",
    "system_names": [
        "HuaweiTSC",
        "JDExploreAcademy",
        "Lan-Bridge",
        "M2M100_1.2B-B4",
        "Online-A",
        "Online-B",
        "Online-G",
        "Online-W",
        "Online-Y",
        "PROMT",
        "QUARTZ_TuneReranking",
        "SRPOL",
        "bleu_bestmbr",
        "comet_bestmbr",
        "eTranslation",
        "refA"
    ],
    "human_scores_file": "data/wmt22//en-ru/human-scores/en-ru.mqm.domain.score",
    "human_scores": {
        "HuaweiTSC": -8.06647058823529,
        "JDExploreAcademy": -4.625294117647058,
        "Lan-Bridge": -5.487352941176468,
        "M2M100_1.2B-B4": -9.274117647058816,
        "Online-A": -6.559411764705882,
        "Online-B": -4.293529411764704,
        "Online-G": -4.332647058823531,
        "Online-W": -2.962058823529413,
        "Online-Y": -5.788235294117646,
        "PROMT": -6.881176470588235,
        "QUARTZ_TuneReranking": -7.024411764705879,
        "SRPOL": -8.189705882352936,
        "bleu_bestmbr": -4.012941176470589,
        "comet_bestmbr": -4.734999999999996,
        "eTranslation": -8.542941176470583,
        "refA": -2.1717647058823544
    },
    "metric_scores_file": "data/wmt22//en-ru/domains/social/nlp-telescope-scores/en-ru-social/en-ru.refA.txt-social/results.csv",
    "metric_scores": {
        "HuaweiTSC": 0.03515625,
        "JDExploreAcademy": 0.05859375,
        "Lan-Bridge": 0.04296875,
        "M2M100_1.2B-B4": 0.01953125,
        "Online-A": 0.03515625,
        "Online-B": 0.04296875,
        "Online-G": 0.056640625,
        "Online-W": 0.048828125,
        "Online-Y": 0.037109375,
        "PROMT": 0.03515625,
        "QUARTZ_TuneReranking": 0.025390625,
        "SRPOL": 0.037109375,
        "bleu_bestmbr": 0.046875,
        "comet_bestmbr": 0.0390625,
        "eTranslation": 0.03125,
        "refA": 1.0
    }
}