,PPV,FDR,FOR,NPV,TPR,FPR,FNR,TNR
neutral,0.0,0.0,0.0,1.0,0.0,0.0,0.0,1.0
female,0.9943227899432279,0.0056772100567721,0.008118081180811807,0.9918819188191882,0.9911075181891673,0.0051813471502590676,0.00889248181083266,0.9948186528497409
male,0.9918819188191882,0.008118081180811807,0.0056772100567721,0.9943227899432279,0.9948186528497409,0.00889248181083266,0.0051813471502590676,0.9911075181891673
