,Precison,FDR,FOR,NPV,Recall,FPR,FNR,TNR
neutral,1.0,0.0,0.0038461538461538464,0.9961538461538462,0.9949238578680203,0.0,0.005076142131979695,1.0
female,0.9272727272727272,0.07272727272727272,0.0,1.0,1.0,0.009876543209876543,0.0,0.9901234567901235
male,0.9951219512195122,0.004878048780487805,0.01593625498007968,0.9840637450199203,0.9807692307692307,0.004032258064516129,0.019230769230769232,0.9959677419354839
