,bing,google
Demographic-Parity,0.5925666199158486,0.6086956521739131
Accuracy,0.8776978417266187,0.8920863309352518
Precision,0.9121723291359785,0.9222011385199241
Recall,0.7793794261769951,0.7909286097691894
F1-score,0.7993818453368736,0.8100464190981432
