,PPV,FDR,FOR,NPV,TPR,FPR,FNR,TNR
neutral,1.0,0.0,0.0,1.0,1.0,0.0,0.0,1.0
female,0.625,0.375,0.21428571428571427,0.7857142857142857,0.45454545454545453,0.12,0.5454545454545454,0.88
male,0.7142857142857143,0.2857142857142857,0.2,0.8,0.8333333333333334,0.3333333333333333,0.16666666666666666,0.6666666666666666
