,Precison,FDR,FOR,NPV,Recall,FPR,FNR,TNR
neutral,0.9791666666666666,0.020833333333333332,0.03125,0.96875,0.9690721649484536,0.021052631578947368,0.030927835051546393,0.9789473684210527
female,0.9512195121951219,0.04878048780487805,0.0,1.0,1.0,0.013071895424836602,0.0,0.9869281045751634
male,0.9636363636363636,0.03636363636363636,0.021897810218978103,0.9781021897810219,0.9464285714285714,0.014705882352941176,0.05357142857142857,0.9852941176470589
