,PPV,FDR,FOR,NPV,TPR,FPR,FNR,TNR
neutral,1.0,0.0,0.08333333333333333,0.9166666666666666,0.625,0.0,0.375,1.0
female,0.8611111111111112,0.1388888888888889,0.0,1.0,1.0,0.09803921568627451,0.0,0.9019607843137255
male,0.9444444444444444,0.05555555555555555,0.021739130434782608,0.9782608695652174,0.9714285714285714,0.0425531914893617,0.02857142857142857,0.9574468085106383
