,Precison,FDR,FOR,NPV,Recall,FPR,FNR,TNR
neutral,1.0,0.0,0.04040404040404041,0.9595959595959596,0.9587628865979382,0.0,0.041237113402061855,1.0
female,0.9285714285714286,0.07142857142857142,0.0,1.0,1.0,0.0196078431372549,0.0,0.9803921568627451
male,0.9473684210526315,0.05263157894736842,0.014814814814814815,0.9851851851851852,0.9642857142857143,0.022058823529411766,0.03571428571428571,0.9779411764705882
