,Precison,FDR,FOR,NPV,Recall,FPR,FNR,TNR
neutral,1.0,0.0,0.2913907284768212,0.7086092715231788,0.36231884057971014,0.0,0.6376811594202898,1.0
female,0.6285714285714286,0.37142857142857144,0.018867924528301886,0.9811320754716981,0.9565217391304348,0.2,0.043478260869565216,0.8
male,0.7530864197530864,0.24691358024691357,0.0,1.0,1.0,0.17391304347826086,0.0,0.8260869565217391
