{
    "system_accuracy": 0.7916666666666666,
    "spearman": 0.6941176470588235,
    "pearson": 0.4608244232160512,
    "kendall": 0.5833333333333334,
    "languages_pair": "en-de",
    "domain": "social",
    "reference": "en-de.refA.txt-social",
    "system_names": [
        "Online-B",
        "bleurt_bestmbr",
        "M2M100_1.2B-B4",
        "Online-G",
        "PROMT",
        "Online-W",
        "OpenNMT",
        "Lan-Bridge",
        "refA",
        "Online-A",
        "refB",
        "QUARTZ_TuneReranking",
        "Online-Y",
        "bleu_bestmbr",
        "comet_bestmbr",
        "JDExploreAcademy"
    ],
    "human_scores_file": "data/wmt22//en-de/human-scores/en-de.mqm.domain.score",
    "human_scores": {
        "Online-B": -1.2655882352941183,
        "bleurt_bestmbr": -1.4100000000000004,
        "M2M100_1.2B-B4": -2.991470588235295,
        "Online-G": -1.5120588235294121,
        "PROMT": -1.9408823529411772,
        "Online-W": -0.7361764705882352,
        "OpenNMT": -2.144411764705883,
        "Lan-Bridge": -1.724117647058824,
        "refA": -0.6814705882352939,
        "Online-A": -1.5450000000000008,
        "refB": -0.9282352941176469,
        "QUARTZ_TuneReranking": -1.589117647058824,
        "Online-Y": -1.445588235294118,
        "bleu_bestmbr": -1.1391176470588238,
        "comet_bestmbr": -1.3320588235294124,
        "JDExploreAcademy": -1.2082352941176475
    },
    "metric_scores_file": "data/wmt22//en-de/domains/social/nlp-telescope-scores/en-de-social/en-de.refA.txt-social/universal_metrics/average_ranks_systems.csv",
    "metric_scores": {
        "Online-B": 0.5010655271321056,
        "bleurt_bestmbr": 0.4804984416523316,
        "M2M100_1.2B-B4": 0.4578225829907039,
        "Online-G": 0.4916410013327272,
        "PROMT": 0.4892328387951874,
        "Online-W": 0.5136082699469428,
        "OpenNMT": 0.4781171914467633,
        "Lan-Bridge": 0.4936739899348404,
        "refA": 0.924039951292798,
        "Online-A": 0.4940490893268662,
        "refB": 0.487567764131044,
        "QUARTZ_TuneReranking": 0.4850157509551091,
        "Online-Y": 0.4997487875039513,
        "bleu_bestmbr": 0.501299598072947,
        "comet_bestmbr": 0.4842178826365313,
        "JDExploreAcademy": 0.5035678181628712
    }
}