{
    "system_accuracy": 0.7416666666666667,
    "spearman": 0.6176470588235293,
    "pearson": 0.5044338464246924,
    "kendall": 0.48333333333333334,
    "languages_pair": "en-de",
    "domain": "social",
    "reference": "en-de.refA.txt-social",
    "system_names": [
        "Online-B",
        "bleurt_bestmbr",
        "M2M100_1.2B-B4",
        "Online-G",
        "PROMT",
        "Online-W",
        "OpenNMT",
        "Lan-Bridge",
        "refA",
        "Online-A",
        "refB",
        "QUARTZ_TuneReranking",
        "Online-Y",
        "bleu_bestmbr",
        "comet_bestmbr",
        "JDExploreAcademy"
    ],
    "human_scores_file": "data/wmt22//en-de/human-scores/en-de.mqm.domain.score",
    "human_scores": {
        "Online-B": -1.2655882352941183,
        "bleurt_bestmbr": -1.4100000000000004,
        "M2M100_1.2B-B4": -2.991470588235295,
        "Online-G": -1.5120588235294121,
        "PROMT": -1.9408823529411772,
        "Online-W": -0.7361764705882352,
        "OpenNMT": -2.144411764705883,
        "Lan-Bridge": -1.724117647058824,
        "refA": -0.6814705882352939,
        "Online-A": -1.5450000000000008,
        "refB": -0.9282352941176469,
        "QUARTZ_TuneReranking": -1.589117647058824,
        "Online-Y": -1.445588235294118,
        "bleu_bestmbr": -1.1391176470588238,
        "comet_bestmbr": -1.3320588235294124,
        "JDExploreAcademy": -1.2082352941176475
    },
    "metric_scores_file": "data/wmt22//en-de/domains/social/nlp-telescope-scores/en-de-social/en-de.refA.txt-social/results.csv",
    "metric_scores": {
        "Online-B": 0.8760979262879118,
        "bleurt_bestmbr": 0.8617377469781786,
        "M2M100_1.2B-B4": 0.8551724505377933,
        "Online-G": 0.8717614203924313,
        "PROMT": 0.8723659631796181,
        "Online-W": 0.8825612728251144,
        "OpenNMT": 0.864963550819084,
        "Lan-Bridge": 0.8718612380325794,
        "refA": 0.9999999972060324,
        "Online-A": 0.8734115962870419,
        "refB": 0.8694598797010258,
        "QUARTZ_TuneReranking": 0.8645925370510668,
        "Online-Y": 0.8773559146793559,
        "bleu_bestmbr": 0.8774034017696977,
        "comet_bestmbr": 0.8637911390978843,
        "JDExploreAcademy": 0.8777541947783902
    }
}