{
    "system_accuracy": 0.7333333333333333,
    "spearman": 0.5588235294117647,
    "pearson": 0.43432618083891694,
    "kendall": 0.4666666666666666,
    "languages_pair": "en-de",
    "domain": "social",
    "reference": "en-de.refA.txt-social",
    "system_names": [
        "Online-B",
        "bleurt_bestmbr",
        "M2M100_1.2B-B4",
        "Online-G",
        "PROMT",
        "Online-W",
        "OpenNMT",
        "Lan-Bridge",
        "refA",
        "Online-A",
        "refB",
        "QUARTZ_TuneReranking",
        "Online-Y",
        "bleu_bestmbr",
        "comet_bestmbr",
        "JDExploreAcademy"
    ],
    "human_scores_file": "data/wmt22//en-de/human-scores/en-de.mqm.domain.score",
    "human_scores": {
        "Online-B": -1.2655882352941183,
        "bleurt_bestmbr": -1.4100000000000004,
        "M2M100_1.2B-B4": -2.991470588235295,
        "Online-G": -1.5120588235294121,
        "PROMT": -1.9408823529411772,
        "Online-W": -0.7361764705882352,
        "OpenNMT": -2.144411764705883,
        "Lan-Bridge": -1.724117647058824,
        "refA": -0.6814705882352939,
        "Online-A": -1.5450000000000008,
        "refB": -0.9282352941176469,
        "QUARTZ_TuneReranking": -1.589117647058824,
        "Online-Y": -1.445588235294118,
        "bleu_bestmbr": -1.1391176470588238,
        "comet_bestmbr": -1.3320588235294124,
        "JDExploreAcademy": -1.2082352941176475
    },
    "metric_scores_file": "data/wmt22//en-de/domains/social/nlp-telescope-scores/en-de-social/en-de.refA.txt-social/results.csv",
    "metric_scores": {
        "Online-B": 0.3578708776546764,
        "bleurt_bestmbr": 0.287677886273735,
        "M2M100_1.2B-B4": 0.2854967435021246,
        "Online-G": 0.339564754328391,
        "PROMT": 0.3318807541782233,
        "Online-W": 0.3548577791250082,
        "OpenNMT": 0.3181271384894038,
        "Lan-Bridge": 0.3371039400040844,
        "refA": 1.0000000000000004,
        "Online-A": 0.334716428424522,
        "refB": 0.3043042298060582,
        "QUARTZ_TuneReranking": 0.3118874057760559,
        "Online-Y": 0.3455252237414987,
        "bleu_bestmbr": 0.3582579820133271,
        "comet_bestmbr": 0.2887802369339656,
        "JDExploreAcademy": 0.3597686540981583
    }
}