{
    "system_accuracy": 0.7416666666666667,
    "spearman": 0.5941176470588235,
    "pearson": 0.4658760485538802,
    "kendall": 0.48333333333333334,
    "languages_pair": "en-de",
    "domain": "social",
    "reference": "en-de.refA.txt-social",
    "system_names": [
        "Online-B",
        "bleurt_bestmbr",
        "M2M100_1.2B-B4",
        "Online-G",
        "PROMT",
        "Online-W",
        "OpenNMT",
        "Lan-Bridge",
        "refA",
        "Online-A",
        "refB",
        "QUARTZ_TuneReranking",
        "Online-Y",
        "bleu_bestmbr",
        "comet_bestmbr",
        "JDExploreAcademy"
    ],
    "human_scores_file": "data/wmt22//en-de/human-scores/en-de.mqm.domain.score",
    "human_scores": {
        "Online-B": -1.2655882352941183,
        "bleurt_bestmbr": -1.4100000000000004,
        "M2M100_1.2B-B4": -2.991470588235295,
        "Online-G": -1.5120588235294121,
        "PROMT": -1.9408823529411772,
        "Online-W": -0.7361764705882352,
        "OpenNMT": -2.144411764705883,
        "Lan-Bridge": -1.724117647058824,
        "refA": -0.6814705882352939,
        "Online-A": -1.5450000000000008,
        "refB": -0.9282352941176469,
        "QUARTZ_TuneReranking": -1.589117647058824,
        "Online-Y": -1.445588235294118,
        "bleu_bestmbr": -1.1391176470588238,
        "comet_bestmbr": -1.3320588235294124,
        "JDExploreAcademy": -1.2082352941176475
    },
    "metric_scores_file": "data/wmt22//en-de/domains/social/nlp-telescope-scores/en-de-social/en-de.refA.txt-social/results.csv",
    "metric_scores": {
        "Online-B": 0.5983130978581475,
        "bleurt_bestmbr": 0.5572955693135052,
        "M2M100_1.2B-B4": 0.5403115374297552,
        "Online-G": 0.584630833810371,
        "PROMT": 0.5808766684835555,
        "Online-W": 0.606649793342832,
        "OpenNMT": 0.565790400538043,
        "Lan-Bridge": 0.5890365547938382,
        "refA": 1.0,
        "Online-A": 0.5872902698774599,
        "refB": 0.5624667935575719,
        "QUARTZ_TuneReranking": 0.5614560616514276,
        "Online-Y": 0.5919992909471745,
        "bleu_bestmbr": 0.5963588843235534,
        "comet_bestmbr": 0.5592060569343612,
        "JDExploreAcademy": 0.5983425331236414
    }
}