{
    "system_accuracy": 0.8166666666666667,
    "spearman": 0.7647058823529411,
    "pearson": 0.5067195750991732,
    "kendall": 0.6333333333333333,
    "languages_pair": "en-de",
    "domain": "social",
    "reference": "en-de.refA.txt-social",
    "system_names": [
        "Online-B",
        "bleurt_bestmbr",
        "M2M100_1.2B-B4",
        "Online-G",
        "PROMT",
        "Online-W",
        "OpenNMT",
        "Lan-Bridge",
        "refA",
        "Online-A",
        "refB",
        "QUARTZ_TuneReranking",
        "Online-Y",
        "bleu_bestmbr",
        "comet_bestmbr",
        "JDExploreAcademy"
    ],
    "human_scores_file": "data/wmt22//en-de/human-scores/en-de.mqm.domain.score",
    "human_scores": {
        "Online-B": -1.2655882352941183,
        "bleurt_bestmbr": -1.4100000000000004,
        "M2M100_1.2B-B4": -2.991470588235295,
        "Online-G": -1.5120588235294121,
        "PROMT": -1.9408823529411772,
        "Online-W": -0.7361764705882352,
        "OpenNMT": -2.144411764705883,
        "Lan-Bridge": -1.724117647058824,
        "refA": -0.6814705882352939,
        "Online-A": -1.5450000000000008,
        "refB": -0.9282352941176469,
        "QUARTZ_TuneReranking": -1.589117647058824,
        "Online-Y": -1.445588235294118,
        "bleu_bestmbr": -1.1391176470588238,
        "comet_bestmbr": -1.3320588235294124,
        "JDExploreAcademy": -1.2082352941176475
    },
    "metric_scores_file": "data/wmt22//en-de/domains/social/nlp-telescope-scores/en-de-social/en-de.refA.txt-social/results.csv",
    "metric_scores": {
        "Online-B": 0.4328679011914573,
        "bleurt_bestmbr": 0.3838615060149095,
        "M2M100_1.2B-B4": 0.2871902969227449,
        "Online-G": 0.4046897625821657,
        "PROMT": 0.3843616185931751,
        "Online-W": 0.492367981416919,
        "OpenNMT": 0.35293112682848,
        "Lan-Bridge": 0.4131771602378649,
        "refA": 1.4682796618435532,
        "Online-A": 0.4088241155077412,
        "refB": 0.3977428519283421,
        "QUARTZ_TuneReranking": 0.3902627754732748,
        "Online-Y": 0.4417581985289871,
        "bleu_bestmbr": 0.4367263587064371,
        "comet_bestmbr": 0.4216242997326844,
        "JDExploreAcademy": 0.4421306098047353
    }
}