{
    "system_accuracy": 0.7666666666666667,
    "spearman": 0.6588235294117648,
    "pearson": 0.4816214161990023,
    "kendall": 0.5333333333333333,
    "languages_pair": "en-de",
    "domain": "social",
    "reference": "en-de.refA.txt-social",
    "system_names": [
        "Online-B",
        "bleurt_bestmbr",
        "M2M100_1.2B-B4",
        "Online-G",
        "PROMT",
        "Online-W",
        "OpenNMT",
        "Lan-Bridge",
        "refA",
        "Online-A",
        "refB",
        "QUARTZ_TuneReranking",
        "Online-Y",
        "bleu_bestmbr",
        "comet_bestmbr",
        "JDExploreAcademy"
    ],
    "human_scores_file": "data/wmt22//en-de/human-scores/en-de.mqm.domain.score",
    "human_scores": {
        "Online-B": -1.2655882352941183,
        "bleurt_bestmbr": -1.4100000000000004,
        "M2M100_1.2B-B4": -2.991470588235295,
        "Online-G": -1.5120588235294121,
        "PROMT": -1.9408823529411772,
        "Online-W": -0.7361764705882352,
        "OpenNMT": -2.144411764705883,
        "Lan-Bridge": -1.724117647058824,
        "refA": -0.6814705882352939,
        "Online-A": -1.5450000000000008,
        "refB": -0.9282352941176469,
        "QUARTZ_TuneReranking": -1.589117647058824,
        "Online-Y": -1.445588235294118,
        "bleu_bestmbr": -1.1391176470588238,
        "comet_bestmbr": -1.3320588235294124,
        "JDExploreAcademy": -1.2082352941176475
    },
    "metric_scores_file": "data/wmt22//en-de/domains/social/nlp-telescope-scores/en-de-social/en-de.refA.txt-social/results.csv",
    "metric_scores": {
        "Online-B": 0.6717250714804761,
        "bleurt_bestmbr": 0.6380194284462939,
        "M2M100_1.2B-B4": 0.6253657719137893,
        "Online-G": 0.6651870036013211,
        "PROMT": 0.667553999951165,
        "Online-W": 0.6862304529560821,
        "OpenNMT": 0.6431616944286522,
        "Lan-Bridge": 0.6641317219890027,
        "refA": 1.0,
        "Online-A": 0.6677229821597677,
        "refB": 0.6500401797638694,
        "QUARTZ_TuneReranking": 0.6480622005056246,
        "Online-Y": 0.6729529028337585,
        "bleu_bestmbr": 0.6760445930330574,
        "comet_bestmbr": 0.6446338175752361,
        "JDExploreAcademy": 0.6789082358575234
    }
}