{
    "system_accuracy": 0.7666666666666667,
    "spearman": 0.6441176470588235,
    "pearson": 0.6876592562128587,
    "kendall": 0.5333333333333333,
    "languages_pair": "en-de",
    "domain": "social",
    "reference": "en-de.refA.txt-social",
    "system_names": [
        "Online-B",
        "bleurt_bestmbr",
        "M2M100_1.2B-B4",
        "Online-G",
        "PROMT",
        "Online-W",
        "OpenNMT",
        "Lan-Bridge",
        "refA",
        "Online-A",
        "refB",
        "QUARTZ_TuneReranking",
        "Online-Y",
        "bleu_bestmbr",
        "comet_bestmbr",
        "JDExploreAcademy"
    ],
    "human_scores_file": "data/wmt22//en-de/human-scores/en-de.mqm.domain.score",
    "human_scores": {
        "Online-B": -1.2655882352941183,
        "bleurt_bestmbr": -1.4100000000000004,
        "M2M100_1.2B-B4": -2.991470588235295,
        "Online-G": -1.5120588235294121,
        "PROMT": -1.9408823529411772,
        "Online-W": -0.7361764705882352,
        "OpenNMT": -2.144411764705883,
        "Lan-Bridge": -1.724117647058824,
        "refA": -0.6814705882352939,
        "Online-A": -1.5450000000000008,
        "refB": -0.9282352941176469,
        "QUARTZ_TuneReranking": -1.589117647058824,
        "Online-Y": -1.445588235294118,
        "bleu_bestmbr": -1.1391176470588238,
        "comet_bestmbr": -1.3320588235294124,
        "JDExploreAcademy": -1.2082352941176475
    },
    "metric_scores_file": "data/wmt22//en-de/domains/social/nlp-telescope-scores/en-de-social/en-de.refA.txt-social/universal_metrics/social-choice-theory_ranks_systems.csv",
    "metric_scores": {
        "Online-B": -38.0,
        "bleurt_bestmbr": -105.0,
        "M2M100_1.2B-B4": -112.0,
        "Online-G": -69.0,
        "PROMT": -73.0,
        "Online-W": -18.0,
        "OpenNMT": -89.0,
        "Lan-Bridge": -60.0,
        "refA": -7.0,
        "Online-A": -62.0,
        "refB": -82.0,
        "QUARTZ_TuneReranking": -86.0,
        "Online-Y": -43.0,
        "bleu_bestmbr": -28.0,
        "comet_bestmbr": -91.0,
        "JDExploreAcademy": -27.0
    }
}