{
    "system_accuracy": 0.725,
    "spearman": 0.5352941176470588,
    "pearson": 0.4388069231861152,
    "kendall": 0.45,
    "languages_pair": "en-de",
    "domain": "social",
    "reference": "en-de.refA.txt-social",
    "system_names": [
        "Online-B",
        "bleurt_bestmbr",
        "M2M100_1.2B-B4",
        "Online-G",
        "PROMT",
        "Online-W",
        "OpenNMT",
        "Lan-Bridge",
        "refA",
        "Online-A",
        "refB",
        "QUARTZ_TuneReranking",
        "Online-Y",
        "bleu_bestmbr",
        "comet_bestmbr",
        "JDExploreAcademy"
    ],
    "human_scores_file": "data/wmt22//en-de/human-scores/en-de.mqm.domain.score",
    "human_scores": {
        "Online-B": -1.2655882352941183,
        "bleurt_bestmbr": -1.4100000000000004,
        "M2M100_1.2B-B4": -2.991470588235295,
        "Online-G": -1.5120588235294121,
        "PROMT": -1.9408823529411772,
        "Online-W": -0.7361764705882352,
        "OpenNMT": -2.144411764705883,
        "Lan-Bridge": -1.724117647058824,
        "refA": -0.6814705882352939,
        "Online-A": -1.5450000000000008,
        "refB": -0.9282352941176469,
        "QUARTZ_TuneReranking": -1.589117647058824,
        "Online-Y": -1.445588235294118,
        "bleu_bestmbr": -1.1391176470588238,
        "comet_bestmbr": -1.3320588235294124,
        "JDExploreAcademy": -1.2082352941176475
    },
    "metric_scores_file": "data/wmt22//en-de/domains/social/nlp-telescope-scores/en-de-social/en-de.refA.txt-social/results.csv",
    "metric_scores": {
        "Online-B": -0.5295681904520704,
        "bleurt_bestmbr": -0.6036469545396986,
        "M2M100_1.2B-B4": -0.5936431556287197,
        "Online-G": -0.5483094846144105,
        "PROMT": -0.5543877421805748,
        "Online-W": -0.527668734962644,
        "OpenNMT": -0.5705964290236799,
        "Lan-Bridge": -0.5413448144865138,
        "refA": -0.0,
        "Online-A": -0.5512219830315309,
        "refB": -0.5879447891604407,
        "QUARTZ_TuneReranking": -0.5817399012283145,
        "Online-Y": -0.5334937317968849,
        "bleu_bestmbr": -0.5213372166645561,
        "comet_bestmbr": -0.5841458781815879,
        "JDExploreAcademy": -0.5309611244776498
    }
}