{
    "system_accuracy": 0.8083333333333333,
    "spearman": 0.7470588235294118,
    "pearson": 0.5850186010186198,
    "kendall": 0.6166666666666666,
    "languages_pair": "en-de",
    "domain": "social",
    "reference": "en-de.refA.txt-social",
    "system_names": [
        "Online-B",
        "bleurt_bestmbr",
        "M2M100_1.2B-B4",
        "Online-G",
        "PROMT",
        "Online-W",
        "OpenNMT",
        "Lan-Bridge",
        "refA",
        "Online-A",
        "refB",
        "QUARTZ_TuneReranking",
        "Online-Y",
        "bleu_bestmbr",
        "comet_bestmbr",
        "JDExploreAcademy"
    ],
    "human_scores_file": "data/wmt22//en-de/human-scores/en-de.mqm.domain.score",
    "human_scores": {
        "Online-B": -1.2655882352941183,
        "bleurt_bestmbr": -1.4100000000000004,
        "M2M100_1.2B-B4": -2.991470588235295,
        "Online-G": -1.5120588235294121,
        "PROMT": -1.9408823529411772,
        "Online-W": -0.7361764705882352,
        "OpenNMT": -2.144411764705883,
        "Lan-Bridge": -1.724117647058824,
        "refA": -0.6814705882352939,
        "Online-A": -1.5450000000000008,
        "refB": -0.9282352941176469,
        "QUARTZ_TuneReranking": -1.589117647058824,
        "Online-Y": -1.445588235294118,
        "bleu_bestmbr": -1.1391176470588238,
        "comet_bestmbr": -1.3320588235294124,
        "JDExploreAcademy": -1.2082352941176475
    },
    "metric_scores_file": "data/wmt22//en-de/domains/social/nlp-telescope-scores/en-de-social/en-de.refA.txt-social/universal_metrics/weighted-mean/weighted-mean-seed-36_-1_1_ranks_systems.csv",
    "metric_scores": {
        "Online-B": -0.01777345853736,
        "bleurt_bestmbr": -0.0134433348061628,
        "M2M100_1.2B-B4": -0.0234792976492943,
        "Online-G": -0.0177851054423731,
        "PROMT": -0.019342212745357,
        "Online-W": -0.0124509421176141,
        "OpenNMT": -0.0203512838091307,
        "Lan-Bridge": -0.0185963989442446,
        "refA": 0.0215725120473546,
        "Online-A": -0.017748641876374,
        "refB": -0.013714618767013,
        "QUARTZ_TuneReranking": -0.0141536968961537,
        "Online-Y": -0.0162568125692744,
        "bleu_bestmbr": -0.0179578576506541,
        "comet_bestmbr": -0.0115040800364083,
        "JDExploreAcademy": -0.0161463100311881
    }
}