{
    "system_accuracy": 0.775,
    "spearman": 0.6823529411764706,
    "pearson": 0.4658741911171954,
    "kendall": 0.5499999999999999,
    "languages_pair": "en-de",
    "domain": "social",
    "reference": "en-de.refA.txt-social",
    "system_names": [
        "Online-B",
        "bleurt_bestmbr",
        "M2M100_1.2B-B4",
        "Online-G",
        "PROMT",
        "Online-W",
        "OpenNMT",
        "Lan-Bridge",
        "refA",
        "Online-A",
        "refB",
        "QUARTZ_TuneReranking",
        "Online-Y",
        "bleu_bestmbr",
        "comet_bestmbr",
        "JDExploreAcademy"
    ],
    "human_scores_file": "data/wmt22//en-de/human-scores/en-de.mqm.domain.score",
    "human_scores": {
        "Online-B": -1.2655882352941183,
        "bleurt_bestmbr": -1.4100000000000004,
        "M2M100_1.2B-B4": -2.991470588235295,
        "Online-G": -1.5120588235294121,
        "PROMT": -1.9408823529411772,
        "Online-W": -0.7361764705882352,
        "OpenNMT": -2.144411764705883,
        "Lan-Bridge": -1.724117647058824,
        "refA": -0.6814705882352939,
        "Online-A": -1.5450000000000008,
        "refB": -0.9282352941176469,
        "QUARTZ_TuneReranking": -1.589117647058824,
        "Online-Y": -1.445588235294118,
        "bleu_bestmbr": -1.1391176470588238,
        "comet_bestmbr": -1.3320588235294124,
        "JDExploreAcademy": -1.2082352941176475
    },
    "metric_scores_file": "data/wmt22//en-de/domains/social/nlp-telescope-scores/en-de-social/en-de.refA.txt-social/universal_metrics/weighted-mean/weighted-mean-seed-24_0_1_TER_ranks_systems.csv",
    "metric_scores": {
        "Online-B": 0.2615580576431929,
        "bleurt_bestmbr": 0.2449961051680978,
        "M2M100_1.2B-B4": 0.2266856927645239,
        "Online-G": 0.2536148106003827,
        "PROMT": 0.2510661352672433,
        "Online-W": 0.2727089835865975,
        "OpenNMT": 0.2425421781678476,
        "Lan-Bridge": 0.2564643473102289,
        "refA": 0.5922869331291327,
        "Online-A": 0.2555636863832216,
        "refB": 0.2502520350690108,
        "QUARTZ_TuneReranking": 0.2481405421909361,
        "Online-Y": 0.2615819187807948,
        "bleu_bestmbr": 0.2625042086094175,
        "comet_bestmbr": 0.2507457595661606,
        "JDExploreAcademy": 0.2630401394956993
    }
}