{
    "system_accuracy": 0.85,
    "spearman": 0.8176470588235294,
    "pearson": 0.6646628783450238,
    "kendall": 0.7,
    "languages_pair": "en-de",
    "domain": "social",
    "reference": "en-de.refA.txt-social",
    "system_names": [
        "Online-B",
        "bleurt_bestmbr",
        "M2M100_1.2B-B4",
        "Online-G",
        "PROMT",
        "Online-W",
        "OpenNMT",
        "Lan-Bridge",
        "refA",
        "Online-A",
        "refB",
        "QUARTZ_TuneReranking",
        "Online-Y",
        "bleu_bestmbr",
        "comet_bestmbr",
        "JDExploreAcademy"
    ],
    "human_scores_file": "data/wmt22//en-de/human-scores/en-de.mqm.domain.score",
    "human_scores": {
        "Online-B": -1.2655882352941183,
        "bleurt_bestmbr": -1.4100000000000004,
        "M2M100_1.2B-B4": -2.991470588235295,
        "Online-G": -1.5120588235294121,
        "PROMT": -1.9408823529411772,
        "Online-W": -0.7361764705882352,
        "OpenNMT": -2.144411764705883,
        "Lan-Bridge": -1.724117647058824,
        "refA": -0.6814705882352939,
        "Online-A": -1.5450000000000008,
        "refB": -0.9282352941176469,
        "QUARTZ_TuneReranking": -1.589117647058824,
        "Online-Y": -1.445588235294118,
        "bleu_bestmbr": -1.1391176470588238,
        "comet_bestmbr": -1.3320588235294124,
        "JDExploreAcademy": -1.2082352941176475
    },
    "metric_scores_file": "data/wmt22//en-de/domains/social/nlp-telescope-scores/en-de-social/en-de.refA.txt-social/universal_metrics/weighted-mean/weighted-mean-seed-12_-1_1_ranks_systems.csv",
    "metric_scores": {
        "Online-B": 0.2338731049670402,
        "bleurt_bestmbr": 0.2369312653117465,
        "M2M100_1.2B-B4": 0.2227584471702889,
        "Online-G": 0.2331407609638647,
        "PROMT": 0.2315302339397882,
        "Online-W": 0.2425536525828109,
        "OpenNMT": 0.2284144798588167,
        "Lan-Bridge": 0.2325244933406019,
        "refA": 0.2792970612837626,
        "Online-A": 0.2339396524262695,
        "refB": 0.2378716659015012,
        "QUARTZ_TuneReranking": 0.2354902584619994,
        "Online-Y": 0.2365740284368907,
        "bleu_bestmbr": 0.2338865672934061,
        "comet_bestmbr": 0.240112388283332,
        "JDExploreAcademy": 0.2361029715929197
    }
}