,Precison,FDR,FOR,NPV,Recall,FPR,FNR,TNR
neutral,0.9541666666666667,0.04583333333333333,0.0056179775280898875,0.9943820224719101,0.9786324786324786,0.012276785714285714,0.021367521367521368,0.9877232142857143
female,0.9444444444444444,0.05555555555555555,0.014677103718199608,0.9853228962818004,0.8717948717948718,0.005923000987166831,0.1282051282051282,0.9940769990128332
male,0.9833759590792839,0.016624040920716114,0.028735632183908046,0.9712643678160919,0.9871630295250321,0.037037037037037035,0.012836970474967908,0.9629629629629629
