,bleu_bestmbr,bleurt_bestmbr,chrf_bestmbr,comet_bestmbr,JDExploreAcademy,Lan-Bridge,M2M100_1.2B-B4,Online-A,Online-B,Online-G,Online-W,Online-Y,OpenNMT,PROMT,QUARTZ_TuneReranking,refA,refB
COMET,0.6476097395010996,0.6079352000895185,0.6693254718776652,0.651578898328128,0.6221571932256854,0.6543878378267488,0.5064672562047698,0.6240508886080517,0.6568474650093056,0.624135192123435,0.6423234712921153,0.6414758566503396,0.5693715622270796,0.5900249385810896,0.5840819324480967,1.5317535943580123,0.5945929018947524
BERTScore,0.8914446443881628,0.8756299917427999,0.8916006290687705,0.881898463447139,0.8871104386617552,0.8918042456204036,0.8689168681513588,0.8882084509111801,0.8922145627579599,0.8881764013812227,0.888037999171131,0.8904757447962491,0.8781591688686947,0.8831258024809495,0.8762139052714941,1.0000000003373848,0.880066483200721
TER,0.49682748713037234,0.5837423680114929,0.5058062971387526,0.5455524961091823,0.5178977612833713,0.49239794085957134,0.563270681192386,0.5064048844726445,0.4963486172632587,0.5055668622051958,0.5177780438165929,0.5085597988746559,0.5315455524961091,0.524961091823297,0.5625523763917155,0.0,0.5566862205195738
BLEU,0.3868372393325973,0.30588885298920476,0.3774433351664601,0.32918507299446637,0.3677915593057449,0.3852865265247192,0.3181144838155618,0.37863628154507206,0.38408610214049366,0.3744009638032905,0.36330115121545115,0.3748796626567152,0.35454046618633356,0.36205817327271644,0.3257119119224343,1.0000000000000004,0.32325397926370736
chrF,0.6512524536061853,0.6147517519839316,0.6617753591476488,0.6233775183229956,0.6403960869241352,0.6539539521822475,0.592974910553265,0.6446418175644372,0.6533993121866579,0.644295127558087,0.6401364982499602,0.6497717037147666,0.6214959781072241,0.6324153455028059,0.6103122710216482,1.0,0.6110499484041229
ZeroEdit,0.03773584905660377,0.02830188679245283,0.03207547169811321,0.024528301886792454,0.02830188679245283,0.04339622641509434,0.022641509433962263,0.04716981132075472,0.04339622641509434,0.02830188679245283,0.03018867924528302,0.026415094339622643,0.024528301886792454,0.024528301886792454,0.03018867924528302,1.0,0.033962264150943396
GLEU,0.7226173665672267,0.6874796422480307,0.7201698022944593,0.6968921225962342,0.712599094351915,0.7242708179319552,0.6711136694041302,0.7152282142208509,0.7233874081713271,0.7147787555068218,0.7115835833601569,0.719785943773017,0.691442803246085,0.7062741440327186,0.6832050729224806,1.0,0.6890589367449163
