,Precison,FDR,FOR,NPV,Recall,FPR,FNR,TNR
neutral,0.9956140350877193,0.0043859649122807015,0.007760532150776054,0.9922394678492239,0.9700854700854701,0.0011160714285714285,0.029914529914529916,0.9988839285714286
female,0.9663865546218487,0.03361344537815126,0.0019782393669634025,0.9980217606330366,0.9829059829059829,0.003948667324777887,0.017094017094017096,0.9960513326752222
male,0.9910600255427842,0.008939974457215836,0.008645533141210375,0.9913544668587896,0.9961489088575096,0.019943019943019943,0.0038510911424903724,0.98005698005698
