,hyp_m2m100_12B.bin,hyp_mbart50.bin
Demographic-Parity,0.07466128328482025,0.06044705635428693
Accuracy,0.9332530120481928,0.9192771084337349
Precision,0.939395849036086,0.9224778519462892
Recall,0.9391723340868148,0.9281825583139381
F1-score,0.9392226642877816,0.9252554437053851
