,Precison,FDR,FOR,NPV,Recall,FPR,FNR,TNR
neutral,0.8125,0.1875,0.029411764705882353,0.9705882352941176,0.9285714285714286,0.08333333333333333,0.07142857142857142,0.9166666666666666
female,1.0,0.0,0.0,1.0,1.0,0.0,0.0,1.0
male,0.967741935483871,0.03225806451612903,0.15789473684210525,0.8421052631578947,0.9090909090909091,0.058823529411764705,0.09090909090909091,0.9411764705882353
