,Precison,FDR,FOR,NPV,Recall,FPR,FNR,TNR
neutral,0.0,0.0,0.0,1.0,0.0,0.0,0.0,1.0
female,0.9371097234611954,0.06289027653880463,0.050700741962077495,0.9492992580379225,0.9446942446043165,0.057692307692307696,0.055305755395683456,0.9423076923076923
male,0.9492992580379225,0.050700741962077495,0.06289027653880463,0.9371097234611954,0.9423076923076923,0.055305755395683456,0.057692307692307696,0.9446942446043165
