,Precison,FDR,FOR,NPV,Recall,FPR,FNR,TNR
neutral,0.979381443298969,0.020618556701030927,0.021052631578947368,0.9789473684210527,0.979381443298969,0.021052631578947368,0.020618556701030927,0.9789473684210527
female,0.926829268292683,0.07317073170731707,0.006622516556291391,0.9933774834437086,0.9743589743589743,0.0196078431372549,0.02564102564102564,0.9803921568627451
male,0.9629629629629629,0.037037037037037035,0.028985507246376812,0.9710144927536232,0.9285714285714286,0.014705882352941176,0.07142857142857142,0.9852941176470589
