,Precison,FDR,FOR,NPV,Recall,FPR,FNR,TNR
neutral,0.9777777777777777,0.022222222222222223,0.009615384615384616,0.9903846153846154,0.9166666666666666,0.002421307506053269,0.08333333333333333,0.9975786924939467
female,1.0,0.0,0.0,1.0,1.0,0.0,0.0,1.0
male,0.989769820971867,0.010230179028132993,0.014285714285714285,0.9857142857142858,0.9974226804123711,0.0547945205479452,0.002577319587628866,0.9452054794520548
