,hyp_m2m100_12B.bin,hyp_mbart50.bin
Demographic-Parity,0.05050072545858031,0.043696339920774596
Accuracy,0.9592997811816193,0.949234135667396
Precision,0.9716538087496244,0.9638030173689144
Recall,0.9692719373751383,0.961636770268202
F1-score,0.9704328251890691,0.9626922548267561
