,PPV,FDR,FOR,NPV,TPR,FPR,FNR,TNR
neutral,0.9969230769230769,0.003076923076923077,0.006617647058823529,0.9933823529411765,0.972972972972973,0.0007396449704142012,0.02702702702702703,0.9992603550295858
female,0.9653465346534653,0.034653465346534656,0.0033715441672285905,0.9966284558327714,0.975,0.0047138047138047135,0.025,0.9952861952861953
male,0.9905008635578584,0.009499136442141624,0.009487666034155597,0.9905123339658444,0.9956597222222222,0.020637898686679174,0.004340277777777778,0.9793621013133208
