,Precison,FDR,FOR,NPV,Recall,FPR,FNR,TNR
neutral,0.0,0.0,0.0,1.0,0.0,0.0,0.0,1.0
female,0.9642857142857143,0.03571428571428571,0.043478260869565216,0.9565217391304348,0.9473684210526315,0.029411764705882353,0.05263157894736842,0.9705882352941176
male,0.9565217391304348,0.043478260869565216,0.03571428571428571,0.9642857142857143,0.9705882352941176,0.05263157894736842,0.029411764705882353,0.9473684210526315
