,bleu_bestmbr,chrf_bestmbr,comet_bestmbr,eTranslation,HuaweiTSC,JDExploreAcademy,Lan-Bridge,M2M100_1.2B-B4,Online-A,Online-B,Online-G,Online-W,Online-Y,PROMT,QUARTZ_TuneReranking,refA,SRPOL
COMET,0.8102385175591411,0.8145994045040454,0.8353401845963748,0.5685580603293459,0.5526117652516104,0.664553640034119,0.7228563667654083,0.419641421113956,0.7108269000121908,0.8402203360499337,0.7283277584688184,0.7487143836347848,0.8740153172368968,0.6369951923429766,0.4117711207594661,1.8091000123950076,0.6534588514280714
BERTScore,0.8925260951942648,0.89079127922531,0.8815321082418616,0.8662032652492365,0.8672257823146079,0.8773861277448244,0.878411175667747,0.8490025812436727,0.8795144456969805,0.8946489289033511,0.8823338344323733,0.8816531557928432,0.8955892363855661,0.8740105770589891,0.8343576781513277,1.0000000089899568,0.8740745835806712
TER,0.4926789028665704,0.5145390802227263,0.5700144359661786,0.5877500515570221,0.5702206640544443,0.5539286450814601,0.5046401319859765,0.6209527737677871,0.5479480305217571,0.5031965353681171,0.5491853990513508,0.530006186842648,0.5124767993400701,0.5582594349350382,0.7356155908434728,0.0,0.5766137347906785
BLEU,0.4054843836346456,0.383386134844425,0.3326955825363885,0.2908311428763221,0.3396889380326444,0.35084704165348113,0.3558055367127206,0.30662711840663776,0.364137048024912,0.3964873055063972,0.3582976120018458,0.3702630397229907,0.4059478196171793,0.3626735459436025,0.26608803373187806,1.0000000000000004,0.3364530815989588
chrF,0.6234184708367864,0.6325904053663596,0.5808956635336633,0.5477488803944841,0.547101310477499,0.5789736119378346,0.614251297509317,0.5129115924331776,0.5878119845955198,0.6250617986545868,0.6069029279082424,0.5969628793574024,0.622136059912088,0.5717480891050215,0.49157448599288567,1.0,0.5624460340508198
ZeroEdit,0.10330578512396695,0.09504132231404959,0.11363636363636363,0.049586776859504134,0.05165289256198347,0.05371900826446281,0.07851239669421488,0.01859504132231405,0.06611570247933884,0.1115702479338843,0.049586776859504134,0.07231404958677685,0.13016528925619836,0.08264462809917356,0.02066115702479339,1.0,0.07024793388429752
GLEU,0.6893962121137003,0.6869554859938353,0.6657679668182269,0.620082285411866,0.6084404717965581,0.637596900533905,0.6621904586737657,0.5661329070396909,0.6553801645264141,0.6969751181037869,0.6495674453020791,0.6626479866092339,0.6963155949092994,0.6404158855473105,0.5294199479250351,1.0,0.6357848134554958
