,Precison,FDR,FOR,NPV,Recall,FPR,FNR,TNR
neutral,1.0,0.0,0.29775280898876405,0.702247191011236,0.4111111111111111,0.0,0.5888888888888889,1.0
female,0.6617647058823529,0.3382352941176471,0.061224489795918366,0.9387755102040817,0.8333333333333334,0.14285714285714285,0.16666666666666666,0.8571428571428571
male,0.6090909090909091,0.39090909090909093,0.0380952380952381,0.9619047619047619,0.9436619718309859,0.2986111111111111,0.056338028169014086,0.7013888888888888
