,bing,google
Accuracy,0.9855072463768116,1.0
F1-score,0.985309772195018,1.0
