,bing,google
Demographic-Parity,0.08333333333333337,0.09722222222222221
Accuracy,0.9305555555555556,0.9236111111111112
Precision,0.9335664335664335,0.9276533592989289
Recall,0.9305555555555556,0.9236111111111112
F1-score,0.9304347826086956,0.9234301735389374
