,Online-A,Online-B,Online-G,Online-W,Online-Y
GLEU,0.7102866618349745,0.7154173881134784,0.707183980728844,0.7131844666355958,0.7066250508821392
BLEU,0.3652531053341122,0.38368523555136447,0.3636749063013553,0.3658370667998907,0.36981590202221193
chrF,0.6385528694212632,0.6464010318069294,0.6344155581688554,0.641299748105252,0.6374646693226707
ZeroEdit,0.036818851251840944,0.03632793323514973,0.023073146784486992,0.036818851251840944,0.027000490918016692
TER,0.5143301621492251,0.4994614970382337,0.515437084903967,0.5138514928498773,0.514180577993179
COMET,0.5648802221987248,0.580371183067081,0.5555041308206619,0.5990798290921572,0.5635924881633241
BERTScore,0.8837727565184843,0.8874580186257248,0.8826264135382254,0.8859813736827571,0.8841897385870644
