,bing,google
Accuracy,0.8645833333333334,0.84375
F1-score,0.811779011036977,0.7957754034756185
