,PPV,FDR,FOR,NPV,TPR,FPR,FNR,TNR
neutral,0.9798994974874372,0.020100502512562814,0.03333333333333333,0.9666666666666667,0.975,0.026845637583892617,0.025,0.9731543624161074
female,0.9230769230769231,0.07692307692307693,0.007042253521126761,0.9929577464788732,0.967741935483871,0.017421602787456445,0.03225806451612903,0.9825783972125436
male,0.9529411764705882,0.047058823529411764,0.022727272727272728,0.9772727272727273,0.9310344827586207,0.015267175572519083,0.06896551724137931,0.9847328244274809
