,bing,google
GLEU,0.8266156919234948,0.8836105902158563
