,google,bing
Accuracy,0.7222222222222222,0.7175925925925926
F1-score,0.7142857142857143,0.7076097593338972
