,Precison,FDR,FOR,NPV,Recall,FPR,FNR,TNR
neutral,1.0,0.0,0.20121951219512196,0.7987804878048781,0.175,0.0,0.825,1.0
female,0.7916666666666666,0.20833333333333334,0.0707070707070707,0.9292929292929293,0.890625,0.14018691588785046,0.109375,0.8598130841121495
male,0.6956521739130435,0.30434782608695654,0.0379746835443038,0.9620253164556962,0.9552238805970149,0.2692307692307692,0.04477611940298507,0.7307692307692307
