,Precison,FDR,FOR,NPV,Recall,FPR,FNR,TNR
neutral,1.0,0.0,0.008849557522123894,0.9911504424778761,0.9658119658119658,0.0,0.03418803418803419,1.0
female,0.9426229508196722,0.05737704918032787,0.001984126984126984,0.998015873015873,0.9829059829059829,0.006910167818361303,0.017094017094017096,0.9930898321816387
male,0.9936061381074168,0.00639386189258312,0.005747126436781609,0.9942528735632183,0.9974326059050064,0.014245014245014245,0.0025673940949935813,0.9857549857549858
