,Precison,FDR,FOR,NPV,Recall,FPR,FNR,TNR
neutral,1.0,0.0,0.29775280898876405,0.702247191011236,0.4111111111111111,0.0,0.5888888888888889,1.0
female,0.6756756756756757,0.32432432432432434,0.028368794326241134,0.9716312056737588,0.9259259259259259,0.14906832298136646,0.07407407407407407,0.8509316770186336
male,0.6634615384615384,0.33653846153846156,0.018018018018018018,0.9819819819819819,0.971830985915493,0.24305555555555555,0.028169014084507043,0.7569444444444444
