,Precison,FDR,FOR,NPV,Recall,FPR,FNR,TNR
neutral,0.9911111111111112,0.008888888888888889,0.012154696132596685,0.9878453038674033,0.9529914529914529,0.002232142857142857,0.04700854700854701,0.9977678571428571
female,0.9112903225806451,0.08870967741935484,0.003976143141153081,0.9960238568588469,0.9658119658119658,0.01085883514313919,0.03418803418803419,0.9891411648568608
male,0.9910371318822023,0.008962868117797696,0.014326647564469915,0.9856733524355301,0.993581514762516,0.019943019943019943,0.006418485237483954,0.98005698005698
