,bleu_bestmbr,bleurt_bestmbr,chrf_bestmbr,comet_bestmbr,JDExploreAcademy,Lan-Bridge,M2M100_1.2B-B4,Online-A,Online-B,Online-G,Online-W,Online-Y,OpenNMT,PROMT,QUARTZ_TuneReranking,refA,refB
COMET,0.5138115133423132,0.4850853540134523,0.5321354769733452,0.4956578444470806,0.5135699164645414,0.42963616910104413,0.4125788680791724,0.5030957039294367,0.508508970417855,0.49109882334476873,0.4976305913074405,0.5049949374428992,0.4793061927332745,0.47240927493028384,0.4760439326483647,0.4466673426636278,1.333754383187938
BERTScore,0.8870346206741557,0.8735986434783488,0.8880277039253548,0.8758798815499547,0.888939792512681,0.8719950478137589,0.8697215183373767,0.8835450247542499,0.8871411305584319,0.8805122574948051,0.8784518927743991,0.8843620862746192,0.882379558804917,0.8821460947598496,0.8721855204632604,0.8749532163026514,0.9999999961507764
TER,0.4932329555066824,0.5681779732701743,0.5015225850109964,0.5505836575875487,0.4961089494163424,0.5136186770428015,0.5548976484520386,0.5115039756386398,0.4991541194383353,0.5205548976484521,0.54001015056674,0.5109118592454746,0.5175097276264592,0.5155642023346303,0.5525291828793775,0.5613263407206902,0.0
BLEU,0.3729603804438565,0.31165924719973354,0.369465881831729,0.30742439119238174,0.3838805015152502,0.33639856269767693,0.31492084024459993,0.3599497942250885,0.3701173667275595,0.34994834813012743,0.33521346625416293,0.36202301426913364,0.35996443916838045,0.3576156711956491,0.3157311826936608,0.31005883064278417,1.0000000000000004
chrF,0.6419307031422139,0.610304032108592,0.650487493090136,0.6103818327994629,0.6483017483271186,0.6339374064242225,0.6010580634409352,0.6405928025385115,0.6425431243632204,0.6308586267416146,0.6289218198509362,0.6348556912134065,0.630004825962478,0.6321549107962251,0.6099304829362535,0.6019532553757996,1.0
ZeroEdit,0.01761252446183953,0.003913894324853229,0.015655577299412915,0.011741682974559686,0.0136986301369863,0.011741682974559686,0.003913894324853229,0.007827788649706457,0.0136986301369863,0.0136986301369863,0.011741682974559686,0.011741682974559686,0.0136986301369863,0.011741682974559686,0.007827788649706457,0.007827788649706457,1.0
GLEU,0.7180300900910135,0.6883017011101394,0.7211939308781373,0.6946868714418551,0.7210888680181052,0.7031032798655011,0.6840011228507807,0.7139353018514432,0.7185373443557187,0.7088371031402144,0.7044576754450577,0.7114875435407776,0.70382051526418,0.7088134154206186,0.6874083908996951,0.689087891249137,1.0
