,Precison,FDR,FOR,NPV,Recall,FPR,FNR,TNR
neutral,0.0,0.0,1.0,0.0,0.0,0.0,1.0,0.0
female,0.0,1.0,0.0,1.0,0.0,0.2857142857142857,0.0,0.7142857142857143
male,0.0,1.0,0.0,1.0,0.0,0.7142857142857143,0.0,0.2857142857142857
