{
    "system_accuracy": 0.625,
    "spearman": 0.3411764705882353,
    "pearson": 0.5175561529832948,
    "kendall": 0.25,
    "languages_pair": "zh-en",
    "domain": "social",
    "reference": "zh-en.refA.txt-social",
    "system_names": [
        "Lan-Bridge",
        "JDExploreAcademy",
        "M2M100_1.2B-B4",
        "Online-Y",
        "AISP-SJTU",
        "comet_bestmbr",
        "refA",
        "Online-W",
        "LanguageX",
        "HuaweiTSC",
        "Online-B",
        "bleu_bestmbr",
        "Online-A",
        "bleurt_bestmbr",
        "Online-G",
        "refB"
    ],
    "human_scores_file": "data/wmt22//zh-en/human-scores/zh-en.mqm.domain.score",
    "human_scores": {
        "Lan-Bridge": -1.8333996023856869,
        "JDExploreAcademy": -2.7990059642147114,
        "M2M100_1.2B-B4": -5.780119284294233,
        "Online-Y": -3.0300198807157055,
        "AISP-SJTU": -2.7322067594433403,
        "comet_bestmbr": -2.562027833001988,
        "refA": -1.0976143141153087,
        "Online-W": -3.6039761431411517,
        "LanguageX": -2.6308151093439363,
        "HuaweiTSC": -2.4576540755467198,
        "Online-B": -2.0586481113320088,
        "bleu_bestmbr": -2.7711729622266406,
        "Online-A": -3.4775347912524848,
        "bleurt_bestmbr": -1.9650099403578534,
        "Online-G": -2.885288270377734,
        "refB": -2.072763419483102
    },
    "metric_scores_file": "data/wmt22//zh-en/domains/social/nlp-telescope-scores/zh-en-social/zh-en.refA.txt-social/universal_metrics/average_ranks_systems.csv",
    "metric_scores": {
        "Lan-Bridge": 0.5062293857152457,
        "JDExploreAcademy": 0.5432829834748049,
        "M2M100_1.2B-B4": 0.4579164053319333,
        "Online-Y": 0.5011647352791121,
        "AISP-SJTU": 0.5182817981201825,
        "comet_bestmbr": 0.4836040848778365,
        "refA": 0.8978682058638248,
        "Online-W": 0.4772122665236705,
        "LanguageX": 0.5300916340926608,
        "HuaweiTSC": 0.5108299489431039,
        "Online-B": 0.5121998319943852,
        "bleu_bestmbr": 0.5145205709182928,
        "Online-A": 0.4952727544457365,
        "bleurt_bestmbr": 0.5119836089728412,
        "Online-G": 0.5179832633160608,
        "refB": 0.4723790224440108
    }
}