{
    "system_accuracy": 0.6416666666666667,
    "spearman": 0.37058823529411766,
    "pearson": 0.5952934677728287,
    "kendall": 0.2833333333333333,
    "languages_pair": "zh-en",
    "domain": "social",
    "reference": "zh-en.refA.txt-social",
    "system_names": [
        "Lan-Bridge",
        "JDExploreAcademy",
        "M2M100_1.2B-B4",
        "Online-Y",
        "AISP-SJTU",
        "comet_bestmbr",
        "refA",
        "Online-W",
        "LanguageX",
        "HuaweiTSC",
        "Online-B",
        "bleu_bestmbr",
        "Online-A",
        "bleurt_bestmbr",
        "Online-G",
        "refB"
    ],
    "human_scores_file": "data/wmt22//zh-en/human-scores/zh-en.mqm.domain.score",
    "human_scores": {
        "Lan-Bridge": -1.8333996023856869,
        "JDExploreAcademy": -2.7990059642147114,
        "M2M100_1.2B-B4": -5.780119284294233,
        "Online-Y": -3.0300198807157055,
        "AISP-SJTU": -2.7322067594433403,
        "comet_bestmbr": -2.562027833001988,
        "refA": -1.0976143141153087,
        "Online-W": -3.6039761431411517,
        "LanguageX": -2.6308151093439363,
        "HuaweiTSC": -2.4576540755467198,
        "Online-B": -2.0586481113320088,
        "bleu_bestmbr": -2.7711729622266406,
        "Online-A": -3.4775347912524848,
        "bleurt_bestmbr": -1.9650099403578534,
        "Online-G": -2.885288270377734,
        "refB": -2.072763419483102
    },
    "metric_scores_file": "data/wmt22//zh-en/domains/social/nlp-telescope-scores/zh-en-social/zh-en.refA.txt-social/results.csv",
    "metric_scores": {
        "Lan-Bridge": 0.9431109248288346,
        "JDExploreAcademy": 0.9513312738174,
        "M2M100_1.2B-B4": 0.9279079246473596,
        "Online-Y": 0.9409294086943564,
        "AISP-SJTU": 0.945146086557248,
        "comet_bestmbr": 0.9385332780377292,
        "refA": 0.9999999949045733,
        "Online-W": 0.9320806095424752,
        "LanguageX": 0.9473055462476984,
        "HuaweiTSC": 0.9433459084977212,
        "Online-B": 0.9450832403914828,
        "bleu_bestmbr": 0.9451390995419996,
        "Online-A": 0.9396999500854826,
        "bleurt_bestmbr": 0.9444744076216908,
        "Online-G": 0.944967299166541,
        "refB": 0.9316698642184672
    }
}