{
    "system_accuracy": 0.6,
    "spearman": 0.2411764705882353,
    "pearson": 0.48315541040629656,
    "kendall": 0.19999999999999998,
    "languages_pair": "zh-en",
    "domain": "social",
    "reference": "zh-en.refA.txt-social",
    "system_names": [
        "Lan-Bridge",
        "JDExploreAcademy",
        "M2M100_1.2B-B4",
        "Online-Y",
        "AISP-SJTU",
        "comet_bestmbr",
        "refA",
        "Online-W",
        "LanguageX",
        "HuaweiTSC",
        "Online-B",
        "bleu_bestmbr",
        "Online-A",
        "bleurt_bestmbr",
        "Online-G",
        "refB"
    ],
    "human_scores_file": "data/wmt22//zh-en/human-scores/zh-en.mqm.domain.score",
    "human_scores": {
        "Lan-Bridge": -1.8333996023856869,
        "JDExploreAcademy": -2.7990059642147114,
        "M2M100_1.2B-B4": -5.780119284294233,
        "Online-Y": -3.0300198807157055,
        "AISP-SJTU": -2.7322067594433403,
        "comet_bestmbr": -2.562027833001988,
        "refA": -1.0976143141153087,
        "Online-W": -3.6039761431411517,
        "LanguageX": -2.6308151093439363,
        "HuaweiTSC": -2.4576540755467198,
        "Online-B": -2.0586481113320088,
        "bleu_bestmbr": -2.7711729622266406,
        "Online-A": -3.4775347912524848,
        "bleurt_bestmbr": -1.9650099403578534,
        "Online-G": -2.885288270377734,
        "refB": -2.072763419483102
    },
    "metric_scores_file": "data/wmt22//zh-en/domains/social/nlp-telescope-scores/zh-en-social/zh-en.refA.txt-social/results.csv",
    "metric_scores": {
        "Lan-Bridge": 0.3512873499300302,
        "JDExploreAcademy": 0.4679339824934737,
        "M2M100_1.2B-B4": 0.2619308402951134,
        "Online-Y": 0.3283792319636333,
        "AISP-SJTU": 0.3821849668144626,
        "comet_bestmbr": 0.257868548892077,
        "refA": 1.0000000000000004,
        "Online-W": 0.2828825096584821,
        "LanguageX": 0.4180701674619018,
        "HuaweiTSC": 0.3687982173938475,
        "Online-B": 0.364440930548531,
        "bleu_bestmbr": 0.3659548033912194,
        "Online-A": 0.3364977352200482,
        "bleurt_bestmbr": 0.3205791433733809,
        "Online-G": 0.3621223772428424,
        "refB": 0.235319202921286
    }
}