{
    "system_accuracy": 0.6,
    "spearman": 0.21764705882352942,
    "pearson": 0.5080943490495311,
    "kendall": 0.19999999999999998,
    "languages_pair": "zh-en",
    "domain": "social",
    "reference": "zh-en.refA.txt-social",
    "system_names": [
        "Lan-Bridge",
        "JDExploreAcademy",
        "M2M100_1.2B-B4",
        "Online-Y",
        "AISP-SJTU",
        "comet_bestmbr",
        "refA",
        "Online-W",
        "LanguageX",
        "HuaweiTSC",
        "Online-B",
        "bleu_bestmbr",
        "Online-A",
        "bleurt_bestmbr",
        "Online-G",
        "refB"
    ],
    "human_scores_file": "data/wmt22//zh-en/human-scores/zh-en.mqm.domain.score",
    "human_scores": {
        "Lan-Bridge": -1.8333996023856869,
        "JDExploreAcademy": -2.7990059642147114,
        "M2M100_1.2B-B4": -5.780119284294233,
        "Online-Y": -3.0300198807157055,
        "AISP-SJTU": -2.7322067594433403,
        "comet_bestmbr": -2.562027833001988,
        "refA": -1.0976143141153087,
        "Online-W": -3.6039761431411517,
        "LanguageX": -2.6308151093439363,
        "HuaweiTSC": -2.4576540755467198,
        "Online-B": -2.0586481113320088,
        "bleu_bestmbr": -2.7711729622266406,
        "Online-A": -3.4775347912524848,
        "bleurt_bestmbr": -1.9650099403578534,
        "Online-G": -2.885288270377734,
        "refB": -2.072763419483102
    },
    "metric_scores_file": "data/wmt22//zh-en/domains/social/nlp-telescope-scores/zh-en-social/zh-en.refA.txt-social/results.csv",
    "metric_scores": {
        "Lan-Bridge": 0.6214462800847779,
        "JDExploreAcademy": 0.6942472123993804,
        "M2M100_1.2B-B4": 0.5476996736846284,
        "Online-Y": 0.617159496926745,
        "AISP-SJTU": 0.6452586625116556,
        "comet_bestmbr": 0.5390415293735539,
        "refA": 1.0,
        "Online-W": 0.5730586935114866,
        "LanguageX": 0.6649484209090154,
        "HuaweiTSC": 0.6312300298604605,
        "Online-B": 0.6332944480543868,
        "bleu_bestmbr": 0.6310099051342193,
        "Online-A": 0.6151227906727535,
        "bleurt_bestmbr": 0.6150282026475772,
        "Online-G": 0.6454928036457432,
        "refB": 0.5429948648498768
    }
}