{
    "system_accuracy": 0.6583333333333333,
    "spearman": 0.4441176470588235,
    "pearson": 0.5827416687687008,
    "kendall": 0.31666666666666665,
    "languages_pair": "zh-en",
    "domain": "social",
    "reference": "zh-en.refA.txt-social",
    "system_names": [
        "Lan-Bridge",
        "JDExploreAcademy",
        "M2M100_1.2B-B4",
        "Online-Y",
        "AISP-SJTU",
        "comet_bestmbr",
        "refA",
        "Online-W",
        "LanguageX",
        "HuaweiTSC",
        "Online-B",
        "bleu_bestmbr",
        "Online-A",
        "bleurt_bestmbr",
        "Online-G",
        "refB"
    ],
    "human_scores_file": "data/wmt22//zh-en/human-scores/zh-en.mqm.domain.score",
    "human_scores": {
        "Lan-Bridge": -1.8333996023856869,
        "JDExploreAcademy": -2.7990059642147114,
        "M2M100_1.2B-B4": -5.780119284294233,
        "Online-Y": -3.0300198807157055,
        "AISP-SJTU": -2.7322067594433403,
        "comet_bestmbr": -2.562027833001988,
        "refA": -1.0976143141153087,
        "Online-W": -3.6039761431411517,
        "LanguageX": -2.6308151093439363,
        "HuaweiTSC": -2.4576540755467198,
        "Online-B": -2.0586481113320088,
        "bleu_bestmbr": -2.7711729622266406,
        "Online-A": -3.4775347912524848,
        "bleurt_bestmbr": -1.9650099403578534,
        "Online-G": -2.885288270377734,
        "refB": -2.072763419483102
    },
    "metric_scores_file": "data/wmt22//zh-en/domains/social/nlp-telescope-scores/zh-en-social/zh-en.refA.txt-social/results.csv",
    "metric_scores": {
        "Lan-Bridge": 0.4105991137937955,
        "JDExploreAcademy": 0.5069380311163931,
        "M2M100_1.2B-B4": 0.22438618033443,
        "Online-Y": 0.388669723794827,
        "AISP-SJTU": 0.4439622080499754,
        "comet_bestmbr": 0.3780132336551268,
        "refA": 1.2850774461422003,
        "Online-W": 0.2793089466560151,
        "LanguageX": 0.4700220873029477,
        "HuaweiTSC": 0.4151269505605857,
        "Online-B": 0.4147450324688588,
        "bleu_bestmbr": 0.4335618739555151,
        "Online-A": 0.346346393579369,
        "bleurt_bestmbr": 0.4535533507487868,
        "Online-G": 0.4445082164262134,
        "refB": 0.2880463670248584
    }
}