{
    "system_accuracy": 0.5833333333333334,
    "spearman": 0.2676470588235294,
    "pearson": 0.5133167059600402,
    "kendall": 0.16666666666666669,
    "languages_pair": "zh-en",
    "domain": "social",
    "reference": "zh-en.refA.txt-social",
    "system_names": [
        "Lan-Bridge",
        "JDExploreAcademy",
        "M2M100_1.2B-B4",
        "Online-Y",
        "AISP-SJTU",
        "comet_bestmbr",
        "refA",
        "Online-W",
        "LanguageX",
        "HuaweiTSC",
        "Online-B",
        "bleu_bestmbr",
        "Online-A",
        "bleurt_bestmbr",
        "Online-G",
        "refB"
    ],
    "human_scores_file": "data/wmt22//zh-en/human-scores/zh-en.mqm.domain.score",
    "human_scores": {
        "Lan-Bridge": -1.8333996023856869,
        "JDExploreAcademy": -2.7990059642147114,
        "M2M100_1.2B-B4": -5.780119284294233,
        "Online-Y": -3.0300198807157055,
        "AISP-SJTU": -2.7322067594433403,
        "comet_bestmbr": -2.562027833001988,
        "refA": -1.0976143141153087,
        "Online-W": -3.6039761431411517,
        "LanguageX": -2.6308151093439363,
        "HuaweiTSC": -2.4576540755467198,
        "Online-B": -2.0586481113320088,
        "bleu_bestmbr": -2.7711729622266406,
        "Online-A": -3.4775347912524848,
        "bleurt_bestmbr": -1.9650099403578534,
        "Online-G": -2.885288270377734,
        "refB": -2.072763419483102
    },
    "metric_scores_file": "data/wmt22//zh-en/domains/social/nlp-telescope-scores/zh-en-social/zh-en.refA.txt-social/results.csv",
    "metric_scores": {
        "Lan-Bridge": 0.6774679556163852,
        "JDExploreAcademy": 0.7300339553220542,
        "M2M100_1.2B-B4": 0.6252173734749094,
        "Online-Y": 0.670327645734611,
        "AISP-SJTU": 0.7002459621112449,
        "comet_bestmbr": 0.637462522278851,
        "refA": 1.0,
        "Online-W": 0.653262521507466,
        "LanguageX": 0.7120937590865274,
        "HuaweiTSC": 0.6895428899596749,
        "Online-B": 0.6860128808252848,
        "bleu_bestmbr": 0.6941763436635027,
        "Online-A": 0.6718542062836305,
        "bleurt_bestmbr": 0.6804510983886102,
        "Online-G": 0.6964116277985729,
        "refB": 0.6240455764955292
    }
}