{
    "system_accuracy": 0.49166666666666664,
    "spearman": -0.017660048931157808,
    "pearson": 0.36290605842202533,
    "kendall": -0.00836827408755723,
    "languages_pair": "zh-en",
    "domain": "social",
    "reference": "zh-en.refA.txt-social",
    "system_names": [
        "Lan-Bridge",
        "JDExploreAcademy",
        "M2M100_1.2B-B4",
        "Online-Y",
        "AISP-SJTU",
        "comet_bestmbr",
        "refA",
        "Online-W",
        "LanguageX",
        "HuaweiTSC",
        "Online-B",
        "bleu_bestmbr",
        "Online-A",
        "bleurt_bestmbr",
        "Online-G",
        "refB"
    ],
    "human_scores_file": "data/wmt22//zh-en/human-scores/zh-en.mqm.domain.score",
    "human_scores": {
        "Lan-Bridge": -1.8333996023856869,
        "JDExploreAcademy": -2.7990059642147114,
        "M2M100_1.2B-B4": -5.780119284294233,
        "Online-Y": -3.0300198807157055,
        "AISP-SJTU": -2.7322067594433403,
        "comet_bestmbr": -2.562027833001988,
        "refA": -1.0976143141153087,
        "Online-W": -3.6039761431411517,
        "LanguageX": -2.6308151093439363,
        "HuaweiTSC": -2.4576540755467198,
        "Online-B": -2.0586481113320088,
        "bleu_bestmbr": -2.7711729622266406,
        "Online-A": -3.4775347912524848,
        "bleurt_bestmbr": -1.9650099403578534,
        "Online-G": -2.885288270377734,
        "refB": -2.072763419483102
    },
    "metric_scores_file": "data/wmt22//zh-en/domains/social/nlp-telescope-scores/zh-en-social/zh-en.refA.txt-social/universal_metrics/median_ranks_systems.csv",
    "metric_scores": {
        "Lan-Bridge": 0.5237895031882839,
        "JDExploreAcademy": 0.5069380311163931,
        "M2M100_1.2B-B4": 0.5476996736846284,
        "Online-Y": 0.5567234251278818,
        "AISP-SJTU": 0.495270128232079,
        "comet_bestmbr": 0.5390415293735539,
        "refA": 1.0,
        "Online-W": 0.5730586935114866,
        "LanguageX": 0.4723565272230397,
        "HuaweiTSC": 0.5237895031882839,
        "Online-B": 0.523929647536963,
        "bleu_bestmbr": 0.5139093266064046,
        "Online-A": 0.5494359189965664,
        "bleurt_bestmbr": 0.5558825590358069,
        "Online-G": 0.5184640179384766,
        "refB": 0.5429948648498768
    }
}