{
    "system_accuracy": 0.6083333333333333,
    "spearman": 0.30882352941176466,
    "pearson": 0.49731538963214167,
    "kendall": 0.21666666666666667,
    "languages_pair": "zh-en",
    "domain": "social",
    "reference": "zh-en.refA.txt-social",
    "system_names": [
        "Lan-Bridge",
        "JDExploreAcademy",
        "M2M100_1.2B-B4",
        "Online-Y",
        "AISP-SJTU",
        "comet_bestmbr",
        "refA",
        "Online-W",
        "LanguageX",
        "HuaweiTSC",
        "Online-B",
        "bleu_bestmbr",
        "Online-A",
        "bleurt_bestmbr",
        "Online-G",
        "refB"
    ],
    "human_scores_file": "data/wmt22//zh-en/human-scores/zh-en.mqm.domain.score",
    "human_scores": {
        "Lan-Bridge": -1.8333996023856869,
        "JDExploreAcademy": -2.7990059642147114,
        "M2M100_1.2B-B4": -5.780119284294233,
        "Online-Y": -3.0300198807157055,
        "AISP-SJTU": -2.7322067594433403,
        "comet_bestmbr": -2.562027833001988,
        "refA": -1.0976143141153087,
        "Online-W": -3.6039761431411517,
        "LanguageX": -2.6308151093439363,
        "HuaweiTSC": -2.4576540755467198,
        "Online-B": -2.0586481113320088,
        "bleu_bestmbr": -2.7711729622266406,
        "Online-A": -3.4775347912524848,
        "bleurt_bestmbr": -1.9650099403578534,
        "Online-G": -2.885288270377734,
        "refB": -2.072763419483102
    },
    "metric_scores_file": "data/wmt22//zh-en/domains/social/nlp-telescope-scores/zh-en-social/zh-en.refA.txt-social/universal_metrics/social-choice-theory_ranks_systems.csv",
    "metric_scores": {
        "Lan-Bridge": -64.0,
        "JDExploreAcademy": -14.0,
        "M2M100_1.2B-B4": -119.0,
        "Online-Y": -81.0,
        "AISP-SJTU": -32.0,
        "comet_bestmbr": -107.0,
        "refA": -7.0,
        "Online-W": -106.0,
        "LanguageX": -21.0,
        "HuaweiTSC": -57.0,
        "Online-B": -51.0,
        "bleu_bestmbr": -43.0,
        "Online-A": -80.0,
        "bleurt_bestmbr": -66.0,
        "Online-G": -41.0,
        "refB": -117.0
    }
}