{
    "system_accuracy": 0.6333333333333333,
    "spearman": 0.34411764705882353,
    "pearson": 0.5252537691957947,
    "kendall": 0.26666666666666666,
    "languages_pair": "zh-en",
    "domain": "social",
    "reference": "zh-en.refA.txt-social",
    "system_names": [
        "Lan-Bridge",
        "JDExploreAcademy",
        "M2M100_1.2B-B4",
        "Online-Y",
        "AISP-SJTU",
        "comet_bestmbr",
        "refA",
        "Online-W",
        "LanguageX",
        "HuaweiTSC",
        "Online-B",
        "bleu_bestmbr",
        "Online-A",
        "bleurt_bestmbr",
        "Online-G",
        "refB"
    ],
    "human_scores_file": "data/wmt22//zh-en/human-scores/zh-en.mqm.domain.score",
    "human_scores": {
        "Lan-Bridge": -1.8333996023856869,
        "JDExploreAcademy": -2.7990059642147114,
        "M2M100_1.2B-B4": -5.780119284294233,
        "Online-Y": -3.0300198807157055,
        "AISP-SJTU": -2.7322067594433403,
        "comet_bestmbr": -2.562027833001988,
        "refA": -1.0976143141153087,
        "Online-W": -3.6039761431411517,
        "LanguageX": -2.6308151093439363,
        "HuaweiTSC": -2.4576540755467198,
        "Online-B": -2.0586481113320088,
        "bleu_bestmbr": -2.7711729622266406,
        "Online-A": -3.4775347912524848,
        "bleurt_bestmbr": -1.9650099403578534,
        "Online-G": -2.885288270377734,
        "refB": -2.072763419483102
    },
    "metric_scores_file": "data/wmt22//zh-en/domains/social/nlp-telescope-scores/zh-en-social/zh-en.refA.txt-social/universal_metrics/weighted_mean/weighted-mean-seed-24_0_1_TER_ranks_systems.csv",
    "metric_scores": {
        "Lan-Bridge": 0.2655596229316762,
        "JDExploreAcademy": 0.2935146258032194,
        "M2M100_1.2B-B4": 0.2243890335767409,
        "Online-Y": 0.2599915699199004,
        "AISP-SJTU": 0.274611660378473,
        "comet_bestmbr": 0.2480660959962735,
        "refA": 0.5663399433087548,
        "Online-W": 0.2376471927260636,
        "LanguageX": 0.2827466899048027,
        "HuaweiTSC": 0.2668195155837337,
        "Online-B": 0.2684155217671126,
        "bleu_bestmbr": 0.2713256078263889,
        "Online-A": 0.2540611007139292,
        "bleurt_bestmbr": 0.2706483233384738,
        "Online-G": 0.2739913053764683,
        "refB": 0.2341281825691926
    }
}