{
    "system_accuracy": 0.75,
    "spearman": 0.6235294117647059,
    "pearson": 0.6528585376384624,
    "kendall": 0.5,
    "languages_pair": "zh-en",
    "domain": "social",
    "reference": "zh-en.refA.txt-social",
    "system_names": [
        "Lan-Bridge",
        "JDExploreAcademy",
        "M2M100_1.2B-B4",
        "Online-Y",
        "AISP-SJTU",
        "comet_bestmbr",
        "refA",
        "Online-W",
        "LanguageX",
        "HuaweiTSC",
        "Online-B",
        "bleu_bestmbr",
        "Online-A",
        "bleurt_bestmbr",
        "Online-G",
        "refB"
    ],
    "human_scores_file": "data/wmt22//zh-en/human-scores/zh-en.mqm.domain.score",
    "human_scores": {
        "Lan-Bridge": -1.8333996023856869,
        "JDExploreAcademy": -2.7990059642147114,
        "M2M100_1.2B-B4": -5.780119284294233,
        "Online-Y": -3.0300198807157055,
        "AISP-SJTU": -2.7322067594433403,
        "comet_bestmbr": -2.562027833001988,
        "refA": -1.0976143141153087,
        "Online-W": -3.6039761431411517,
        "LanguageX": -2.6308151093439363,
        "HuaweiTSC": -2.4576540755467198,
        "Online-B": -2.0586481113320088,
        "bleu_bestmbr": -2.7711729622266406,
        "Online-A": -3.4775347912524848,
        "bleurt_bestmbr": -1.9650099403578534,
        "Online-G": -2.885288270377734,
        "refB": -2.072763419483102
    },
    "metric_scores_file": "data/wmt22//zh-en/domains/social/nlp-telescope-scores/zh-en-social/zh-en.refA.txt-social/universal_metrics/weighted_mean/weighted-mean-seed-36_-1_1_ranks_systems.csv",
    "metric_scores": {
        "Lan-Bridge": -0.0330786624677205,
        "JDExploreAcademy": -0.0346084379185662,
        "M2M100_1.2B-B4": -0.0401040334307485,
        "Online-Y": -0.0325756084191908,
        "AISP-SJTU": -0.03281309719391,
        "comet_bestmbr": -0.0213677889475881,
        "refA": 0.0004043273763102,
        "Online-W": -0.0352281169527176,
        "LanguageX": -0.0325741452850777,
        "HuaweiTSC": -0.0319327210050295,
        "Online-B": -0.033083000952936,
        "bleu_bestmbr": -0.0312154996407615,
        "Online-A": -0.0372955639944539,
        "bleurt_bestmbr": -0.0252843087730716,
        "Online-G": -0.0314611920323492,
        "refB": -0.0278081066566915
    }
}