{
    "system_accuracy": 0.6583333333333333,
    "spearman": 0.3970588235294118,
    "pearson": 0.5157596888886595,
    "kendall": 0.31666666666666665,
    "languages_pair": "zh-en",
    "domain": "social",
    "reference": "zh-en.refA.txt-social",
    "system_names": [
        "Lan-Bridge",
        "JDExploreAcademy",
        "M2M100_1.2B-B4",
        "Online-Y",
        "AISP-SJTU",
        "comet_bestmbr",
        "refA",
        "Online-W",
        "LanguageX",
        "HuaweiTSC",
        "Online-B",
        "bleu_bestmbr",
        "Online-A",
        "bleurt_bestmbr",
        "Online-G",
        "refB"
    ],
    "human_scores_file": "data/wmt22//zh-en/human-scores/zh-en.mqm.domain.score",
    "human_scores": {
        "Lan-Bridge": -1.8333996023856869,
        "JDExploreAcademy": -2.7990059642147114,
        "M2M100_1.2B-B4": -5.780119284294233,
        "Online-Y": -3.0300198807157055,
        "AISP-SJTU": -2.7322067594433403,
        "comet_bestmbr": -2.562027833001988,
        "refA": -1.0976143141153087,
        "Online-W": -3.6039761431411517,
        "LanguageX": -2.6308151093439363,
        "HuaweiTSC": -2.4576540755467198,
        "Online-B": -2.0586481113320088,
        "bleu_bestmbr": -2.7711729622266406,
        "Online-A": -3.4775347912524848,
        "bleurt_bestmbr": -1.9650099403578534,
        "Online-G": -2.885288270377734,
        "refB": -2.072763419483102
    },
    "metric_scores_file": "data/wmt22//zh-en/domains/social/nlp-telescope-scores/zh-en-social/zh-en.refA.txt-social/universal_metrics/weighted_mean/weighted-mean-seed-36_0_1_TER_ranks_systems.csv",
    "metric_scores": {
        "Lan-Bridge": 0.2316229053968404,
        "JDExploreAcademy": 0.2521732439826912,
        "M2M100_1.2B-B4": 0.1985735838312237,
        "Online-Y": 0.2263063708960999,
        "AISP-SJTU": 0.2380822482718152,
        "comet_bestmbr": 0.2223105920356176,
        "refA": 0.5207808747028966,
        "Online-W": 0.2091658119457843,
        "LanguageX": 0.244408837037132,
        "HuaweiTSC": 0.2314989102518443,
        "Online-B": 0.2334044135455962,
        "bleu_bestmbr": 0.2363713872166429,
        "Online-A": 0.2210057038404959,
        "bleurt_bestmbr": 0.236945322694515,
        "Online-G": 0.2373773272255153,
        "refB": 0.208705415001557
    }
}