{
    "system_accuracy": 0.75,
    "spearman": 0.6441176470588235,
    "pearson": 0.576652423470897,
    "kendall": 0.5,
    "languages_pair": "zh-en",
    "domain": "social",
    "reference": "zh-en.refA.txt-social",
    "system_names": [
        "Lan-Bridge",
        "JDExploreAcademy",
        "M2M100_1.2B-B4",
        "Online-Y",
        "AISP-SJTU",
        "comet_bestmbr",
        "refA",
        "Online-W",
        "LanguageX",
        "HuaweiTSC",
        "Online-B",
        "bleu_bestmbr",
        "Online-A",
        "bleurt_bestmbr",
        "Online-G",
        "refB"
    ],
    "human_scores_file": "data/wmt22//zh-en/human-scores/zh-en.mqm.domain.score",
    "human_scores": {
        "Lan-Bridge": -1.8333996023856869,
        "JDExploreAcademy": -2.7990059642147114,
        "M2M100_1.2B-B4": -5.780119284294233,
        "Online-Y": -3.0300198807157055,
        "AISP-SJTU": -2.7322067594433403,
        "comet_bestmbr": -2.562027833001988,
        "refA": -1.0976143141153087,
        "Online-W": -3.6039761431411517,
        "LanguageX": -2.6308151093439363,
        "HuaweiTSC": -2.4576540755467198,
        "Online-B": -2.0586481113320088,
        "bleu_bestmbr": -2.7711729622266406,
        "Online-A": -3.4775347912524848,
        "bleurt_bestmbr": -1.9650099403578534,
        "Online-G": -2.885288270377734,
        "refB": -2.072763419483102
    },
    "metric_scores_file": "data/wmt22//zh-en/domains/social/nlp-telescope-scores/zh-en-social/zh-en.refA.txt-social/universal_metrics/weighted_mean/weighted-mean-seed-24_-1_1_ranks_systems.csv",
    "metric_scores": {
        "Lan-Bridge": 0.144421577059296,
        "JDExploreAcademy": 0.1404194722950459,
        "M2M100_1.2B-B4": 0.1351355012142036,
        "Online-Y": 0.1452671479927824,
        "AISP-SJTU": 0.1441194527507552,
        "comet_bestmbr": 0.1589400959891148,
        "refA": 0.2205134902815487,
        "Online-W": 0.1414173167115842,
        "LanguageX": 0.1437134005590769,
        "HuaweiTSC": 0.1441625974522868,
        "Online-B": 0.1444283755750388,
        "bleu_bestmbr": 0.1464297641159123,
        "Online-A": 0.1390746850034721,
        "bleurt_bestmbr": 0.1552281465958588,
        "Online-G": 0.1468772982655286,
        "refB": 0.1518185914095116
    }
}