{
    "system_accuracy": 0.6166666666666667,
    "spearman": 0.3323529411764706,
    "pearson": 0.5211613702258043,
    "kendall": 0.2333333333333333,
    "languages_pair": "zh-en",
    "domain": "social",
    "reference": "zh-en.refA.txt-social",
    "system_names": [
        "Lan-Bridge",
        "JDExploreAcademy",
        "M2M100_1.2B-B4",
        "Online-Y",
        "AISP-SJTU",
        "comet_bestmbr",
        "refA",
        "Online-W",
        "LanguageX",
        "HuaweiTSC",
        "Online-B",
        "bleu_bestmbr",
        "Online-A",
        "bleurt_bestmbr",
        "Online-G",
        "refB"
    ],
    "human_scores_file": "data/wmt22//zh-en/human-scores/zh-en.mqm.domain.score",
    "human_scores": {
        "Lan-Bridge": -1.8333996023856869,
        "JDExploreAcademy": -2.7990059642147114,
        "M2M100_1.2B-B4": -5.780119284294233,
        "Online-Y": -3.0300198807157055,
        "AISP-SJTU": -2.7322067594433403,
        "comet_bestmbr": -2.562027833001988,
        "refA": -1.0976143141153087,
        "Online-W": -3.6039761431411517,
        "LanguageX": -2.6308151093439363,
        "HuaweiTSC": -2.4576540755467198,
        "Online-B": -2.0586481113320088,
        "bleu_bestmbr": -2.7711729622266406,
        "Online-A": -3.4775347912524848,
        "bleurt_bestmbr": -1.9650099403578534,
        "Online-G": -2.885288270377734,
        "refB": -2.072763419483102
    },
    "metric_scores_file": "data/wmt22//zh-en/domains/social/nlp-telescope-scores/zh-en-social/zh-en.refA.txt-social/universal_metrics/weighted_mean/weighted-mean-seed-12_0_1_TER_ranks_systems.csv",
    "metric_scores": {
        "Lan-Bridge": 0.2864562210126088,
        "JDExploreAcademy": 0.333211674512951,
        "M2M100_1.2B-B4": 0.2275549454870541,
        "Online-Y": 0.2764666559712829,
        "AISP-SJTU": 0.3016779482030279,
        "comet_bestmbr": 0.2512786601154288,
        "refA": 0.6732759792056898,
        "Online-W": 0.2446458941488531,
        "LanguageX": 0.3141147359208295,
        "HuaweiTSC": 0.2894267443234728,
        "Online-B": 0.2904759679987263,
        "bleu_bestmbr": 0.2951756185719943,
        "Online-A": 0.2713957808060601,
        "bleurt_bestmbr": 0.2878996417429888,
        "Online-G": 0.2980471088448386,
        "refB": 0.2306508107489436
    }
}