,PPV,FDR,FOR,NPV,TPR,FPR,FNR,TNR
neutral,1.0,0.0,0.3,0.7,0.35384615384615387,0.0,0.6461538461538462,1.0
female,0.5416666666666666,0.4583333333333333,0.02608695652173913,0.9739130434782609,0.896551724137931,0.16417910447761194,0.10344827586206896,0.835820895522388
male,0.7065217391304348,0.29347826086956524,0.056338028169014086,0.9436619718309859,0.9420289855072463,0.2872340425531915,0.057971014492753624,0.7127659574468085
