{
    "system_accuracy": 0.8583333333333333,
    "spearman": 0.8529411764705882,
    "pearson": 0.6190360414234268,
    "kendall": 0.7166666666666667,
    "languages_pair": "zh-en",
    "domain": "ecommerce",
    "reference": "zh-en.refB.txt-ecommerce",
    "system_names": [
        "Lan-Bridge",
        "JDExploreAcademy",
        "M2M100_1.2B-B4",
        "Online-Y",
        "AISP-SJTU",
        "comet_bestmbr",
        "refA",
        "Online-W",
        "LanguageX",
        "HuaweiTSC",
        "Online-B",
        "bleu_bestmbr",
        "Online-A",
        "bleurt_bestmbr",
        "Online-G",
        "refB"
    ],
    "human_scores_file": "data/wmt22//zh-en/human-scores/zh-en.mqm.domain.score",
    "human_scores": {
        "Lan-Bridge": -3.677992277992277,
        "JDExploreAcademy": -3.783976833976833,
        "M2M100_1.2B-B4": -9.366602316602318,
        "Online-Y": -4.159652509652508,
        "AISP-SJTU": -5.029536679536675,
        "comet_bestmbr": -3.809845559845557,
        "refA": -1.4237451737451747,
        "Online-W": -5.760231660231653,
        "LanguageX": -4.295752895752894,
        "HuaweiTSC": -5.204054054054052,
        "Online-B": -3.9812741312741298,
        "bleu_bestmbr": -4.215830115830115,
        "Online-A": -5.389768339768335,
        "bleurt_bestmbr": -3.547876447876448,
        "Online-G": -3.7276061776061775,
        "refB": -1.6876447876447882
    },
    "metric_scores_file": "data/wmt22//zh-en/domains/ecommerce/nlp-telescope-scores/zh-en-ecommerce/zh-en.refB.txt-ecommerce/universal_metrics/average_ranks_systems.csv",
    "metric_scores": {
        "Lan-Bridge": 0.4441610406387962,
        "JDExploreAcademy": 0.4462725051510186,
        "M2M100_1.2B-B4": 0.3881772920221594,
        "Online-Y": 0.4376228044053341,
        "AISP-SJTU": 0.4387945218962813,
        "comet_bestmbr": 0.4372477174607413,
        "refA": 0.5956132972211176,
        "Online-W": 0.415276834909393,
        "LanguageX": 0.4460886906430779,
        "HuaweiTSC": 0.4369093370996466,
        "Online-B": 0.4463862397343024,
        "bleu_bestmbr": 0.4498457307639577,
        "Online-A": 0.4262355486465451,
        "bleurt_bestmbr": 0.4532028265321728,
        "Online-G": 0.4513177540396462,
        "refB": 0.9036901135899648
    }
}