{
    "system_accuracy": 0.8666666666666667,
    "spearman": 0.8705882352941177,
    "pearson": 0.7267675720450117,
    "kendall": 0.7333333333333334,
    "languages_pair": "zh-en",
    "domain": "ecommerce",
    "reference": "zh-en.refB.txt-ecommerce",
    "system_names": [
        "Lan-Bridge",
        "JDExploreAcademy",
        "M2M100_1.2B-B4",
        "Online-Y",
        "AISP-SJTU",
        "comet_bestmbr",
        "refA",
        "Online-W",
        "LanguageX",
        "HuaweiTSC",
        "Online-B",
        "bleu_bestmbr",
        "Online-A",
        "bleurt_bestmbr",
        "Online-G",
        "refB"
    ],
    "human_scores_file": "data/wmt22//zh-en/human-scores/zh-en.mqm.domain.score",
    "human_scores": {
        "Lan-Bridge": -3.677992277992277,
        "JDExploreAcademy": -3.783976833976833,
        "M2M100_1.2B-B4": -9.366602316602318,
        "Online-Y": -4.159652509652508,
        "AISP-SJTU": -5.029536679536675,
        "comet_bestmbr": -3.809845559845557,
        "refA": -1.4237451737451747,
        "Online-W": -5.760231660231653,
        "LanguageX": -4.295752895752894,
        "HuaweiTSC": -5.204054054054052,
        "Online-B": -3.9812741312741298,
        "bleu_bestmbr": -4.215830115830115,
        "Online-A": -5.389768339768335,
        "bleurt_bestmbr": -3.547876447876448,
        "Online-G": -3.7276061776061775,
        "refB": -1.6876447876447882
    },
    "metric_scores_file": "data/wmt22//zh-en/domains/ecommerce/nlp-telescope-scores/zh-en-ecommerce/zh-en.refB.txt-ecommerce/results.csv",
    "metric_scores": {
        "Lan-Bridge": 0.9211440729588616,
        "JDExploreAcademy": 0.9217826816105936,
        "M2M100_1.2B-B4": 0.9014601886962832,
        "Online-Y": 0.9181851267124236,
        "AISP-SJTU": 0.9183200694419242,
        "comet_bestmbr": 0.9204013255572226,
        "refA": 0.9581625179664508,
        "Online-W": 0.9111308280565564,
        "LanguageX": 0.9204590472475442,
        "HuaweiTSC": 0.918062051290711,
        "Online-B": 0.9220428302251236,
        "bleu_bestmbr": 0.9230661706344502,
        "Online-A": 0.9127814517748402,
        "bleurt_bestmbr": 0.9231128624737492,
        "Online-G": 0.9206969252424352,
        "refB": 0.9999999933261208
    }
}