{
    "system_accuracy": 0.7333333333333333,
    "spearman": 0.6029411764705882,
    "pearson": 0.6085589604962136,
    "kendall": 0.4666666666666666,
    "languages_pair": "zh-en",
    "domain": "ecommerce",
    "reference": "zh-en.refB.txt-ecommerce",
    "system_names": [
        "Lan-Bridge",
        "JDExploreAcademy",
        "M2M100_1.2B-B4",
        "Online-Y",
        "AISP-SJTU",
        "comet_bestmbr",
        "refA",
        "Online-W",
        "LanguageX",
        "HuaweiTSC",
        "Online-B",
        "bleu_bestmbr",
        "Online-A",
        "bleurt_bestmbr",
        "Online-G",
        "refB"
    ],
    "human_scores_file": "data/wmt22//zh-en/human-scores/zh-en.mqm.domain.score",
    "human_scores": {
        "Lan-Bridge": -3.677992277992277,
        "JDExploreAcademy": -3.783976833976833,
        "M2M100_1.2B-B4": -9.366602316602318,
        "Online-Y": -4.159652509652508,
        "AISP-SJTU": -5.029536679536675,
        "comet_bestmbr": -3.809845559845557,
        "refA": -1.4237451737451747,
        "Online-W": -5.760231660231653,
        "LanguageX": -4.295752895752894,
        "HuaweiTSC": -5.204054054054052,
        "Online-B": -3.9812741312741298,
        "bleu_bestmbr": -4.215830115830115,
        "Online-A": -5.389768339768335,
        "bleurt_bestmbr": -3.547876447876448,
        "Online-G": -3.7276061776061775,
        "refB": -1.6876447876447882
    },
    "metric_scores_file": "data/wmt22//zh-en/domains/ecommerce/nlp-telescope-scores/zh-en-ecommerce/zh-en.refB.txt-ecommerce/results.csv",
    "metric_scores": {
        "Lan-Bridge": 0.190710693837401,
        "JDExploreAcademy": 0.1981221401265842,
        "M2M100_1.2B-B4": 0.1214213136886682,
        "Online-Y": 0.1783353841842059,
        "AISP-SJTU": 0.1836831847966269,
        "comet_bestmbr": 0.1558309261172598,
        "refA": 0.5474626279791146,
        "Online-W": 0.1564587121645471,
        "LanguageX": 0.1968837805331336,
        "HuaweiTSC": 0.1824797734230185,
        "Online-B": 0.1945217447037559,
        "bleu_bestmbr": 0.20368561403129,
        "Online-A": 0.1638982543040376,
        "bleurt_bestmbr": 0.1802318341985921,
        "Online-G": 0.1872872176333403,
        "refB": 1.0000000000000004
    }
}