{
    "system_accuracy": 0.7583333333333333,
    "spearman": 0.6676470588235294,
    "pearson": 0.6514246835465802,
    "kendall": 0.5166666666666667,
    "languages_pair": "zh-en",
    "domain": "ecommerce",
    "reference": "zh-en.refB.txt-ecommerce",
    "system_names": [
        "Lan-Bridge",
        "JDExploreAcademy",
        "M2M100_1.2B-B4",
        "Online-Y",
        "AISP-SJTU",
        "comet_bestmbr",
        "refA",
        "Online-W",
        "LanguageX",
        "HuaweiTSC",
        "Online-B",
        "bleu_bestmbr",
        "Online-A",
        "bleurt_bestmbr",
        "Online-G",
        "refB"
    ],
    "human_scores_file": "data/wmt22//zh-en/human-scores/zh-en.mqm.domain.score",
    "human_scores": {
        "Lan-Bridge": -3.677992277992277,
        "JDExploreAcademy": -3.783976833976833,
        "M2M100_1.2B-B4": -9.366602316602318,
        "Online-Y": -4.159652509652508,
        "AISP-SJTU": -5.029536679536675,
        "comet_bestmbr": -3.809845559845557,
        "refA": -1.4237451737451747,
        "Online-W": -5.760231660231653,
        "LanguageX": -4.295752895752894,
        "HuaweiTSC": -5.204054054054052,
        "Online-B": -3.9812741312741298,
        "bleu_bestmbr": -4.215830115830115,
        "Online-A": -5.389768339768335,
        "bleurt_bestmbr": -3.547876447876448,
        "Online-G": -3.7276061776061775,
        "refB": -1.6876447876447882
    },
    "metric_scores_file": "data/wmt22//zh-en/domains/ecommerce/nlp-telescope-scores/zh-en-ecommerce/zh-en.refB.txt-ecommerce/results.csv",
    "metric_scores": {
        "Lan-Bridge": 0.502628996469168,
        "JDExploreAcademy": 0.5077765087480852,
        "M2M100_1.2B-B4": 0.4255784235919069,
        "Online-Y": 0.4887727461470533,
        "AISP-SJTU": 0.4995024842019269,
        "comet_bestmbr": 0.4588991455848893,
        "refA": 0.7262563378928859,
        "Online-W": 0.469489002578469,
        "LanguageX": 0.5108428226621003,
        "HuaweiTSC": 0.4927823620653032,
        "Online-B": 0.5036024009291231,
        "bleu_bestmbr": 0.5090341907364401,
        "Online-A": 0.4847341747258225,
        "bleurt_bestmbr": 0.504823512427747,
        "Online-G": 0.5084652276130329,
        "refB": 1.0
    }
}