{
    "system_accuracy": 0.9083333333333333,
    "spearman": 0.9205882352941176,
    "pearson": 0.6872027237756848,
    "kendall": 0.8166666666666667,
    "languages_pair": "zh-en",
    "domain": "ecommerce",
    "reference": "zh-en.refB.txt-ecommerce",
    "system_names": [
        "Lan-Bridge",
        "JDExploreAcademy",
        "M2M100_1.2B-B4",
        "Online-Y",
        "AISP-SJTU",
        "comet_bestmbr",
        "refA",
        "Online-W",
        "LanguageX",
        "HuaweiTSC",
        "Online-B",
        "bleu_bestmbr",
        "Online-A",
        "bleurt_bestmbr",
        "Online-G",
        "refB"
    ],
    "human_scores_file": "data/wmt22//zh-en/human-scores/zh-en.mqm.domain.score",
    "human_scores": {
        "Lan-Bridge": -3.677992277992277,
        "JDExploreAcademy": -3.783976833976833,
        "M2M100_1.2B-B4": -9.366602316602318,
        "Online-Y": -4.159652509652508,
        "AISP-SJTU": -5.029536679536675,
        "comet_bestmbr": -3.809845559845557,
        "refA": -1.4237451737451747,
        "Online-W": -5.760231660231653,
        "LanguageX": -4.295752895752894,
        "HuaweiTSC": -5.204054054054052,
        "Online-B": -3.9812741312741298,
        "bleu_bestmbr": -4.215830115830115,
        "Online-A": -5.389768339768335,
        "bleurt_bestmbr": -3.547876447876448,
        "Online-G": -3.7276061776061775,
        "refB": -1.6876447876447882
    },
    "metric_scores_file": "data/wmt22//zh-en/domains/ecommerce/nlp-telescope-scores/zh-en-ecommerce/zh-en.refB.txt-ecommerce/results.csv",
    "metric_scores": {
        "Lan-Bridge": 0.1788147079810485,
        "JDExploreAcademy": 0.1717775550627771,
        "M2M100_1.2B-B4": -0.0481975768201959,
        "Online-Y": 0.1434389828743851,
        "AISP-SJTU": 0.146414500488594,
        "comet_bestmbr": 0.1888504141247669,
        "refA": 0.6209286052471163,
        "Online-W": 0.0217741118181266,
        "LanguageX": 0.1673452923601155,
        "HuaweiTSC": 0.1313980738218859,
        "Online-B": 0.1672999127579198,
        "bleu_bestmbr": 0.1874195257728581,
        "Online-A": 0.0750835804946533,
        "bleurt_bestmbr": 0.2106741831923788,
        "Online-G": 0.1896353072889552,
        "refB": 1.325830801803633
    }
}