{
    "system_accuracy": 0.7416666666666667,
    "spearman": 0.6264705882352941,
    "pearson": 0.6617390876873026,
    "kendall": 0.48333333333333334,
    "languages_pair": "zh-en",
    "domain": "ecommerce",
    "reference": "zh-en.refB.txt-ecommerce",
    "system_names": [
        "Lan-Bridge",
        "JDExploreAcademy",
        "M2M100_1.2B-B4",
        "Online-Y",
        "AISP-SJTU",
        "comet_bestmbr",
        "refA",
        "Online-W",
        "LanguageX",
        "HuaweiTSC",
        "Online-B",
        "bleu_bestmbr",
        "Online-A",
        "bleurt_bestmbr",
        "Online-G",
        "refB"
    ],
    "human_scores_file": "data/wmt22//zh-en/human-scores/zh-en.mqm.domain.score",
    "human_scores": {
        "Lan-Bridge": -3.677992277992277,
        "JDExploreAcademy": -3.783976833976833,
        "M2M100_1.2B-B4": -9.366602316602318,
        "Online-Y": -4.159652509652508,
        "AISP-SJTU": -5.029536679536675,
        "comet_bestmbr": -3.809845559845557,
        "refA": -1.4237451737451747,
        "Online-W": -5.760231660231653,
        "LanguageX": -4.295752895752894,
        "HuaweiTSC": -5.204054054054052,
        "Online-B": -3.9812741312741298,
        "bleu_bestmbr": -4.215830115830115,
        "Online-A": -5.389768339768335,
        "bleurt_bestmbr": -3.547876447876448,
        "Online-G": -3.7276061776061775,
        "refB": -1.6876447876447882
    },
    "metric_scores_file": "data/wmt22//zh-en/domains/ecommerce/nlp-telescope-scores/zh-en-ecommerce/zh-en.refB.txt-ecommerce/results.csv",
    "metric_scores": {
        "Lan-Bridge": 0.5868271566468363,
        "JDExploreAcademy": 0.5948452092064846,
        "M2M100_1.2B-B4": 0.5186440401178379,
        "Online-Y": 0.5797745747851168,
        "AISP-SJTU": 0.5886983353906758,
        "comet_bestmbr": 0.5669589034432871,
        "refA": 0.7682067551637356,
        "Online-W": 0.5704527115584707,
        "LanguageX": 0.5960405701200813,
        "HuaweiTSC": 0.5848568530958766,
        "Online-B": 0.5937057716199173,
        "bleu_bestmbr": 0.6040456710552542,
        "Online-A": 0.5759340272291659,
        "bleurt_bestmbr": 0.5936600039888908,
        "Online-G": 0.5929908180668548,
        "refB": 1.0
    }
}