{
    "system_accuracy": 0.7666666666666667,
    "spearman": 0.7064019572463123,
    "pearson": 0.8424090570979942,
    "kendall": 0.54393781569122,
    "languages_pair": "zh-en",
    "domain": "ecommerce",
    "reference": "zh-en.refB.txt-ecommerce",
    "system_names": [
        "Lan-Bridge",
        "JDExploreAcademy",
        "M2M100_1.2B-B4",
        "Online-Y",
        "AISP-SJTU",
        "comet_bestmbr",
        "refA",
        "Online-W",
        "LanguageX",
        "HuaweiTSC",
        "Online-B",
        "bleu_bestmbr",
        "Online-A",
        "bleurt_bestmbr",
        "Online-G",
        "refB"
    ],
    "human_scores_file": "data/wmt22//zh-en/human-scores/zh-en.mqm.domain.score",
    "human_scores": {
        "Lan-Bridge": -3.677992277992277,
        "JDExploreAcademy": -3.783976833976833,
        "M2M100_1.2B-B4": -9.366602316602318,
        "Online-Y": -4.159652509652508,
        "AISP-SJTU": -5.029536679536675,
        "comet_bestmbr": -3.809845559845557,
        "refA": -1.4237451737451747,
        "Online-W": -5.760231660231653,
        "LanguageX": -4.295752895752894,
        "HuaweiTSC": -5.204054054054052,
        "Online-B": -3.9812741312741298,
        "bleu_bestmbr": -4.215830115830115,
        "Online-A": -5.389768339768335,
        "bleurt_bestmbr": -3.547876447876448,
        "Online-G": -3.7276061776061775,
        "refB": -1.6876447876447882
    },
    "metric_scores_file": "data/wmt22//zh-en/domains/ecommerce/nlp-telescope-scores/zh-en-ecommerce/zh-en.refB.txt-ecommerce/universal_metrics/social-choice-theory_ranks_systems.csv",
    "metric_scores": {
        "Lan-Bridge": -52.0,
        "JDExploreAcademy": -42.0,
        "M2M100_1.2B-B4": -120.0,
        "Online-Y": -81.0,
        "AISP-SJTU": -68.0,
        "comet_bestmbr": -90.0,
        "refA": -14.0,
        "Online-W": -106.0,
        "LanguageX": -45.0,
        "HuaweiTSC": -78.0,
        "Online-B": -51.0,
        "bleu_bestmbr": -31.0,
        "Online-A": -92.0,
        "bleurt_bestmbr": -53.0,
        "Online-G": -53.0,
        "refB": -7.0
    }
}