{
    "system_accuracy": 0.725,
    "spearman": 0.5794117647058823,
    "pearson": 0.6077872312910045,
    "kendall": 0.45,
    "languages_pair": "zh-en",
    "domain": "ecommerce",
    "reference": "zh-en.refB.txt-ecommerce",
    "system_names": [
        "Lan-Bridge",
        "JDExploreAcademy",
        "M2M100_1.2B-B4",
        "Online-Y",
        "AISP-SJTU",
        "comet_bestmbr",
        "refA",
        "Online-W",
        "LanguageX",
        "HuaweiTSC",
        "Online-B",
        "bleu_bestmbr",
        "Online-A",
        "bleurt_bestmbr",
        "Online-G",
        "refB"
    ],
    "human_scores_file": "data/wmt22//zh-en/human-scores/zh-en.mqm.domain.score",
    "human_scores": {
        "Lan-Bridge": -3.677992277992277,
        "JDExploreAcademy": -3.783976833976833,
        "M2M100_1.2B-B4": -9.366602316602318,
        "Online-Y": -4.159652509652508,
        "AISP-SJTU": -5.029536679536675,
        "comet_bestmbr": -3.809845559845557,
        "refA": -1.4237451737451747,
        "Online-W": -5.760231660231653,
        "LanguageX": -4.295752895752894,
        "HuaweiTSC": -5.204054054054052,
        "Online-B": -3.9812741312741298,
        "bleu_bestmbr": -4.215830115830115,
        "Online-A": -5.389768339768335,
        "bleurt_bestmbr": -3.547876447876448,
        "Online-G": -3.7276061776061775,
        "refB": -1.6876447876447882
    },
    "metric_scores_file": "data/wmt22//zh-en/domains/ecommerce/nlp-telescope-scores/zh-en-ecommerce/zh-en.refB.txt-ecommerce/results.csv",
    "metric_scores": {
        "Lan-Bridge": -0.7212796488562505,
        "JDExploreAcademy": -0.7238119355110999,
        "M2M100_1.2B-B4": -0.7964041529501139,
        "Online-Y": -0.7509918122731495,
        "AISP-SJTU": -0.7330125770237191,
        "comet_bestmbr": -0.7659323035367603,
        "refA": -0.4054190934413775,
        "Online-W": -0.7718409723980755,
        "LanguageX": -0.7271883177175656,
        "HuaweiTSC": -0.7468557440702287,
        "Online-B": -0.7377395121127711,
        "bleu_bestmbr": -0.7158774373259053,
        "Online-A": -0.7654258462057905,
        "bleurt_bestmbr": -0.7560563855828479,
        "Online-G": -0.7524267747108973,
        "refB": -0.0
    }
}