{
    "system_accuracy": 0.8916666666666667,
    "spearman": 0.9029411764705882,
    "pearson": 0.6606320551898699,
    "kendall": 0.7833333333333333,
    "languages_pair": "zh-en",
    "domain": "ecommerce",
    "reference": "zh-en.refB.txt-ecommerce",
    "system_names": [
        "Lan-Bridge",
        "JDExploreAcademy",
        "M2M100_1.2B-B4",
        "Online-Y",
        "AISP-SJTU",
        "comet_bestmbr",
        "refA",
        "Online-W",
        "LanguageX",
        "HuaweiTSC",
        "Online-B",
        "bleu_bestmbr",
        "Online-A",
        "bleurt_bestmbr",
        "Online-G",
        "refB"
    ],
    "human_scores_file": "data/wmt22//zh-en/human-scores/zh-en.mqm.domain.score",
    "human_scores": {
        "Lan-Bridge": -3.677992277992277,
        "JDExploreAcademy": -3.783976833976833,
        "M2M100_1.2B-B4": -9.366602316602318,
        "Online-Y": -4.159652509652508,
        "AISP-SJTU": -5.029536679536675,
        "comet_bestmbr": -3.809845559845557,
        "refA": -1.4237451737451747,
        "Online-W": -5.760231660231653,
        "LanguageX": -4.295752895752894,
        "HuaweiTSC": -5.204054054054052,
        "Online-B": -3.9812741312741298,
        "bleu_bestmbr": -4.215830115830115,
        "Online-A": -5.389768339768335,
        "bleurt_bestmbr": -3.547876447876448,
        "Online-G": -3.7276061776061775,
        "refB": -1.6876447876447882
    },
    "metric_scores_file": "data/wmt22//zh-en/domains/ecommerce/nlp-telescope-scores/zh-en-ecommerce/zh-en.refB.txt-ecommerce/universal_metrics/weighted_mean/weighted-mean-seed-24_-1_1_ranks_systems.csv",
    "metric_scores": {
        "Lan-Bridge": 0.1451160333779693,
        "JDExploreAcademy": 0.1444199231439012,
        "M2M100_1.2B-B4": 0.1275457397420413,
        "Online-Y": 0.1450129664910346,
        "AISP-SJTU": 0.1424482840399365,
        "comet_bestmbr": 0.1554538818957606,
        "refA": 0.1577650146865354,
        "Online-W": 0.1329553809989091,
        "LanguageX": 0.1438761200575005,
        "HuaweiTSC": 0.1426984012117315,
        "Online-B": 0.1460201794364439,
        "bleu_bestmbr": 0.1459990743874567,
        "Online-A": 0.1379391862507754,
        "bleurt_bestmbr": 0.1539862195218445,
        "Online-G": 0.1503459238106982,
        "refB": 0.2258855289196813
    }
}