{
    "system_accuracy": 0.9166666666666666,
    "spearman": 0.9176470588235294,
    "pearson": 0.6035692406009392,
    "kendall": 0.8333333333333333,
    "languages_pair": "zh-en",
    "domain": "ecommerce",
    "reference": "zh-en.refB.txt-ecommerce",
    "system_names": [
        "Lan-Bridge",
        "JDExploreAcademy",
        "M2M100_1.2B-B4",
        "Online-Y",
        "AISP-SJTU",
        "comet_bestmbr",
        "refA",
        "Online-W",
        "LanguageX",
        "HuaweiTSC",
        "Online-B",
        "bleu_bestmbr",
        "Online-A",
        "bleurt_bestmbr",
        "Online-G",
        "refB"
    ],
    "human_scores_file": "data/wmt22//zh-en/human-scores/zh-en.mqm.domain.score",
    "human_scores": {
        "Lan-Bridge": -3.677992277992277,
        "JDExploreAcademy": -3.783976833976833,
        "M2M100_1.2B-B4": -9.366602316602318,
        "Online-Y": -4.159652509652508,
        "AISP-SJTU": -5.029536679536675,
        "comet_bestmbr": -3.809845559845557,
        "refA": -1.4237451737451747,
        "Online-W": -5.760231660231653,
        "LanguageX": -4.295752895752894,
        "HuaweiTSC": -5.204054054054052,
        "Online-B": -3.9812741312741298,
        "bleu_bestmbr": -4.215830115830115,
        "Online-A": -5.389768339768335,
        "bleurt_bestmbr": -3.547876447876448,
        "Online-G": -3.7276061776061775,
        "refB": -1.6876447876447882
    },
    "metric_scores_file": "data/wmt22//zh-en/domains/ecommerce/nlp-telescope-scores/zh-en-ecommerce/zh-en.refB.txt-ecommerce/universal_metrics/weighted_mean/weighted-mean-seed-36_0_1_TER_ranks_systems.csv",
    "metric_scores": {
        "Lan-Bridge": 0.1891124978235564,
        "JDExploreAcademy": 0.188553537374261,
        "M2M100_1.2B-B4": 0.1505426534903695,
        "Online-Y": 0.1828495313055853,
        "AISP-SJTU": 0.1836241252399722,
        "comet_bestmbr": 0.1880208900745743,
        "refA": 0.2872215039885722,
        "Online-W": 0.1651914603213115,
        "LanguageX": 0.1875757770409457,
        "HuaweiTSC": 0.1813274174890626,
        "Online-B": 0.1878551091861632,
        "bleu_bestmbr": 0.1913898299470169,
        "Online-A": 0.1729281557986729,
        "bleurt_bestmbr": 0.1932733333846486,
        "Online-G": 0.1907664489015761,
        "refB": 0.5261599905131332
    }
}