{
    "system_accuracy": 0.875,
    "spearman": 0.8823529411764707,
    "pearson": 0.7671064241572643,
    "kendall": 0.75,
    "languages_pair": "zh-en",
    "domain": "ecommerce",
    "reference": "zh-en.refB.txt-ecommerce",
    "system_names": [
        "Lan-Bridge",
        "JDExploreAcademy",
        "M2M100_1.2B-B4",
        "Online-Y",
        "AISP-SJTU",
        "comet_bestmbr",
        "refA",
        "Online-W",
        "LanguageX",
        "HuaweiTSC",
        "Online-B",
        "bleu_bestmbr",
        "Online-A",
        "bleurt_bestmbr",
        "Online-G",
        "refB"
    ],
    "human_scores_file": "data/wmt22//zh-en/human-scores/zh-en.mqm.domain.score",
    "human_scores": {
        "Lan-Bridge": -3.677992277992277,
        "JDExploreAcademy": -3.783976833976833,
        "M2M100_1.2B-B4": -9.366602316602318,
        "Online-Y": -4.159652509652508,
        "AISP-SJTU": -5.029536679536675,
        "comet_bestmbr": -3.809845559845557,
        "refA": -1.4237451737451747,
        "Online-W": -5.760231660231653,
        "LanguageX": -4.295752895752894,
        "HuaweiTSC": -5.204054054054052,
        "Online-B": -3.9812741312741298,
        "bleu_bestmbr": -4.215830115830115,
        "Online-A": -5.389768339768335,
        "bleurt_bestmbr": -3.547876447876448,
        "Online-G": -3.7276061776061775,
        "refB": -1.6876447876447882
    },
    "metric_scores_file": "data/wmt22//zh-en/domains/ecommerce/nlp-telescope-scores/zh-en-ecommerce/zh-en.refB.txt-ecommerce/universal_metrics/weighted_mean/weighted-mean-seed-36_-1_1_ranks_systems.csv",
    "metric_scores": {
        "Lan-Bridge": -0.0324780528966123,
        "JDExploreAcademy": -0.0327619247593457,
        "M2M100_1.2B-B4": -0.0450413214142535,
        "Online-Y": -0.0318298765078334,
        "AISP-SJTU": -0.0342747877376505,
        "comet_bestmbr": -0.0232009820631274,
        "refA": -0.0219457350184949,
        "Online-W": -0.0417627965129085,
        "LanguageX": -0.0331004142008386,
        "HuaweiTSC": -0.0336596891963646,
        "Online-B": -0.0313280778171022,
        "bleu_bestmbr": -0.0313232313725075,
        "Online-A": -0.0378855483705734,
        "bleurt_bestmbr": -0.0253077405635142,
        "Online-G": -0.027969910040599,
        "refB": 0.0051131929661007
    }
}