{
    "system_accuracy": 0.8416666666666667,
    "spearman": 0.8117647058823528,
    "pearson": 0.6311119241004243,
    "kendall": 0.6833333333333333,
    "languages_pair": "zh-en",
    "domain": "ecommerce",
    "reference": "zh-en.refB.txt-ecommerce",
    "system_names": [
        "Lan-Bridge",
        "JDExploreAcademy",
        "M2M100_1.2B-B4",
        "Online-Y",
        "AISP-SJTU",
        "comet_bestmbr",
        "refA",
        "Online-W",
        "LanguageX",
        "HuaweiTSC",
        "Online-B",
        "bleu_bestmbr",
        "Online-A",
        "bleurt_bestmbr",
        "Online-G",
        "refB"
    ],
    "human_scores_file": "data/wmt22//zh-en/human-scores/zh-en.mqm.domain.score",
    "human_scores": {
        "Lan-Bridge": -3.677992277992277,
        "JDExploreAcademy": -3.783976833976833,
        "M2M100_1.2B-B4": -9.366602316602318,
        "Online-Y": -4.159652509652508,
        "AISP-SJTU": -5.029536679536675,
        "comet_bestmbr": -3.809845559845557,
        "refA": -1.4237451737451747,
        "Online-W": -5.760231660231653,
        "LanguageX": -4.295752895752894,
        "HuaweiTSC": -5.204054054054052,
        "Online-B": -3.9812741312741298,
        "bleu_bestmbr": -4.215830115830115,
        "Online-A": -5.389768339768335,
        "bleurt_bestmbr": -3.547876447876448,
        "Online-G": -3.7276061776061775,
        "refB": -1.6876447876447882
    },
    "metric_scores_file": "data/wmt22//zh-en/domains/ecommerce/nlp-telescope-scores/zh-en-ecommerce/zh-en.refB.txt-ecommerce/universal_metrics/weighted_mean/weighted-mean-seed-12_0_1_TER_ranks_systems.csv",
    "metric_scores": {
        "Lan-Bridge": 0.1961249856689241,
        "JDExploreAcademy": 0.1967017458835046,
        "M2M100_1.2B-B4": 0.1312966097112628,
        "Online-Y": 0.1839642312401477,
        "AISP-SJTU": 0.189074137824128,
        "comet_bestmbr": 0.1827154429709015,
        "refA": 0.3734704425044614,
        "Online-W": 0.1593454530788043,
        "LanguageX": 0.1959362377163719,
        "HuaweiTSC": 0.1838681317319838,
        "Online-B": 0.1937249027546808,
        "bleu_bestmbr": 0.2015436944850825,
        "Online-A": 0.1708231885706803,
        "bleurt_bestmbr": 0.1976713149008298,
        "Online-G": 0.1957008782012209,
        "refB": 0.6790902301152816
    }
}