{
    "system_accuracy": 0.8916666666666667,
    "spearman": 0.8941176470588235,
    "pearson": 0.6240585684836446,
    "kendall": 0.7833333333333333,
    "languages_pair": "zh-en",
    "domain": "ecommerce",
    "reference": "zh-en.refB.txt-ecommerce",
    "system_names": [
        "Lan-Bridge",
        "JDExploreAcademy",
        "M2M100_1.2B-B4",
        "Online-Y",
        "AISP-SJTU",
        "comet_bestmbr",
        "refA",
        "Online-W",
        "LanguageX",
        "HuaweiTSC",
        "Online-B",
        "bleu_bestmbr",
        "Online-A",
        "bleurt_bestmbr",
        "Online-G",
        "refB"
    ],
    "human_scores_file": "data/wmt22//zh-en/human-scores/zh-en.mqm.domain.score",
    "human_scores": {
        "Lan-Bridge": -3.677992277992277,
        "JDExploreAcademy": -3.783976833976833,
        "M2M100_1.2B-B4": -9.366602316602318,
        "Online-Y": -4.159652509652508,
        "AISP-SJTU": -5.029536679536675,
        "comet_bestmbr": -3.809845559845557,
        "refA": -1.4237451737451747,
        "Online-W": -5.760231660231653,
        "LanguageX": -4.295752895752894,
        "HuaweiTSC": -5.204054054054052,
        "Online-B": -3.9812741312741298,
        "bleu_bestmbr": -4.215830115830115,
        "Online-A": -5.389768339768335,
        "bleurt_bestmbr": -3.547876447876448,
        "Online-G": -3.7276061776061775,
        "refB": -1.6876447876447882
    },
    "metric_scores_file": "data/wmt22//zh-en/domains/ecommerce/nlp-telescope-scores/zh-en-ecommerce/zh-en.refB.txt-ecommerce/universal_metrics/weighted_mean/weighted-mean-seed-24_0_1_TER_ranks_systems.csv",
    "metric_scores": {
        "Lan-Bridge": 0.2100614748493202,
        "JDExploreAcademy": 0.209975620159819,
        "M2M100_1.2B-B4": 0.1625752032768648,
        "Online-Y": 0.2023085033514018,
        "AISP-SJTU": 0.2042199623122106,
        "comet_bestmbr": 0.2049075796171326,
        "refA": 0.3288806728958395,
        "Online-W": 0.1817309763597237,
        "LanguageX": 0.2093581433110635,
        "HuaweiTSC": 0.2011275256233657,
        "Online-B": 0.2088105677132469,
        "bleu_bestmbr": 0.2130356166160136,
        "Online-A": 0.1914286232397593,
        "bleurt_bestmbr": 0.2147810900207058,
        "Online-G": 0.2123868227349479,
        "refB": 0.5721118541950896
    }
}