{
    "system_accuracy": 0.8833333333333333,
    "spearman": 0.8970588235294116,
    "pearson": 0.8909295013916702,
    "kendall": 0.7666666666666667,
    "languages_pair": "zh-en",
    "domain": "ecommerce",
    "reference": "zh-en.refB.txt-ecommerce",
    "system_names": [
        "Lan-Bridge",
        "JDExploreAcademy",
        "M2M100_1.2B-B4",
        "Online-Y",
        "AISP-SJTU",
        "comet_bestmbr",
        "refA",
        "Online-W",
        "LanguageX",
        "HuaweiTSC",
        "Online-B",
        "bleu_bestmbr",
        "Online-A",
        "bleurt_bestmbr",
        "Online-G",
        "refB"
    ],
    "human_scores_file": "data/wmt22//zh-en/human-scores/zh-en.mqm.domain.score",
    "human_scores": {
        "Lan-Bridge": -3.677992277992277,
        "JDExploreAcademy": -3.783976833976833,
        "M2M100_1.2B-B4": -9.366602316602318,
        "Online-Y": -4.159652509652508,
        "AISP-SJTU": -5.029536679536675,
        "comet_bestmbr": -3.809845559845557,
        "refA": -1.4237451737451747,
        "Online-W": -5.760231660231653,
        "LanguageX": -4.295752895752894,
        "HuaweiTSC": -5.204054054054052,
        "Online-B": -3.9812741312741298,
        "bleu_bestmbr": -4.215830115830115,
        "Online-A": -5.389768339768335,
        "bleurt_bestmbr": -3.547876447876448,
        "Online-G": -3.7276061776061775,
        "refB": -1.6876447876447882
    },
    "metric_scores_file": "data/wmt22//zh-en/domains/ecommerce/nlp-telescope-scores/zh-en-ecommerce/zh-en.refB.txt-ecommerce/universal_metrics/weighted_mean/weighted-mean-seed-12_-1_1_ranks_systems.csv",
    "metric_scores": {
        "Lan-Bridge": 0.2354241125977816,
        "JDExploreAcademy": 0.2349328024450001,
        "M2M100_1.2B-B4": 0.2150301656727604,
        "Online-Y": 0.2351306858842389,
        "AISP-SJTU": 0.2326605261269883,
        "comet_bestmbr": 0.2458385145862701,
        "refA": 0.2460081622782738,
        "Online-W": 0.2213807621583526,
        "LanguageX": 0.2343800240472925,
        "HuaweiTSC": 0.2328718853248604,
        "Online-B": 0.2365481552379968,
        "bleu_bestmbr": 0.2366522265278708,
        "Online-A": 0.2268980871537975,
        "bleurt_bestmbr": 0.2449097754268214,
        "Online-G": 0.2407278024382197,
        "refB": 0.2597027556060885
    }
}